印泥,印泥,印章
儲物罐,禮卡,螢光筆,筆芯,麻糬,貼紙,背心袋
鋼珠筆,筆袋,螢光筆
隔熱墊,貼紙,自動鉛筆
鋼珠筆,手提袋,筆記本
遮陽帽,白板筆,螢光筆
白板筆,信套,沐浴球,擦手巾
束口袋,筆芯,圓珠筆,修正帶,泡麵,面紙
泡麵,筆芯,修正帶,筆記,自動鉛筆
標籤,橡皮擦,眉筆,奇異筆,鬧鐘
修正帶,鍵盤,紙膠帶,背心袋
刮刀,筆芯,彩色筆,標籤,墨水匣,內搭褲,棒棒糖,背心袋
美工刀,筆袋,線圈本
拼圖,黏土,杯架,背心袋
泡麵,行李箱,禮卡
圓珠筆,筆記本,螢光筆
別針,手帳,貼紙
筆袋,計算紙,筆記本
直尺,筆芯,筆袋,彩色筆,螢光筆
原子筆,圓珠筆,娃娃
膠帶,雙面膠帶,置物袋,標示牌,曬衣架,剪刀,鍵盤
生日卡,膠帶,計算紙,沐浴球,螢光筆
修正帶,軟墊,織帶
便條貼,鬧鐘,沐浴球,紙袋,果汁筆,眼鏡架
文件套,文件夾,白板筆,彩色筆
感謝卡
名片卡,修正帶,美工刀,化妝包,刷毛
修正帶,筆芯,桌遊,美工刀,自動鉛筆
筆芯,自動鉛筆
筆芯,筆記,螢光筆
標籤,原子筆,削筆機
奇異筆,文件夾,隔熱墊,包裝紙
鋼珠筆,紙膠帶,筆袋
筆芯,鋼珠筆,自動鉛筆
電池,美工刀,筆記,便條紙
筆盒,螢光筆,泡棉,彩色筆,短襪,捲線器,標籤,保利龍,吊飾,貼紙
印章,隨身杯,削筆機
筆削,黏土,線圈本,奇異筆,原子筆,公文袋,自動鉛筆,曬衣架,貼紙,背心袋
便條,面紙,便利貼
修正帶,筆芯,遮陽帽,筆管
棉花,飾品,美工刀,雙面膠帶,鈴鐺
原子筆,果汁筆,美工刀
鋼珠筆,自動鉛筆,玩具
信套,紙膠帶
衣夾,特厚紙
筆記本,筆記
遮陽帽,便條紙,果汁筆,自動鉛筆
筆袋,眉筆,螢光筆
鋼珠筆,便條貼
標籤,隔熱墊,自動鉛筆,背心袋
吊飾,便條紙,螢光筆
洗衣網,筆芯,筆記本
包裝紙,線圈本,眼彩筆
便利貼,橡皮擦,螢光筆,擦手巾,筆記本,便條紙,立體卡,貼紙,紙膠帶
原子筆,橡皮擦,彩色筆,奇異筆
收納包,橡皮擦,口紅膠,魔擦筆,便條紙,標籤,月曆,信套
吊飾,畫板,背心袋
隨意貼,背心袋,感謝卡,包裝紙,眼彩筆
鉛筆,螢光筆
支架,軟墊
撲克牌,泡棉,沐浴球,背心袋
削筆器,筆記,魔擦筆
筆記,果汁筆,眼鏡架,溜溜筆
充電線,筆袋,支架,自動鉛筆
真順筆,禮卡,畫冊,隨意貼,禮物卡,背心袋
色卡,洞洞尺,便條紙,筆袋
鉛筆,車充,沐浴球,口紅膠,信套
瓦楞板,證件套,螢光筆
髮夾,自動鉛筆,螢光筆
感謝卡,便利貼,禮卡
筆芯,名片簿
書衣,彩虹筆,沐浴球,橡皮擦,作業簿
修正帶,筆芯,棒棒糖,蠟燭,鞋墊
生日卡,筆盒,麻糬,面紙,圓珠筆
筆芯
文件套,夾子,飾品,帆布
原子筆,膠帶,彩色筆
修正帶,娃娃,螢光筆
削筆機,隨身杯,印章
玻璃紙,筆芯,修正帶
奇異筆,名片盒,自動鉛筆,色紙
書衣,耳扒,帆布
標籤,月曆,襪套,簽名卡
螢光筆,信套
名片卡,雙面膠帶,簽名卡
標籤,筆芯,信套,相框,手機殼
書衣,筆筒,橡皮擦,削筆機,魔擦筆
娃娃,側背包,筆記
奇異筆,筆記
生日卡,感謝卡
膠台,紙膠帶
印泥,名片簿,線圈本
文件夾,別針,背心袋
計劃本本,橡皮擦,信套
生日卡,玻璃紙,貼紙,鬧鐘
耳扒,魔擦筆,螢光筆
橡皮擦,自動鉛筆,筆袋,筆記
圓珠筆,紙膠帶,貼紙,擦手巾,雙面膠帶
奇異筆,文件夾,沐浴球
奇異筆,針筆,顏料
保護膜,明信片,貼紙,筆袋,背心袋
計劃本本,圓珠筆,耳機,貼紙
文件夾,卡紙,螢光筆,筆芯,鉛筆,泡麵,奇異筆,墨水匣,色紙,自動鉛筆,白板筆,資料本,背心袋
麻糬,襪套,稿紙
隨意貼,隔熱墊,白板筆
名片卡,修正帶,印章,色紙
筆芯,文件袋,貼紙
吊飾,貼卡,原子筆,削筆機
鉛筆,筆記,筆筒
魔擦筆,面紙,便條貼
膠帶,卡紙,筆管
色紙,收納包,訂書針
鋼珠筆,定頁筆記本,紙膠帶
筆袋,泡棉,貼紙,便條紙,信套
橡皮擦,口紅膠,圓珠筆,沐浴球,修正帶,信套
洗衣網,橡皮擦,螢光筆
圓珠筆,真順筆,螢光筆
圓珠筆,筆袋,眼彩筆
修正帶,便條,筆袋
修正帶,沐浴球,化妝包
口紅膠,沐浴球,資料本
氣球,名片盒,信套,果汁筆,眼鏡架,背心袋
原子筆,書衣,保護膜,橡皮擦,螢光筆
訂書針,蠟筆,便條紙
檔案夾,壁貼,泡棉
圓珠筆,修正液,束口袋
筆記本,束口袋,沐浴球,信套
鉛筆,螢光筆
筆芯,筆管
生日卡,便條,便條紙
電池,儲物罐,螢光筆,彩色筆,修正帶,墨水匣,乳膠,行事曆,資料夾,果汁筆
卡片,證件套,橡皮擦
口紅膠,夾鏈袋,貼紙
玻璃紙,眉筆,資料本
泡麵,鋼珠筆,筆芯,螢光筆,自動鉛筆
計劃本本,零食,行事曆,橡皮擦
原子筆,資料本,螢光筆,稿紙
娃娃,面紙,鋼珠筆,沐浴球
鋼珠筆,眼鏡盒,小木夾
洗衣網,筆芯,修正帶,原子筆
圓珠筆,相片,便條紙,信套
支架,貼紙
硬幣,彩色筆,稿紙,自動鉛筆,背心袋
圓珠筆,定頁筆記本,便條紙,螢光筆
口紅膠,感謝卡
圓珠筆,螢光筆
修正帶,便條紙,卡片,信套
橡皮擦,螢光筆,信套
筆盒,雪平鍋,瓦楞紙
線圈本,再生紙,信套
修正帶,定頁筆記本,棉花
圓珠筆,筆芯,信套
背膠,粉撲,餐具組,隔熱墊
奇異筆,拼圖,禮物袋,感謝卡,便條貼
計劃本本,夾子,紙膠帶
奇異筆,印泥,便利貼,色卡
鋼珠筆,削筆器
標籤,圓珠筆,線圈本
便條紙,白膠,保利龍
面紙,吐司,眼彩筆
標籤,信套,沐浴球,簽名卡
文件夾,置物盒,鋁尺,定頁筆記本,布膠帶,筆記本,筆記,原子筆,包裝紙
原子筆,果汁筆,眼鏡架
泡麵,筆芯
行事曆,削筆器,貼紙,螢光筆
筆芯,棒棒糖,筆記,筆管,小木夾
標籤,桌曆
印章,貼紙
公文袋,紙膠帶,插頭
票卡夾,筆記,線圈本,自動鉛筆,信套,行事曆,檯燈,再生紙
背心袋,瓦楞板,貼紙,特厚紙
延長線,削筆器,泡棉,筆記,沐浴球,玩偶,標籤,原子筆,傳輸線,貼紙,帆布
筆芯,儲物罐,線圈本
洗衣網,定頁筆記本,筆袋
口紅膠,訂書針,信套
剪刀,螢光筆
吊飾,隨意貼,貼紙
標籤,名片卡,充電線,便條紙
沐浴球,口紅膠,信套,便利貼,線圈本
螢光筆,印泥,筆記本,吊飾,貼紙,膠水
計劃本本,印章,線圈本
禮物袋,貼紙,圍巾
原子筆,白板筆,拉鏈袋,名片簿
儲物罐,螢光筆,魔擦筆,紙膠帶
筆芯,鋼珠筆,充電線,月曆,車充,背心袋
鶴紙,抱枕
筆芯,定頁筆記本,信封,筆記,信套
票夾,便條紙,背心袋
奇異筆,修正帶,名片盒,特厚紙
生日卡,包裝紙,禮卡
修正帶,鎖圈,螢光筆
活頁紙,檯燈,內搭褲,名片簿
原子筆,真順筆,沐浴球
洞洞尺,抱枕
記憶卡,筆芯,筆記,貼紙,名片盒
積木,乳膠,筆盒,耳機
背膠,粉撲,餐具組,隔熱墊
膠套,橡皮擦,修正帶,自動鉛筆
筆芯,髮帶
牛皮紙,信套,提袋
原子筆,計劃本本
祝福卡,感謝卡,紙膠帶
果汁筆,沐浴球
口紅膠,鋁尺,彩色筆,圓規
便條貼,筆芯,書衣,線圈本,修正帶,內搭褲,小木夾
修正帶,書衣,紙膠帶,貼紙,自動鉛筆
名片卡,彩色筆,白膠
帽子,名片盒,泡棉,奶瓶,短襪,滑鼠墊,白板筆,果汁筆
削筆器,螢光筆,橡皮擦,線圈本,鋼珠筆,果汁筆
原子筆,筆芯,果汁筆
橡皮擦,禮物袋,束口袋,髮帶,線圈本
原子筆,資料夾,鋼珠筆
書衣,襪套,相本
標籤,膠帶,修正帶
原子筆,空瓶,信套
筆盒,圓珠筆,蠟筆,彩虹筆
膠帶,特厚紙
真順筆,彩色筆,手帳,書衣
鋼珠筆,蠟燭
背心袋,筆記,彩虹筆
充電器,便利貼,螢光筆,禮卡,筆記,便條紙,果汁筆
行事曆,筆芯,襪套,筆記
修正帶,吊袋
橡皮擦,定頁筆記本,筆記本,便條紙,信套
定頁筆記本,橡皮擦,信套
口紅膠,貼紙,自動鉛筆
束口袋,魔擦筆,原子筆,鋼珠筆,自動鉛筆,麥克筆,白板筆
白板筆,名片簿
水彩,筆記本,便條紙,鬧鐘
吊飾,鋼珠筆
原子筆,定頁筆記本,筆記,蓮蓬頭,橡皮擦
面紙,信套,禮卡
紙膠帶,信套
修正帶,筆記,便條紙
修正帶,孔夾,原子筆
筆芯,識別證,烤盤,鉛筆,筆記本,筆袋,隔熱墊,修正帶,洗衣網,書衣,毛襪,自動鉛筆
真順筆,螢光筆,扣夾,筆芯,沐浴球,魔擦筆,洗衣網,原子筆,充電線,修正液,信套,耳扒,眼彩筆
玻璃紙,鐵絲,果汁筆,螢光筆,捲線器
筆記,禮卡,螢光筆
生日卡,貼紙
膠帶,筆袋
生日卡,隨身鏡,禮卡
削筆機,手冊,背心袋
原子筆,筆記,沐浴球,自動鉛筆
鋼珠筆,螢光筆
牛皮紙,禮物袋,卡片
內搭褲,襪套,便條紙
水彩,自動鉛筆,鬧鐘
真順筆,感謝卡,沐浴球,提袋
原子筆,資料簿,手錶,感謝卡,香蕉夾
面紙,果汁筆,魔擦筆
果汁筆,螢光筆
吊飾,背心袋,餐具,儲物罐,提袋
圓珠筆,修正液,織帶,信套
零食,果汁筆,信套
鋁尺,蠟燭,蠟筆
便條,相片,書籤
真順筆,麻糬,棒棒糖,筆芯
文件夾,螢光筆,彩色筆,雙面膠帶,奇異筆,修正帶,積木
修正帶,鋼珠筆,筆芯,螢光筆,線圈本
玻璃紙,標語,浴帽,名片盒,便條紙,禮物盒,貼紙
玻璃紙,信套,牛奶糖,貼紙
玻璃紙,隔熱墊,紙膠帶,禮卡,卡片
零錢包,隔熱墊,禮卡,簽名卡,背心袋
鑰匙扣,蓮蓬頭,飾品
毛線,咖啡,背心袋
鋼珠筆,便條,自動鉛筆
標籤,魔擦筆,信套
螢光筆
置物袋,便條紙,螢光筆
活頁紙,筆記,名片簿,信套
筆記,手錶,隨意貼,感謝卡,書籤,信套,貼紙
玻璃紙,直尺,簽名板,螢光筆,泡麵,月曆,面紙,檯燈,背心袋
原子筆,束口袋,螢光筆
筆芯,收納包,筆記
原子筆,果汁筆,標籤,筆記
行事曆,修正帶,收納包,筆袋
剪刀,自動鉛筆,筆袋
標籤,圓珠筆,筆記,自動鉛筆,背心袋
彩色筆,原子筆,印章,膠水,削筆機,背心袋
名片卡,桌遊,膠水
零食,筆芯,便條,果汁筆,便條貼
鋼珠筆,內搭褲,紙膠帶,資料本
刀片,筆芯
簽字筆,充電線,魔擦筆
果汁筆,螢光筆
原子筆,支架,票卡夾
書衣,名片盒,筆袋
檯燈,筆記,貼紙
祝福卡,襪套,橡皮擦,卡片,筆袋,鋼珠筆,月曆,貼紙
口罩,禮物袋,麻糬,棒棒糖,票卡夾
螢幕,泡麵,墨水匣,修正液,白板筆,背心袋
孔夾,定頁筆記本,筆記
奇異筆,筆袋,螢光筆
修正帶,筆袋
稿紙,面紙,美工刀,白板筆,膠帶,支架,背心袋
名片,娃娃,信套
拼圖,面紙,蠟燭,背心袋
餐具,儲物罐,沐浴球
修正帶,削筆器,白膠
書衣,橡皮擦,筆芯,魔擦筆,螢光筆
生日卡,紙袋,螢光筆,提袋
鋼珠筆,貼紙,橡皮擦
餐具,襪套,信套
玻璃紙,卡紙,筆記
原子筆,鋼珠筆,螢光筆,書衣
延長線,電池,螢光筆,圓規,筆削,筆芯,洞洞尺,茶,活頁紙,麻繩,文件袋
原子筆,腊筆,沐浴球,彩虹筆
筆芯,支架,鋼珠筆,螢光筆,筆記
原子筆,背膠,墨水匣,泡麵,粉撲
襪套,便條貼,橡皮擦,螢光筆,牛皮紙,沐浴球,筆袋,信套,果汁筆,背心袋
螢光筆,筆芯,筆記本,原子筆,鋼珠筆,感謝卡,畫本,蠟筆
鋼珠筆,襪套
修正帶,筆芯,資料簿,螢光筆
泡麵,鋼珠筆,眉筆
計劃本本,彩色筆,筆記
筆芯,鐵盒,背心袋
標籤,書衣,便條紙,信套
鋼珠筆,襪套,螢光筆
墨水匣,白板筆
筆袋,自動鉛筆
隨意貼,再生紙,定頁筆記本,橡皮擦
信套,沐浴球,線圈本
鋼珠筆,彩色筆,扇子,標語,杯架
圓珠筆,筆芯,魔擦筆
筆芯,票卡夾
修正帶,行事曆,信套
名片盒,眉筆,自動鉛筆
棒棒糖
遮陽帽,果汁筆
奇異筆,果汁筆,筆記
原子筆,螢光筆
書衣,貼紙,自動鉛筆
口紅膠,便條,筆記,沐浴球,自動鉛筆,蠟筆,行事曆,果汁筆,背心袋
空瓶,白板筆,禮物盒,彩色筆,計算機
拉鏈袋,膠帶,筆記本,果汁筆,美工刀
果汁筆,螢光筆
螢光筆,名片卡,鐵盒,便條紙,白板筆,棒棒糖,星紙,膠水
筆芯,自動鉛筆,筆袋
原子筆,筆記本,橡皮擦
玻璃紙,鑰匙扣,夾子,紙膠帶
奇異筆,自動鉛筆,名片盒
娃娃,行李箱,吊飾,名片,煙斗,便條紙,標示牌,鋁線,鞋子,相本,信套,行事曆,明信片,信套
彩色鉛筆,原子筆,眼彩筆
筆芯,便條,果汁筆
面紙,棒棒糖,背心袋
筆芯,橡皮擦,螢光筆
書衣,果汁筆
鉛筆,圓珠筆,筆記
禮卡,橡皮擦,便利貼,貼紙,鋼珠筆,面紙,書籤,紙膠帶,零錢包
魔擦筆,再生紙
彩色筆,魔擦筆
修正帶,鋼珠筆,電池
感謝卡,溜溜筆
原子筆,筆袋,名片盒
原子筆,資料袋,雙面膠帶,信套
書衣,吊牌,相框
圓珠筆,隔熱墊,信套,螢光筆,背心袋
書衣,剪刀,白膠,背心袋
口紅膠,隔熱墊,卡片
圓珠筆,自動鉛筆,筆袋
圓規,書衣,魔擦筆,筆袋,自動鉛筆,背心袋
膠帶,擦手巾
名片盒,鐵盒,筆筒
書盒,蠟筆,沐浴球,橡皮擦
束口袋,魔擦筆,筆記
洗衣網,書盒,麥克筆
口紅膠,貼紙,馬克杯,手機殼
隔熱墊,提袋,標籤,禮物袋,紙袋,手提袋
眉筆,蠟筆,作業簿
貼紙
迴紋針,螢光筆,畫筆,鋼珠筆,信套,小木夾
修正帶,電池,眼彩筆
稿紙,魔擦筆,鋼珠筆,充電線,自動鉛筆,果汁筆
修正帶,襪套,輕便袋
修正帶,書衣,鑰匙扣,魔擦筆
生日卡,電池,夾鏈袋
便條,筆袋,眉筆,自動鉛筆
書衣,螢光筆
鋼珠筆
計劃本本,面紙,筆記,織帶
鋼珠筆,螢光筆,線圈本
圍裙,布偶,泡棉,煙斗,餐具,公文袋,禮物卡
白板筆,自動鉛筆
孔夾,隨身杯,奇異筆,線圈本
筆芯,面紙,貼紙
信套,橡皮擦,線圈本
電池,便利貼,識別證,筆芯,隔熱墊,泡麵,信套,訂書針,曬衣架,白膠,背心袋
鋼珠筆,白板筆,眉筆,沐浴球
花生,果汁筆
果汁筆,沐浴球,便條紙
票卡夾,面紙,螢光筆,眼彩筆
電池,遙控車,情人卡
傳輸線,耳扒,自動鉛筆
背心袋,內搭褲,線圈本,髮夾,信套
原子筆,電池,掛勾
原子筆,鋼珠筆,白板筆
襪套,名片盒,標籤,洗衣網,鋼珠筆,信套,白板筆
行事曆,書衣,水彩
面紙,雙面膠帶,便條紙
書衣,便利貼,蠟筆
修正帶,鋼珠筆,便條貼,文件夾
圓珠筆,筆記本,橡皮擦,自動鉛筆
延長線,筆芯,鋼珠筆
圓珠筆,花布,票卡夾,儲物罐
鋁尺,信套,紙膠帶
禮物袋,包裝紙
生日卡,禮卡,襪套,貼紙,祝福卡
手機套,麻糬,紙膠帶,茶
標籤,電池,滑鼠,列印紙,書衣
定頁筆記本,果汁筆,扣夾
原子筆,文件袋,背心袋,製冰盒,線圈本
充電線,攝影機,棒棒糖
花布,票卡夾,襪套
擦手巾,眼罩,扣夾,信封袋,感謝卡,曬衣架,白板筆,貼紙
牛皮紙,膠帶,修正液,印章
筆芯,信封,口紅膠
面紙,襪套,螢光筆,背心袋
行事曆,麻糬,直笛,筆記
鋼珠筆,橡皮擦,自動鉛筆,便條紙,螢光筆
圓珠筆,鉛筆
生日卡,圓珠筆,螢光筆
筆記本,相框,溜溜筆
原子筆,鉛筆,筆袋,筆芯,筆管
修正帶,鋼珠筆,拉鏈袋,筆筒
修正帶,原子筆,螢光筆,膠水
吊飾,泡麵,握筆,公文袋,線圈本
禮物袋,自動鉛筆,螢光筆
橡皮擦,螢光筆,便條,魔擦筆,奇異筆,白板筆
曬衣架,貼紙,膠水
奇異筆,打氣筒,書衣
拼圖,相本,小木夾
口紅膠,側背包,果汁筆
鋼珠筆,掛鐘,蠟筆
修正帶,果汁筆,橡皮擦,彩虹筆
修正帶,手帳,襪套,相框,信套
生日卡,明信片,水晶燈,修正帶
吊飾,空瓶,便利貼,手帳
魔擦筆,硬幣,便條紙
文件夾,圓珠筆,螢光筆
白板,鋼珠筆,泡麵,毛筆
襪套,定頁筆記本,雙面膠帶,貼紙,印章
標籤,泡麵,充電線,吸盤
孔夾,筆記本,筆記,自動鉛筆
軟管,杯架,麻繩,隨身鏡,棉布,背心袋
筆記,便條貼
原子筆,筆袋
真順筆,畫本
果汁筆,線圈本
簽字筆,彩色筆,襪套
便條紙,信套
修正帶,鋼珠筆,筆芯,沐浴球,螢光筆
原子筆,真順筆,自動鉛筆
修正帶,書衣,顏料,調色盤,眼彩筆
鋼珠筆,橡皮擦,軟墊
原子筆,筆蓋,便條紙,自動鉛筆
蠟筆
紙膠帶,貼紙
孔夾,鋼珠筆,真順筆,名片簿
印章,螢光筆,眼彩筆
筆芯,隔熱墊,線圈本
口紅膠,鋼珠筆
書衣,轉接頭,背心袋
小木夾,定頁筆記本,襪套,信套
眼線液,雙面膠帶,特厚紙
筆芯,沐浴球
娃娃,便條紙,奇異筆,鋼珠筆,別針,自動鉛筆,背心袋
筆芯
文件袋,禮卡,美工刀
計劃本本,行事曆,橡皮擦
貼紙,紙膠帶
削筆器,便利貼,橡皮擦,牛皮紙,棉線,面紙,信套
便條紙,便條本
紙袋,蝴蝶結,提袋
膠帶,定頁筆記本,貼紙,色紙
原子筆,圓珠筆,娃娃,鐵絲,背心袋
識別證,票卡夾,再生紙
生日卡,紙膠帶,自動鉛筆,線圈本
便條貼,自動鉛筆
春聯,束口袋,書籤
識別證,充電線,果汁筆,信套
白板筆,公文袋,名片盒,小木夾
圓珠筆,棒棒糖
修正帶,便條貼,背心袋
孔夾,鋼珠筆,文件袋
充電線,鋼絲,沐浴球,貼紙
便條貼,螢光筆
面紙,星紙,沐浴球,再生紙
修正帶,零食,襪套
修正帶,鋼珠筆,內搭褲,行事曆
修正帶,果汁筆,沐浴球,信套
桌墊,收納袋,筆袋
收納袋,削筆器,橡皮擦,鋁尺,筆袋,修正帶,信套,行事曆,果汁筆
茶,筆記,畫本
便條,檯燈,書衣
隔熱墊,印章,小木夾
保溫杯,襪套,背心袋
自動鉛筆,筆筒,刷毛
筆芯,自動鉛筆
鋼珠筆,貼紙,作業簿
墨水匣,眼鏡架
筆記本,鋼珠筆,公文袋,便條紙,書衣
面紙,束口袋,夾子,名片盒
電池,螢光筆,原子筆,修正帶,拼圖,感謝卡,活頁紙
果汁筆,書衣,筆芯,膠水
瓦楞板,便條紙,線圈本
洗衣網,筆芯,魔擦筆
奇異筆,剪刀,手冊
修正帶,墊板,膠水
眉筆,螢光筆
紙膠帶,貼紙
印泥,筆芯,貼紙,便條本
鋼珠筆,白板筆,背心袋
修正帶,自動鉛筆
筆袋,鋁尺,計算機,背心袋
果汁筆,美工刀
膠帶,紙袋,圍巾,禮卡,相框
印泥,面紙,夾子,色紙,薯條,吐司
修正帶,拼圖,禮物袋,充電線,面紙,貼卡,貼紙
果汁筆,筆記本,束口袋,沐浴球
橡皮擦,拉鍊袋,螢光筆
水彩,明信片,貼紙,繪本,眼線液
奇異筆,修正帶,自動鉛筆,螢光筆
筆袋,定頁筆記本,筆記,筆記本
特厚紙,瓦楞板,白膠,泡棉
充電線,印章
標籤,祝福卡,線圈本
名片卡,鋁尺,襪套,膠水
果汁筆,隔熱墊,白膠
鉛筆芯,螢光筆,便條紙,線圈本,修正帶,釘書機,自動鉛筆,膠帶,白板筆,信套
孔夾,公文袋,螢光筆
玻璃紙,信封,名片盒,粉撲,鋼珠筆,紙膠帶,白板筆,貼紙,眼鏡架,眼彩筆
修正帶,白板筆,沐浴球
原子筆
螢光筆,隔熱墊,原子筆,鋼珠筆,白板筆,檯燈
置物袋,白板筆,飾品
泡麵,眼鏡架
自動鉛筆,橡皮擦,背心袋
書衣,魔擦筆,筆芯,螢光筆
果汁筆,筆記,沐浴球,眼鏡架
自動鉛筆,果汁筆,筆管,日曆
修正帶,貼紙
墨水匣
名片盒,螢光筆,孔夾,便條,筆記本,公文袋,果汁筆,背心袋
修正帶,果汁筆
棉花,圓珠筆,定頁筆記本,儲物罐,溫度計
電池,自動鉛筆,筆袋
書衣,墨水匣
筆盒,削筆器,票卡夾,鉛筆芯,麥克風,螢光筆,樂高,鐵盒,筆袋
泡麵,計時器,名片盒,螢光筆
削筆器,便條貼,抱枕
活頁紙,果汁筆,稿紙
長枕,禮物盒,包裝紙
原子筆,筆芯,標籤,活頁紙,資料袋
口紅膠,充電線,筆芯
鋼珠筆,瓦楞板
鋼珠筆,螢光筆
便條,票卡夾,娃娃
感謝卡
便條,便條紙,口紅膠
娃娃,背心袋,圓珠筆,彩色筆,書籤
圓珠筆
圓珠筆,果汁筆,便條貼,名片盒,自動鉛筆
修正帶,面紙,計算紙,奇異筆
魔擦筆,面紙,沐浴球,自動鉛筆,背心袋
膠帶,跳繩,線圈本
玻璃紙,九分褲,紙膠帶,名片盒,彩虹筆
軟管,煙斗,飾品,泡棉
口紅膠,膠帶,螢光筆
鋼珠筆,筆記,自動鉛筆
樂高,棒棒糖,手冊
口紅膠,螢光筆,書衣
生日卡,拉鍊袋,白膠
標籤,隔熱墊,筆記
膠帶,束口袋,螢光筆
禮物袋,感謝卡,筆記,馬桶刷
修正帶,筆芯,禮卡,文件夾
筆芯,筆記
筆盒,棒棒糖,便條紙
鋼珠筆,紙膠帶,氣球
原子筆,電池,軟管
便條,筆記,自動鉛筆
真順筆,鋼珠筆,眼鏡架
修正帶,鋼珠筆,口紅膠
修正帶,感謝卡,果汁筆
修正帶,孔夾,白板筆,抱枕
美工刀,色紙
筆芯,鋼珠筆,沐浴球
鋼珠筆
口紅膠,釘書機,果汁筆
筆芯,果汁筆,眼鏡架
標籤,定頁筆記本,棉花
筆芯,果汁筆
明信片
美術紙,書衣,鐵盒,隔熱墊,玻璃瓶,空瓶,紙膠帶
鋼珠筆,鋁尺,筆芯,自動鉛筆,螢光筆
直尺,筆芯,儲物罐
抱枕,標語,擦手巾,紙膠帶
白板筆,襪套,尼龍布,魔擦筆
貼卡,餐盒
面紙,彩色筆,背心袋
泡麵,襪套,自動鉛筆
直尺,書衣,洗衣網,橡皮擦
棉花,沐浴球,空瓶,名片盒,信套
鋼珠筆,螢光筆
收納袋,筆記,雙面膠帶,修正液,蠟筆,背心袋
鋼珠筆,娃娃,洞洞尺
筆芯,支架,彩色筆
娃娃,儲物罐,紙膠帶
鋼珠筆,遮陽帽,禮卡
原子筆,彩色筆,板夾
資料夾,隔熱墊,白板筆
電池,魔擦筆,沐浴球,螢光筆
口紅膠,感謝卡,棒棒糖,提袋
刮刀,圓筒,鋁線
麻糬,果汁筆
鋼珠筆,小木夾
奇異筆,標籤,鑰匙扣
側背包,便條貼,眼彩筆
迴紋針,娃娃,麻糬,存錢筒
修正帶,魔擦筆
泡麵,果汁筆,蠟筆
名片卡,收納包,白板筆
擦手巾,沐浴球,咖啡,麻繩,九分褲,膠帶
活頁紙,果汁筆,貼紙,便條貼,眼彩筆
雙面膠帶,沐浴球,膠水
修正帶,襪套,螢光筆
筆記本,眼鏡架,背心袋
便條,筆記本,線圈本
生日卡,紙袋,吊飾,立鏡,貼紙
筆記
紙膠帶,特厚紙
真順筆,手冊,筆芯,筆記本,便條紙,傳輸線,背心袋
修正帶,隨意貼,名片盒
果汁筆,白膠,耳機
原子筆
眼彩筆,彩色筆,線圈本,背心袋
鑰匙扣,筆記,沐浴球
傳輸線,書衣
名片盒,果汁筆,相本,眼鏡架,抱枕
拼圖,筆記,眼彩筆
筆芯,自動鉛筆
傳輸線,隨意貼,撲克牌
紙袋,夾鏈袋,貼紙,眼彩筆
吊飾,標語,禮卡,薯片,背心袋,不織布,小木夾
修正帶,鑰匙扣,背心袋
襪套,毛線,紙膠帶,手機架,星紙,貼紙,紙膠帶
眼鏡架,果汁筆,沐浴球,螢光筆
傳輸線,圓珠筆,貼紙,線圈本
筆芯,鉛筆芯,貼紙,筆管,鑰匙扣
防水袋,積木,背心袋
畫筆,筆芯,輕便袋
筆記,美工刀,紙膠帶
原子筆,襪套,螢光筆
白膠,零錢包,名片盒
洗衣網,生日卡,沐浴球,橡皮擦
午安枕,烤盤,魔擦筆
原子筆,剪刀,圓筒,特厚紙
計劃本本,圓珠筆,削筆器,鋼珠筆
彩色鉛筆,筆芯,魔擦筆
剪刀,便條紙,鞋墊
鋼珠筆
吊飾,手機架,背心袋
資料簿,色紙,背心袋
零食,襪套,束口袋,魔擦筆,玻璃瓶,果汁筆,白膠,背心袋
魔擦筆,烤盤,螢光筆
便條貼,果汁筆,筆袋
支架,票卡夾,螢光筆,充傳線,拼圖,夾子,檯燈
修正帶,螢光筆
唇蜜,蓮蓬頭,鶴紙
襪套,貼紙
手機套,削筆器,鉛筆
生日卡,感謝卡,信套
標籤,筆記本,紙膠帶
暖暖包,果汁筆,襪套,美工刀,螢光筆
色卡,牛皮紙,保利龍
原子筆,定頁筆記本,削筆器
活頁紙,襪套
筆芯,膠帶,筆盒,沐浴球
紙膠帶,便條紙,線圈本
鋼珠筆,自動鉛筆,鬧鐘
果汁筆,禮卡,便條貼
原子筆,遮陽帽,生日卡,禮卡
手機套,橡皮擦,便條紙
筆記本,便條紙,螢光筆
直尺,蠟筆,筆袋,自動鉛筆
直尺,眉筆,桌曆,果汁筆,自動鉛筆
修正帶,便利貼,自動鉛筆
螢幕,筆記,筆袋,鬧鐘
真順筆,票卡夾,保護膜
尼龍布,名片簿,螢光筆,紙卡,紙膠帶,貼紙,飾品
名片盒,雙面膠帶,沐浴球,洗衣網,眼彩筆,硬幣,麥克筆,日曆
襪套
原子筆,削筆器,背心袋
筆芯,貼紙,筆管
瓦楞板,筆電,小木夾
筆芯,訂書針,作業簿
筆記,原子筆,修正帶,面紙,檯燈,背心袋
定頁筆記本,束口袋
鋼珠筆,襪套,沐浴球
鞋墊,背心袋,線圈本
筆芯,筆袋,線圈本,修正帶,修正液,筆管
眉筆,魔擦筆,果汁筆,螢光筆
公文袋,儲物罐,便條紙
筆芯,筆管
日記,黏土,襪套,背心袋
襪套,孔夾,筆記,修正帶,公文袋,吊繩
螢光筆,筆芯,咖啡,原子筆,修正帶,彩色鉛筆
電池,筆芯,沐浴球,蠟筆,鬧鐘
修正帶,釘書機,訂書針
原子筆,白板筆,魔擦筆
筆袋,乳膠,果汁筆,保利龍
紙膠帶,禮物盒,蠟燭,禮卡,小木夾
標籤,祝福卡,感謝卡,書籤
便條貼,信箋,貼紙,螢光筆,泡棉
充電線,紙膠帶,沐浴球,橡皮擦
乳膠,零食,眼鏡盒,置物袋,票卡夾
原子筆,沐浴球
墨水匣
禮卡,卡片,口紅膠,原子筆,立體卡,貼紙
水彩,桌墊,信套
童襪
生日卡,卡片,眼彩筆
瓦楞板,冰棒,沐浴球,杯架
鋼珠筆,蝴蝶結,果汁筆,隨身碟,顏料
便條,收納包,螢光筆
便條,筆芯,髮夾
果汁筆,螢光筆
真順筆,筆記,螢光筆
白板筆,信套,禮卡
泡麵,紙膠帶,魔擦筆
鋼珠筆,襪套,自動鉛筆
支架,削筆器,鑰匙扣
原子筆,文件夾,修正帶,背心袋
名片,標籤,充傳線,美工刀
不織布,圓珠筆,隔熱墊
識別證,烤盤,織帶
果汁筆,便條紙
零食,鑰匙扣,線圈本
蝴蝶結,側背包,飾品,擦手巾,簽名卡
拉鏈袋,洗衣網,隨意貼,紙膠帶,白膠,貼紙
白膠,色紙,小木夾
充電線,隔熱墊,感謝卡,信套,自動鉛筆
沐浴球,自動鉛筆
標籤,剪刀,背心袋,泡棉
螢光筆,標籤,包裝紙,自動鉛筆,貼紙,背心袋
鋼珠筆,筆記本,板夾,螢光筆
鋼珠筆,充傳線,耳機
鉛筆,票卡夾,線圈本
鞋墊,圓珠筆,置物袋,筆袋,簽名卡,自動鉛筆,削筆機,背心袋
襪套,螢光筆,筆記本,線圈本,鋼珠筆,筆管
不織布,泡麵,名片盒
不織布,蝴蝶結,名片盒
孔夾,鋼珠筆,背心袋,魔擦筆,眼彩筆
修正帶,魔擦筆,特厚紙
午安枕,禮卡,色紙
零食,紙膠帶,雙面膠帶,奶瓶
筆袋,筆記本,便條紙
文件夾,螢光筆
午安枕,禮卡,色紙
生日卡,禮卡,卡片
筆芯,定頁筆記本,掛袋
孔夾,標籤,儲物罐,小木夾
標籤
娃娃,便條,自動鉛筆
票卡夾,圓規,線圈本
鋼珠筆,筆記,筆袋
筆芯,禮物袋,線圈本
眉筆,儲物罐,筆袋
相本,置物袋,書籤
畫筆,鋼珠筆,拖鞋,電源線,背心袋
原子筆,圓珠筆,美工刀,襪套,自動鉛筆
原子筆,名片盒,禮物袋,筆袋
襪套,原子筆,修正帶,標籤,修正液,月曆,印章,鞋墊
禮卡,貼紙
原子筆,筆記本,儲物罐,線圈本
生日卡,沐浴球,膠帶,信套,禮卡
卡片,紙膠帶,便條紙
票卡夾,便利貼,禮卡,公文袋
原子筆,娃娃,瓦楞板
襪套,鋁尺,雙面膠帶,筆記,墨水匣,膠水,白板,明信片,保鮮膜,背心袋
零食,自動鉛筆,便利貼,橡皮擦,折傘
鋁線,掛勾,香蕉夾
吊飾,果汁筆,便條貼
信套,奇異筆,隨意貼,白板筆,檯燈,果汁筆
原子筆,鋼珠筆,線圈本,背心袋
奇異筆,充電線,麻糬
果汁筆,名片盒
雪平鍋,定頁筆記本,筆記,筆記本,便條紙,剪刀,紙膠帶,貼紙
筆芯,電蚊拍,修正液
乳膠,筆記本,蠟燭,印章,貼紙
吊袋,筆芯,自動鉛筆
膠帶,雙面膠帶,魔擦筆
收納袋,口紅膠,簽字筆,帳單,鑽沙夾,自動鉛筆,保護膜,背心袋
果汁筆,便條紙
拉鍊袋,貼紙,背心袋
電池,便條,公文袋
筆袋,鐵絲,拖鞋
棒棒糖
延長線,白板筆,信套,插頭
禮卡,紙膠帶,包裝袋
酒杯,果汁筆,書架
禮卡,筆記,側背包,自動鉛筆,紙袋,棒棒糖,果汁筆,眼鏡架
軟管,襪套,便條紙
鐵盒,公文封,別針
原子筆,零食,帳單,螢光筆
麥克筆
花布,防水袋
螢光筆,筆記,沐浴球,鋼珠筆,自動鉛筆,針筆,果汁筆
標籤,白板筆,果汁筆
娃娃,墨水匣
剪刀,襪套,貼紙
支架,信套,貼紙
原子筆,顏料
棉布,名片盒,抱枕
奇異筆,手冊,名片簿
字卡,水果刀,美工刀
資料本,檔案夾,眉筆,眼鏡架
鋼珠筆,書衣
原子筆,筆記,沐浴球
活頁紙,螢光筆
棉線,筆記,餐具組
筆芯,橡皮擦,自動鉛筆
黏土,再生紙
果汁筆,魔擦筆,筆記
鋼珠筆,公文袋,彩虹筆
打氣筒,膠帶,掃把,背心袋
膠帶,自動鉛筆,資料本,背心袋
資料簿,遮陽帽,特厚紙,便條紙,泡棉
玻璃紙,圓珠筆,削筆器
零食,書衣,白板筆
吊飾,印泥,名片卡,娃娃,印章
鐵盒,墨水匣,眼鏡架
粉撲,瓦楞板,信套,貼紙,髮帶
鋼珠筆,拉鍊袋,洞洞尺,螢光筆
計劃本本,電池,魔擦筆,書衣
扁梳,信套,自動鉛筆,信紙
修正帶,圓珠筆,筆袋
便條,存錢筒,便條紙
燈泡,眉筆,膠水
紙膠帶,橡皮擦
鋼珠筆,白板筆,筆芯
鋼珠筆,束口袋
支架,草帽,杯架
玻璃紙,筆記本,魔擦筆
計劃本本,襪套,便條,充傳線,雙面膠帶,背心袋
彩色筆,螢光筆,眼彩筆
原子筆,積木,自動鉛筆
傳輸線,筆芯
眼鏡架,筆記本,便條紙,螢光筆
泡麵,鋼珠筆,包裝袋,自動鉛筆,別針
鶴紙,置物袋
原子筆,果汁筆,眉筆,膠水
鶴紙,自動鉛筆,玻璃瓶
泡麵,真順筆,修正帶
修正帶,文件袋,自動鉛筆
果汁筆,拼圖,側背包,針筆,背心袋
吊飾,遙控車,名片盒
筆芯
迴紋針,口紅膠,彩色筆
零食,螢光筆,口紅膠,檔案夾,拉鏈袋,充電線,防水袋
瓦楞紙,剪刀,袖套,眼彩筆
標籤,鋼珠筆,白板筆
充電線,修正液,鞋墊
禮卡,卡片
標籤,乳膠,彩色筆,原子筆
明信片,釘書機,筆芯,信套,螢光筆
領結,吊袋,鋼珠筆,魔擦筆
名片簿,印泥,糖果,鋼珠筆,活頁紙,充電線,色紙
修正帶,電池,筆筒
雪平鍋,輕便袋,保利龍
側背包,果汁筆,名片盒
生日卡,棒棒糖,襪套,貼紙,背心袋
筆記本,蠟筆,溜溜筆
生日卡,明信片,扁梳
鑰匙扣,螢光筆,隔熱墊,泡麵,原子筆,蠟筆,彩色鉛筆
祝福卡,感謝卡,提袋
直尺,便利貼
支架,泡棉
奇異筆,書衣,美工刀,彩虹筆
隨意貼,果汁筆,名片盒
鉛筆,充電線,便條紙
白板筆,信套
鋼珠筆,便條紙
原子筆,墨水匣,削筆器
蝴蝶結,公文袋,襪套,內搭褲,布膠帶
保利龍,泡棉
便利貼,貼紙,提袋
遮陽帽,冰棒,立鏡,棉布
原子筆,束口袋,膠水
簽字筆,果汁筆,鉛筆,背心袋
筆盒,遮陽帽,鋼珠筆
水彩,感謝卡,貼紙,公文袋
面紙,便條紙,鑰匙扣
孔夾,便條,活頁紙
鉛筆,檯燈,衛生紙
便條紙,貼紙,便條貼,票卡夾
洗衣網,隔熱墊,置物袋
禮物袋
水彩,禮卡
水彩,禮卡
筆芯,自動鉛筆,筆袋
鋼珠筆,背心袋,特厚紙
筆芯,眼彩筆
筆記本,眼鏡架,膠水
橡皮擦,自動鉛筆,線圈本
訂書針,螢光筆
修正帶,橡皮擦,果汁筆,魔擦筆
名片卡,便條紙,特厚紙
果汁筆,雙面膠帶
筆芯,筆記,螢光筆
擺飾,信套,畫本,背心袋
修正帶,筆芯,原子筆
泡麵,直尺,削筆機
原子筆,鋼珠筆,收納袋
泡麵,筆芯,自動鉛筆,線圈本
自動鉛筆,螢光筆
筆芯,檯燈,鋼珠筆,沐浴球
果汁筆,沐浴球,筆記
生日卡,蠟燭,貼紙
鋼珠筆,白板筆,筆記,口紅膠
標籤,感謝卡,筆記,手帳,貼紙
色卡,修正帶,溜溜筆
吊飾,印泥,彩色筆
筆記本,削筆器,收納盒,置物袋
筆芯,眼鏡盒,鋼珠筆,筆袋
手提袋,票卡夾,紙膠帶,線圈本
信套,貼紙,書籤
原子筆,圓珠筆,手錶,背心袋
原子筆,筆芯,鋁尺,零食
圓珠筆,筆記本,印章
沐浴球,製冰盒,背心袋
紙膠帶,沐浴球
吊飾,擺飾,感謝卡
直尺,束口袋,零錢包
彩虹筆,圓珠筆,線圈本
筆芯,檯燈,蠟筆
標籤,拉鍊袋,筆袋,膠水
色卡,鋼珠筆,蓮蓬頭
曬衣架,背心袋,棉線,小木夾
洗衣網,紙膠帶,貼紙
筆芯,束口袋,手機套,書籤
稿紙,顏料
筆芯,紙膠帶,便利貼,書籤
泡麵,口紅膠,修正帶,鋁尺
遮陽帽,筆芯,鋁尺,鋼珠筆,自動鉛筆,吊飾
印泥,印章,自動鉛筆,螢光筆
筆芯,背心袋,零錢包,筆袋,螢光筆
蠟筆,眼彩筆
資料簿,收納袋,螢光筆,鋁尺,鋼珠筆,墨水匣,背心袋
賀卡,針筆,檯燈,白板筆
明信片,鋼珠筆
筆盒,圓珠筆,存錢筒
筆記,沐浴球,衛生紙,貼紙
筆芯,票卡夾,自動鉛筆
原子筆,圍巾,釘書機,便條紙,筆袋
標籤,書衣,耳扒,雙面膠帶
名片卡,膠帶,印章
白板筆,咖啡,特厚紙
公文袋,香蕉夾,眼彩筆
修正帶,鋼珠筆,橡皮擦,自動鉛筆
鋼珠筆,魔擦筆
孔夾,定頁筆記本,束口袋
名片,蠟燭,自動鉛筆
遮陽帽,名片簿,卡片,便條,牛皮紙,標籤,信紙,隨身鏡,紙膠帶,眉筆,貼紙
生日卡,麻糬,公文封,貼紙,印章
傳輸線,方鏡,眼鏡架
洗衣網,感謝卡,儲物罐
鉛筆,麥克筆,收納袋
鉛筆芯,貼紙,線圈本
原子筆,筆記
禮物袋,膠帶,原子筆
鋼珠筆,膠水
修正帶,筆記本
傳輸線,便條,鋼珠筆
皮繩,拉鍊袋,書籤,曬衣架
膠台,遮陽帽,賀卡,膠帶,雙面膠帶,剪刀
修正帶,鋼珠筆,簽字筆
後背包,沐浴球,名片盒
鋼珠筆,貼紙,手機殼
筆盒,削筆器,名片盒
修正帶,果汁筆,螢光筆
修正帶,筆芯,眼彩筆
原子筆,便條,紙膠帶,手帳,貼紙
筆削,手帳,筆袋
標籤,文件夾,資料簿
洗衣網,檯燈,零錢包
魔擦筆,證件套,螢光筆
桌墊,側背包,公文袋,果汁筆,沐浴球
筆芯,鋼珠筆,便利貼
筆袋,便條紙,自動鉛筆
修正帶,公文袋,轉接頭
延長線,筆袋,置物袋
修正帶,賀卡,原子筆,束口袋
筆記本,便條紙
筆芯,彩虹筆
自動鉛筆,螢光筆
原子筆,修正帶,背心袋
零食,螢光筆,沐浴球,筆袋,自動鉛筆,背心袋
衛生紙,別針
標籤,證件套,螢光筆
原子筆,沐浴球
筆芯,收納袋,魔擦筆
色卡,隨意貼,印泥
背心袋,包裝紙,抱枕
印章,沐浴球,魔擦筆
白板筆,轉接頭
螢光筆,口紅膠,識別證,彩色筆,畫冊,貼紙,背心袋
識別證,貼紙,線圈本
筆芯,橡皮擦
耳塞,貼紙,紙膠帶
茶,剪刀,鋼珠筆
圓珠筆,筆筒,筆袋
直尺,名片盒,印泥,側背包,印章,筆管,溜溜筆,剪貼簿,背心袋
筆芯
零食,筆芯,彩色筆
圓珠筆
泡麵,紙巾,眉筆,作業簿
便利貼,果汁筆,禮物卡
儲物罐,圓珠筆,筆記本,彩色筆,紙膠帶,貼紙
筆芯,筆管
修正帶,削筆器,沐浴球,螢光筆,貼紙
文件夾,公文袋,量杯,便條貼,筆袋
資料簿,魔擦筆,資料袋
名片卡,筆芯,充電線,奇異筆
信套,貼紙,螢光筆
牛皮紙,口紅膠,花布,餐具
活頁紙,充電線,果汁筆
果汁筆,儲物罐,線圈本
墊板,便條紙,螢光筆,曬衣架
鋁尺,自動鉛筆,螢光筆
滑鼠墊,禮物袋,棒棒糖,包裝袋
自動鉛筆,螢光筆
筆芯,筆袋
零食,螢光筆,棉花,定頁筆記本,筆記,線圈本,原子筆,資料夾,貼紙
修正帶,標籤,筆袋,線圈本
修正帶,拉鍊袋,印章,名片盒,螢光筆
資料簿,圓珠筆,便條貼,眼彩筆
奇異筆,泡麵,沐浴球
橡皮擦,筆芯,檯燈,自動鉛筆,生日卡,支架,果汁筆,背心袋
賀卡,螢光筆
筆管,信套,沐浴球,卡片
筆記本,手帳,收納袋,貼紙
雜誌,果汁筆,螢光筆,背心袋
原子筆,影印紙,名片盒
筆蓋,魔擦筆,蠟筆
筆盒,電蚊拍,信套,泡棉,捲線器,鑽沙夾,紙膠帶,貼紙
原子筆,筆記本,筆記
衛生紙,名片盒,線圈本
烤盤,皮夾,支架,耳機,背心袋
奇異筆,標籤,自動鉛筆,螢光筆
筆記,水彩,鋼珠筆,紙膠帶,白板筆,信套,手帳
棒棒糖,包裝袋,感謝卡,禮物卡
娃娃,膠帶,筆記,螢光筆,眼彩筆
蝴蝶結,筆記本,感謝卡
書衣,蝴蝶結,貼紙
果汁筆,特厚紙
紙袋,遮陽帽,果汁筆,螢光筆
原子筆,手機套,削筆器,傳輸線
筆芯
不織布,票卡夾,化妝包
小木夾,剪刀,泡棉,背袋,線圈本,膠帶,背心袋
顏料
直尺,拉鏈袋,魔擦筆
名片卡,筆芯,筆記,魔擦筆,零錢包,背心袋
牛皮紙,背心袋,特厚紙
鉛筆,蝴蝶結,紙膠帶
標籤,口紅膠,螢光筆
洗衣網,名片盒,特厚紙
內搭褲,吊繩,背心袋
原子筆,圓珠筆,儲物罐,筆蓋
生日卡,貼紙
禮物袋,感謝卡
禮物袋,紙膠帶,背心袋
修正帶,鋁尺,彩色筆
修正帶,夾鏈袋
名片,紙膠帶,便條紙
筆芯,紙膠帶,魔擦筆,書籤
皮繩,線圈本,背心袋
筆芯,剪刀,計算紙,螢光筆
修正帶,電池,資料袋
娃娃,印章,貼紙
筆芯,電蚊拍,便條紙,筆管
真順筆,便利貼,鐵盒,筆記,美工刀,車充,資料本
紙盒,包裝紙,洞洞尺
筆芯,沐浴球,便條貼
真順筆,信封
原子筆,束口袋,衛生紙
信套,鋁尺,果汁筆,螢光筆,儲物罐
定頁筆記本,筆記,螢光筆,線圈本
筆芯,自動鉛筆,積木,螢光筆
吊袋,收納袋,筆芯
延長線,支架,存錢筒
瓦楞板,貼紙,自動鉛筆
筆芯,白板筆,紙膠帶,自動鉛筆
修正帶,支架,原子筆
麥克筆,公文袋,帳單,布膠帶
便條,修正液,便條紙,手記
鋼珠筆,美工刀,自動鉛筆,橡皮擦
桌墊,標籤,積木
識別證,衛生紙,螢光筆
筆芯,髮帶,筆袋
筆芯,沐浴球,橡皮擦
手冊,隔熱墊,魔擦筆,面紙,麻糬,感謝卡,修正液,零錢包,便條本
迴紋針,筆袋,禮物袋,充電線,吊飾,零錢包
修正帶,鋼珠筆,沐浴球,膠水
色紙,洞洞尺,線圈本,筆袋,信套
修正帶,鋼珠筆
筆袋,紙膠帶,自動鉛筆
資料簿,零錢包,輕便袋
鋼珠筆
相本,筆芯,沐浴球,稿紙
扁梳,襪套,浴帽,線圈本,墨水匣,背心袋
筆芯,收納袋,襪套
電蚊拍,板夾,筆芯,筆記本,蠟筆,信套,紙膠帶
乳膠,明信片,麻糬
書衣,果汁筆,再生紙
修正帶,線圈本,便條貼,溜溜筆
支架,感謝卡,白板筆,橡皮擦,氣球
果汁筆,沐浴球,魔擦筆,輕便袋
泡麵,計算紙,筆記,橡皮擦,背心袋
影印紙,襪套,浴帽
圓珠筆,充電線,文件夾,背心袋
筆盒,鉛筆芯,筆記本,貼紙,奇異筆,零錢包,轉接頭
口紅膠,明信片,包裝袋
吊飾,筆記
印泥,彩色筆,印台
牛皮紙,卡紙,杯架
棉花,筆芯,膠水
筆芯,螢光筆,背心袋
電池,圓珠筆
原子筆,禮物袋,信封,包裝紙
印泥,彩色筆,印台,衛生紙,識別證
資料夾,指南針,貼紙
吊飾,擺飾,筆記本,自動鉛筆
修正帶,耳扒,吊飾
修正帶,自動鉛筆
鉛筆,積木,貼紙
筆芯,背心袋,名片簿,特厚紙
果汁筆,自動鉛筆,螢光筆
賀卡,鉛筆,曬衣架
束口袋,蠟筆,螢光筆
圓珠筆,娃娃,化妝包,背心袋
原子筆,背袋,墊板,魔擦筆,洞洞尺
支架,乳膠,色紙
圓珠筆,簽字筆,墊板,蠟筆,果汁筆,背心袋
口紅膠,紙膠帶,禮卡,沐浴球
筆芯,白板筆,橡皮擦
修正帶,鋼珠筆,生日卡,紙膠帶
迴紋針,鋼珠筆,手提袋,茶
修正液,便條紙,眼彩筆
生日卡,紙膠帶,書籤
鋼珠筆,白板筆,充電線,筆芯
零食,儲物罐,名片簿,鉛筆,修正帶,鋼珠筆,資料夾,背心袋
口紅膠,橡皮擦,背心袋
原子筆,白板筆,魔擦筆,螢光筆
筆芯,跳繩,螢光筆
鋼珠筆,魔擦筆,螢光筆
鋼珠筆,鋁尺,筆芯,便條貼
泡麵,背心袋,紙卡,自動鉛筆,眼彩筆
板夾,自動鉛筆,直尺,名片盒
計劃本本,畫本,便條紙
筆芯,筆管,氣球
筆記,背心袋
修正帶,圓珠筆,削筆器,印章,手冊
文件袋,筆芯,沐浴球,跳棋
襪套
原子筆,筆記本,沐浴球,自動鉛筆,背心袋
原子筆,麥克筆,奇異筆,衛生紙
原子筆,麻糬,果汁筆,襪套
果汁筆,沐浴球,雙面膠帶
洗衣網,筆芯
筆芯,白板筆,眉筆
原子筆,圓珠筆
沐浴球,禮卡,筆筒
孔夾,圓珠筆,書衣,隔熱墊,修正帶,面紙,背心袋
隔熱墊,鉛筆芯,筆記,特厚紙
筆芯,筆管,背心袋
修正帶,鋼珠筆,筆芯,蠟筆
修正帶,雙面膠帶,沐浴球,背心袋
乳膠,自動鉛筆,線圈本
耳塞,螢光筆,背心袋
修正帶,筆芯,眉筆,襪套,背心袋
遮陽帽,禮物盒,眼線液
原子筆,鋼珠筆,簽字筆
修正帶,眼鏡架,瓦楞紙
色卡,文件夾,筆記本,輕便袋
墨水匣,便條紙
墨水匣,背心袋
筆芯
筆盒,筆記,彩色筆,泡麵,墨水匣,自動鉛筆,資料本
口罩,襪套,名片盒
膠水,自動鉛筆,彩虹筆
原子筆,自動鉛筆
文件夾,小木夾,耳扒,資料本,背心袋
蠟燭,別針
標籤,賀卡,彩色筆
明信片,信套
名片卡,筆芯,水彩,活頁紙,貼紙,馬桶刷
記憶卡,襪套,零錢包,線圈本
筆芯,蠟筆
延長線,便條,筆記本,背心袋
收納包,掛袋,魔擦筆,原子筆,膠帶,紙膠帶
便條貼,果汁筆,筆袋
信套,板夾,螢光筆
隔熱墊
便條紙,雙面膠帶,自動鉛筆
洗衣網,便條紙,線圈本
原子筆,文件袋,修正帶,筆袋
原子筆,圓珠筆,筆芯
鉛筆,桌曆,鉛筆芯,信套,充傳線
鉛筆,信套
原子筆,筆記
筆芯,瓦楞板,橡皮擦
筆記,飾品,背心袋
洗衣網,筆芯,沐浴球
筆芯,行李箱
背膠,雙面膠帶,色紙
手帳,貼紙
眉筆,束口袋
口紅膠,冰棒,牛奶糖,背心袋
遮陽帽,筆記本,名片盒
果汁筆,眼鏡架
鋁尺,沐浴球,便條紙
襪套,筆記,鋼珠筆,墨水匣,紙膠帶,檯燈,溜溜筆
烤盤,鋼珠筆,修正帶,修正液
鋼珠筆,支架,襪套
眼彩筆,雙面膠帶,背心袋
水彩,便條貼,便條本,螢光筆,背心袋
日記,眉筆,曬衣架
原子筆,筆記本,眼彩筆
隔熱墊,筆記,耳機,筆袋
電池,積木,背心袋
零食,膠帶,布膠帶
墨水匣,貼紙
原子筆,膠帶,鬧鐘
螢光筆,拉鏈袋,修正帶,標籤,信封袋,信紙,背心袋
鋼珠筆,白板筆,色紙
小木夾,奶瓶,筆芯,紙膠帶,貼紙,背心袋
傳輸線,玻璃紙,轉接頭,背心袋
修正帶,資料簿,剪刀
奇異筆,印泥,原子筆,螢光筆
洗衣網,背心袋,線圈本
針筆,紙膠帶,自動鉛筆
口罩,活頁紙,白板筆,信套
棉花,文件夾,筆記,溜溜筆
麻糬,定頁筆記本,筆記
孔夾,圓珠筆,筆筒,線圈本
果汁筆,筆記
迴紋針,螢光筆,線圈本,捲線器,釘書機,貼紙
零食,支架,便條
鋼珠筆,果汁筆,便條貼
修正帶,鋼筆,圓珠筆,背心袋
筆芯,支架,橡皮擦
禮物袋,螢光筆
原子筆,筆芯,自動鉛筆
禮卡,牛皮紙,咖啡,標籤,公文袋,生日卡
吊飾,花布,雙面膠帶,彩色筆
賀卡,收納袋
祝福卡,貼紙,書籤
鋼珠筆,卡紙,果汁筆
原子筆,筆記,紙膠帶
鋼珠筆,感謝卡,筆記
筆芯,筆記,螢光筆
墨水匣,貼紙,膠水
溜溜筆
軟管,禮物卡
筆芯,螢光筆
修正帶,鋼珠筆,剪刀
牛皮紙,證件套,圓筒
明信片,貼紙,置物袋
鋼珠筆,口紅膠,眼彩筆
名片卡,手冊,便條紙
修正帶,筆芯,沐浴球
側背包,螢光筆,背心袋
牛皮紙,定頁筆記本,保利龍
奇異筆,鶴紙,背心袋
鉛筆,內搭褲,雪平鍋
娃娃,圓筒,背心袋
釘書機,襪套,雙面膠帶
真順筆,螢光筆,定頁筆記本,筆記,修正帶,計算紙,背心袋
禮物盒,背心袋
文件袋,削筆機,便條貼,背心袋
圓珠筆,襪套,鋁線
鋼珠筆,剪刀,色紙
夾鏈袋,信封,線圈本
原子筆,乳膠,泡棉
標籤,筆記,橡皮擦
特厚紙,沐浴球,溜溜筆
鋼珠筆,檯燈,稿紙
圓珠筆,襪套,自動鉛筆,螢光筆,氣球
置物盒,生日卡,錢包,包裝紙,紙盒
鋼珠筆,筆記本,自動鉛筆
筆芯,鋼珠筆,錢包,製冰盒,白板筆,果汁筆,再生紙
直尺,鋼珠筆,錢包
孔夾,資料本,錢包,貼紙,感謝卡
標籤,剪刀,錢包
印泥,筆記,印章,資料本,背心袋
束口袋,錢包,果汁筆,計時器,雙面膠帶
筆芯,錢包,筆管
信套,棒棒糖,紙膠帶,便條,口紅膠
儲物罐,便條紙
票卡夾,沐浴球,泡麵,鋼珠筆,錢包,蠟筆
筆芯,筆盒,自動鉛筆
便條貼,錢包,魔擦筆
標籤,鋼珠筆,錢包,魔擦筆
原子筆,錢包,魔擦筆
遮陽帽,錢包,包裝紙
果汁筆,錢包,儲物罐
螢光筆,書衣,修正帶,鋼珠筆,錢包,積木
圓珠筆,錢包,儲物罐
鉛筆,書衣,月曆,紙膠帶,貼紙,眼鏡架
便條,筆芯,錢包,筆記
便條貼,筆袋,錢包,沐浴球,橡皮擦
花布,錢包,內搭褲
錢包,雪平鍋,鬧鐘
板夾,筆芯,修正帶,錢包,筆管
支架,錢包,襪套
帆布,螢光筆,背心袋
筆筒,資料袋,筆芯,筆袋,錢包,充電線,髮帶,自動鉛筆,背心袋
汽球,錢包,名片簿,魔擦筆
錢包,螢光筆,跳繩,橡皮擦,背心袋
鋼珠筆,螢光筆,線圈本
標籤,錢包,筆記本
果汁筆,鋼珠筆,錢包,方鏡
電池,拼圖,手環
錢包,充電線,馬克杯
便條,釘書機,零錢包,紙膠帶
泡麵,錢包,便條紙,便利貼,手冊
溜溜筆,錢包,線圈本,曬衣架,手機殼
墨水匣,錢包
標籤,鋼珠筆,便條貼,鉛筆
手環,錢包,擦手巾
卡片,書衣,筆記,掛袋,便條紙,原子筆,錢包
標籤,筆芯,削筆器,襪套
簽字筆,襪套
鋼珠筆,內搭褲
筆芯,筆盒,握筆
計劃本本,稿紙,筆芯,筆削,鉛筆,自動鉛筆,彩色鉛筆,針筆,白板筆
原子筆,票卡夾,背心袋
書衣,錢包,螢光筆
筆芯,乳膠,鋼珠筆,魔擦筆
麥克筆,錢包,雙面膠帶
口紅膠,感謝卡,信套
錢包,蠟筆
洗衣網,計劃本本,飾品
計劃本本,錢包,卡片
背袋,墨水匣,瓦楞板,自動鉛筆
鋼珠筆,防水袋,沐浴球,自動鉛筆,提袋
原子筆,公文袋,螢光筆,背心袋
筆記本,貼紙,便條紙
保護膜,雙面膠帶,蠟筆
修正帶,鋼珠筆
口紅膠,螢光筆,信套
資料夾,彩色筆,溜溜筆
修正帶,膠帶,膠水
筆記,洞洞尺,螢光筆
支架,印章,貼紙
修正帶,筆芯,果汁筆,馬桶刷
背袋,筆芯,筆袋
筆芯,白板筆,鋼珠筆
感謝卡,氣球
玻璃紙,白板筆,名片盒
修正帶,鋼珠筆,眉筆
果汁筆,自動鉛筆,沐浴球,螢光筆
修正帶,沐浴球,圓規
零食,鋼珠筆
置物袋,麻糬,筆筒
迴紋針,圓珠筆,帳單,剪刀
迴紋針,圓珠筆,圖釘,背心袋
衣夾,鐵絲,筆記本
花圈,貼紙,巧克力,背心袋
膠套,資料簿,公文袋,果汁筆,名片盒
圓珠筆,隔熱墊
顏料
孔夾,影印紙,定頁筆記本
原子筆
零食,沐浴球,便條貼
鋼珠筆,隔熱墊,收納袋
活頁紙,果汁筆,隨身鏡
原子筆,鋼珠筆,便條紙
娃娃,稿紙,筆記本,修正帶,簽字筆,資料本
筆蓋,便條紙
邀請卡,禮物袋
修正帶,支架,資料本
筆芯,吊牌,零錢包,紙卡
生日卡,計劃本本
筆芯
孔夾,修正帶,定頁筆記本,筆記
印章
原子筆,鋼珠筆,筆記
名片簿,魔擦筆
鉛筆,棉線,橡皮擦,溜溜筆
修正帶,遮陽帽,便條紙
筆芯,眉筆,髮帶
鋼珠筆,拼圖
筆芯,螢光筆
吊飾,零食,果汁筆,名片簿,美工刀
鋼珠筆,自動鉛筆,螢光筆
洗衣網,便條,資料本
洗衣網,便條,資料本
鑰匙扣,筆記,便條紙
卡紙,泡棉,瓦楞板,彩帶,壁貼,飾品
雜誌,滑鼠,彩色筆,沐浴球,玻璃瓶,修正帶,膠帶
洗衣網,口紅膠,原子筆
筆芯,零錢包,螢光筆
資料夾,背心袋,資料袋
紙膠帶
紙膠帶,筆記,線圈本,紙膠帶
牛皮紙,印章,手帳,橡皮擦
色卡,鋼珠筆,牛皮紙,名片盒
票卡夾,筆記,便條紙,原子筆,活頁紙,筆管
充電線,果汁筆,蠟筆,記事本
遮陽帽
原子筆,圓珠筆,削筆機,便條紙
支架,感謝卡,螢光筆,小木夾
遮陽帽,圓珠筆,筆袋,便條紙,原子筆,鋼珠筆,線圈本,充電線,自動鉛筆
真順筆,便條紙,娃娃,螢光筆
色卡,鋼珠筆,橡皮擦,彩虹筆
原子筆,果汁筆,衛生紙,筆記
筆芯,果汁筆,自動鉛筆
筆袋,彩色筆,畫冊
鋼珠筆,活頁紙
標籤,圓珠筆,筆芯,零錢包
標籤,便條紙
畫板,圓珠筆,著色本,筆袋,標籤,膠帶
紙膠帶,貼紙,魔擦筆
遮陽帽,保利龍,背心袋
拼圖,儲物罐,沐浴球
鋼珠筆,筆袋,橡皮擦
鋼珠筆,束口袋
玻璃紙,鋼珠筆,鋁尺
生日卡,便條貼,提袋
剪刀,美工刀,筆袋
充電線,信套,筆記本
識別證,剪刀,儲物罐,美工刀
果汁筆,印章,便條貼
計劃本本,牛皮紙,標籤,原子筆
貼紙
貼紙
奇異筆,修正帶,信套
原子筆,口紅膠,線圈本
名片,背膠,筆記本,筆記,髮夾
圓珠筆,貼紙
圓珠筆,相本,泡棉
筆芯
筆芯,魔擦筆,筆記本,便條紙
彩色鉛筆,刮刀,畫本
感謝卡,香蕉夾,提袋
鋼珠筆,支架
計劃本本,牛皮紙,保護膜
圓珠筆,支架
果汁筆
圓珠筆,筆袋
鉛筆,滑鼠,果汁筆,計算機
圓珠筆,釘書機,便條,螢光筆,線圈本
桌墊,鋼珠筆,筆記,手帳,貼紙
奇異筆,桌墊,扁梳,貼紙
帳單,背心袋,皺紋紙
信箋,螢光筆,背心袋
資料簿,泡棉,筆芯,信套,紙膠帶,溜溜筆
孔夾,白板筆,便利貼
圓珠筆,剪刀,鋁尺
筆芯,娃娃,紙膠帶
筆芯,橡皮擦,螢光筆
便條,定頁筆記本,印章
吊飾,花布,毛筆,餐盒,便條紙
直尺,筆芯,手機殼,貼紙,眼彩筆
桌墊
鑰匙扣,原子筆,奇異筆,蠟筆,自動鉛筆,曬衣架
延長線,桌扇,筆袋,背心袋
標籤,筆芯,背心袋,眼彩筆
原子筆,書衣,拼圖,彩虹筆
鋼珠筆
生日卡,沐浴球,眼鏡架
色卡,明信片,信套,跳棋
手帳,紙膠帶,貼紙
鋼珠筆,筆芯,魔擦筆
娃娃,票卡夾,貼紙
筆記本,束口袋,美工刀
修正帶,貼紙
圖釘,筆芯,沐浴球
鋼珠筆
祝福卡,卡片,禮卡,再生紙
書衣,修正液,名片盒
直尺,彩色筆,鋼珠筆,餅乾,自動鉛筆,白板筆
修正帶,定頁筆記本,筆記,筆記本
筆芯,隔熱墊,圓珠筆
彩色筆,票卡夾,餐盒,背心袋
筆芯,膠帶,票卡夾,果汁筆,橡皮擦
桌墊,手帳
生日卡,包裝紙,情人卡,小木夾
筆芯,春聯,筆記本,筆記
玻璃紙,手環,便條貼,夾子,畫本,紙膠帶
黏土,便條紙
紙膠帶,訂書針,螢光筆
娃娃,便條紙
名片,孔夾,感謝卡
直尺,筆芯,魔擦筆
針筆,擦手巾,筆袋
修正帶,禮物袋,浴帽
修正帶,筆記本,自動鉛筆
側背包,支架,自動鉛筆,背心袋
筆芯,貼紙
明信片,便條貼,書衣
紙膠帶,手帳,筆記
特厚紙,咖啡,背心袋
保護套,筆芯,便利貼,魔擦筆
桌墊,書衣,便條本,眼鏡,便條紙
充電器,原子筆,魔擦筆
生日卡,便利貼,簽名卡
沐浴球,線圈本
戒指,貼紙
童襪,浴帽
奇異筆,標籤
螢光筆,標籤,鋼珠筆,充電線,膠帶,削筆機
筆盒,隔熱墊,娃娃,線圈本
修正帶,文件袋,修正液,儲物罐,收納袋
靠墊,冰棒,杯架,棉布,貼紙
眉筆,螢光筆,資料袋
鋼珠筆,貼紙,口紅膠
筆芯
零食,票卡夾,卡紙,鉛筆,隔熱墊,便條紙,眼鏡盒
鋼珠筆,魔擦筆
筆芯,烤盤,襪套
曬衣架,包裝袋,貼紙
泡麵,鉛筆,檯燈,原子筆,白板筆
不織布,修正帶,桌燈,鬆緊帶
公文袋,貼紙,溜溜筆
筆芯,貼紙
筆芯,定頁筆記本,白膠,輕便袋,自動鉛筆
禮物袋,禮物盒
原子筆,掛袋,直尺
自動鉛筆,筆袋,曬衣架
鋁線,果汁筆,眼鏡架
沐浴球,魔擦筆,修正帶,軟墊,白板筆,果汁筆
拼圖,票卡夾,存錢筒,釘書機,訂書針
不織布,衛生紙,氣球
修正帶,錢包,白板筆
文件套,公文袋,傳輸線
泡麵,圍巾,置物袋
孔夾,圓珠筆,隔熱墊,沐浴球,便條紙
孔夾,圓珠筆,定頁筆記本,便條紙,自動鉛筆
生日卡,印泥,訂書針
原子筆,文件夾,內搭褲,鋼珠筆,螢光筆
孔夾,雜誌,髮梳,公文袋,修正帶
生日卡,筆記本,紙膠帶
孔夾,提袋,吊飾,棒棒糖,信套,轉接頭,小木夾
牛皮紙,貼紙
識別證,便條,信紙
橡皮擦,充電線,畫本,擦手巾
直尺,筆記,螢光筆,背心袋
隔熱墊,彩色筆,資料本
孔夾,蠟筆,魔擦筆
小木夾,螢光筆,眼彩筆
圓珠筆,鋁尺
筆芯,筆記本,相本
唇蜜,月曆,果汁筆,布偶
修正帶,滑鼠,筆袋
滑鼠,定頁筆記本,筆記本
襪套,浴帽
名片,禮卡
桌墊,儲物罐,名片簿,感謝卡,蠟筆,紙膠帶,貼卡,內搭褲,信套
火柴盒,紙膠帶,沐浴球
皮繩,圓珠筆,螢光筆
原子筆,筆芯,鉛筆芯
筆芯,錢包,束口袋
桌墊,拼圖
顏料
支架,貼紙,提袋
筆芯,識別證,手帳,貼紙
筆芯,電蚊拍,筆記
襪套,衛生紙
鋼珠筆,拼圖,錢包,貼紙
筆芯,果汁筆,杯架
針筆,麻繩,自動鉛筆,背心袋
筆芯,魔擦筆,自動鉛筆
彩色鉛筆,票卡夾,卡片,背心袋
牛皮紙,禮物袋,削筆器,拉鏈袋
襪套,便條貼,橡皮擦,定頁筆記本,筆記,計算機
圓珠筆,沐浴球
資料簿,螢光筆
雙面膠帶,魔擦筆,螢光筆
鋼珠筆,紙膠帶,手帳
紙膠帶,紙膠帶,顏料
靠墊,洞洞尺,包裝紙,印章,擦手巾
零食,果汁筆
生日卡,票卡夾,筆記
禮物袋,包裝紙,貼紙,提袋
筆芯,書籤
資料本,錢包,彩色筆,浴帽,螢光筆
筆芯,筆記
行事曆,背心袋,板夾,抱枕
修正帶,毛筆,便條貼
禮卡,印泥,生日卡,花布,彩色鉛筆,明信片
鋼珠筆,錢包
孔夾,資料本,背心袋
口紅膠,便條紙,名片簿
筆芯,筆管
束口袋,螢光筆,便條紙,修正帶,面紙,衛生紙,側背包,背心袋
鋼珠筆,咖啡
修正帶,鋼珠筆,手提袋,包裝紙
束口袋,相框,小木夾
印泥,墨水匣,印章
彩色筆,自動鉛筆,信套
色卡,明信片,紙膠帶
修正帶,鉛筆,束口袋,自動鉛筆,訂書針
筆盒,印章,貼紙
吊飾,圓珠筆,白膠
滑鼠,定頁筆記本,筆記
襪套,孔夾,筆記,沐浴球,螢光筆
剪刀,白板筆,相本,圓規,線圈本
卡紙,壁貼,泡棉
滑鼠,便條紙,筆記本
日記,彩色筆,自動鉛筆
修正帶,筆芯,原子筆,螢光筆,線圈本
自動鉛筆,沐浴球,螢光筆
修正帶,筆芯,卡紙,原子筆,背心袋
電池,畫本,魔擦筆,螢光筆
修正帶,鉛筆,腊筆,蠟筆,奇異筆
束口袋
名片卡,鋼珠筆,吊飾
筆芯,沐浴球
桌墊,電池,束口袋,螢光筆,夾鍊,原子筆,側背包
魔擦筆,票卡夾,筆袋
修正帶,剪刀,遮陽帽,筆記,便條紙
鉛筆,支架,禮物卡,圓珠筆
自動鉛筆,白膠,美工刀
桌墊,筆芯
修正帶,計劃本本,洗衣網
鉛筆,儲物罐,便條紙
插座,明信片,便利貼
鉛筆,圓筒,背心袋
遮陽帽,魔擦筆,束口袋,便條紙
飾品,筆記,貼紙,橡皮擦
名片卡,黏土,螢光筆
名片盒,筆筒,相本,擦手巾
鋼珠筆,隔熱墊,顏料
真順筆,充電線,眼鏡架
收納袋,方鏡,魔擦筆
便條紙,洗衣網,存錢筒,白板筆,星紙,飾品
原子筆,筆芯,直尺
硬幣,沐浴球
祝福卡,禮物袋,禮物盒,攝影機,立體卡
筆芯,自動鉛筆
水彩,彩色筆,包裝袋,手冊
修正帶,鋼珠筆,筆記
孔夾,定頁筆記本,筆記,螢光筆
書衣,筆芯,削筆機,魔擦筆
刷毛,口罩,證件套,充電線,收納盒,零錢包
滑鼠,星紙,油漆,背心袋
修正帶,夾鏈袋,束口袋,筆袋
橡皮擦,螢光筆
定頁筆記本,信套,膠筆
便利貼,筆袋,原子筆,紙盒,包裝紙,自動鉛筆
公文袋,束口袋
電池,麥克筆
鋼珠筆,束口袋
計算機,資料本,魔擦筆
原子筆,圓珠筆,釘書機
鋼珠筆,魔擦筆,螢光筆
膠帶,卡片,皺紋紙
浴帽
側背包,果汁筆,眼鏡架
電池,收納盒,計時器
剪刀,鋁尺,撲克牌
橡皮擦,自動鉛筆,螢光筆,線圈本
沐浴球,咖啡,紙膠帶
鋼珠筆,隨身杯,文件夾
明信片,便利貼,帆布
零食,簽字筆,果汁筆
泡麵,膠帶,雙面膠帶,橡皮擦
奇異筆,鉛筆,遙控器,魔擦筆
九分褲,短襪
筆芯,束口袋,便條紙
白板筆,票卡夾,氣球
貼紙
禮物袋,束口袋,杯架,筆袋
筆盒,瓦楞板,擦手巾,背心袋
洗衣網,鋼珠筆,筆芯,耳塞
禮卡,名片卡,筆記本,筆記,隨意貼,感謝卡,面紙,紙膠帶
修正帶,餐具組,溜溜筆
貼紙,螢光筆
延長線,鉛筆,鋁尺,自動鉛筆
筆芯,魔擦筆,自動鉛筆
蝴蝶結,美術紙,插頭
筆芯
票卡夾,印章,筆管
真順筆,削筆器,貼紙
背心袋,筆記,零錢包,橡皮擦,線圈本
直尺,削筆器,識別證,定頁筆記本,魔擦筆,墨水匣,白板筆
修正帶,麻繩,包裝紙
筆芯
標籤,文件套,彩帶
筆芯,鋼珠筆,沐浴球
隔熱墊,感謝卡,貼紙,卡片
修正帶,圓珠筆,原子筆,白膠
鋼珠筆,錢包
生日卡,拼圖,祝福卡,信套
展示框,隔熱墊,雙面膠帶,抱枕,洗衣網,吊飾
玻璃紙,遮陽帽,沐浴球
遮陽帽,貼紙
桌墊,圓珠筆,禮物袋,簽字筆,奇異筆
原子筆,白板筆,筆記,沐浴球
隔熱墊,紙卡
筆芯,毛筆,自動鉛筆
標籤,充傳線,印章
原子筆,筆芯,螢光筆
收納袋,耳機,織帶
修正帶,圓珠筆
簽字筆,手冊,風扇,名片盒
束口袋,印章,魔擦筆
簽字筆,風扇,彩虹筆
洗衣網,棒棒糖,紙膠帶,握筆
鉛筆芯,束口袋,便條紙
修正帶,鋁尺,筆記
筆芯,支架,眉筆,圓珠筆
圖釘,充電線,手提袋,烤盤,包裝紙
書衣,薯條,影印紙,紙膠帶,背心袋
色卡,隔熱墊,特厚紙
衣夾,牛皮紙,眼鏡盒,原子筆,識別證
計劃本本,娃娃,耳機,浴帽,背心袋
奇異筆,拼圖,紙膠帶
玻璃紙,螢光筆,定頁筆記本,筆記,雙面膠帶,原子筆,自動鉛筆
禮物袋,信套,自動鉛筆,線圈本
膠帶,筆袋,便利貼,自動鉛筆
圓珠筆,束口袋
書衣,支架,貼紙
皮繩,充電器
杯架,膠帶,沐浴球,帽子,背心袋
筆芯,錢包
禮物袋,提袋,捲線器
玻璃紙,鉛筆,筆芯,書衣,拼圖,墊板
文件袋,筆芯,資料夾
名片卡,圓珠筆,計算機
原子筆,橡皮擦
桌墊,玻璃紙,削筆器,畫本,信套,貼紙,背心袋
桌墊,玻璃紙,削筆器,畫本,信套,貼紙,背心袋
定頁筆記本,筆記
蠟筆,計算紙,魔擦筆
直尺,束口袋
自動鉛筆,螢光筆
原子筆,標籤,濕巾
奇異筆,自動鉛筆,魔擦筆,雙面膠帶
手帳,海綿,貼紙,螢光筆
削筆器,便利貼,方鏡,洞洞尺,美工刀,紀念冊
鋼珠筆,支架,筆芯,耳機
延長線,筆芯,襪套,背心袋
禮物袋,手提袋,跳繩
真順筆,螢光筆
迴紋針,浴帽
鋼珠筆,麻糬,掛袋,沐浴球,量杯
筆記本,果汁筆
束口袋,孔夾,名片卡,棉花,定頁筆記本,筆記本
收納袋,螢光筆
修正帶,筆芯,魔擦筆,置物袋
螢光筆
背膠,定頁筆記本,螢光筆
美工刀,螢光筆
手帳,貼紙
定頁筆記本,筆記,線圈本,錢包,蠟筆,眼鏡架,背心袋
鋼珠筆,螢光筆
鋼珠筆,名片盒
修正帶,螢光筆
修正帶,筆芯,乳膠
筆記,沐浴球,膠水
筆袋,果汁筆,沐浴球,眼鏡架
筆芯,遮陽帽,鋼珠筆,訂書針
識別證,襪套,再生紙
遮陽帽,果汁筆,沐浴球
書衣,票卡夾
鬆緊帶,積木,浴帽
筆芯,花布,蠟燭
便條紙,沐浴球,筆袋,背心袋
原子筆,沐浴球,線圈本
車充,便條紙,帆布
識別證,削筆器
領結,果汁筆,便條貼
筆芯,膠帶
釘書機,信套,便條本
原子筆,筆芯,魔擦筆
顏料
零錢包,娃娃,筆記,風扇
名片卡,書衣,傳輸線
遮陽帽,果汁筆
禮物盒,削筆器,特厚紙
修正帶,筆芯
束口袋,螢光筆,便條,便條紙,修正帶,墨水匣
乳膠,識別證,遙控車,背心袋
書衣,剪刀,背心袋
充電線,信封
打氣筒,束口袋,氣球
原子筆,證件套
修正帶,鋼珠筆,原子筆,橡皮擦,螢光筆
鋼珠筆,筆蓋
鋼珠筆,簽字筆,螢光筆
奇異筆,麥克筆,橡皮擦
筆芯,特厚紙,膠水
筆芯,筆管,特厚紙
遮陽帽,螢光筆,特厚紙,白板筆,耳扒,禮物卡
孔夾,資料本,背心袋
浴帽
特厚紙,標籤,拼圖,包裝紙,不織布,紙膠帶
再生紙,螢光筆
紙膠帶,貼紙,特厚紙
零食,印泥,紙膠帶
標籤,真順筆,背心袋
鋼珠筆,鋁尺,便條貼
鋼珠筆,掛勾,橡皮擦
標籤,生日卡
圓珠筆
洗衣網,圓珠筆,儲物罐,貼紙
橡皮擦,自動鉛筆
簽字筆,名片簿,口紅膠
資料簿,膠帶,皺紋紙
置物袋,魔擦筆,資料袋
曬衣架,眉筆,證件套,作業簿
螢光筆,浴帽,彩色筆,方鏡,筆袋,原子筆,日記,修正帶,票夾,棒棒糖,飾品
棒棒糖,手冊,包裝袋,便條紙
拼圖,筆芯,名片簿
標籤,零食
祝福卡,明信片,棒棒糖
禮物袋,線圈本,背心袋
原子筆,簽字筆,隔熱墊
圓珠筆,沐浴球
口紅膠,筆芯,魔擦筆,信套
充傳線,貼紙,簽名卡
桌墊,果汁筆
曬衣架,紗網,彩帶,眼彩筆,皺紋紙
鋼珠筆,滑鼠,彩色筆
便條紙,雙面膠帶,訂書針
筆芯,沐浴球
包裝紙,禮物袋,信套
奇異筆,襪套,削筆機
白板筆,貼紙,便條本
衣夾,果汁筆
色卡,圓珠筆,筆記本,束口袋
鋼珠筆,拉鍊袋,削筆器,眼鏡架
筆芯,美工刀
零食,眼彩筆
彩色鉛筆,禮卡,貼紙
毛線
耳機,削筆器,戒指,貼紙
鋼珠筆,削筆器,便條貼
鶴紙,線圈本
針筆,筆芯,名片盒
泡麵,螢光筆,特厚紙
奇異筆,乳膠
色紙
彩帶,色紙
標籤,公文袋,掛袋
鉛筆,圓珠筆,自動鉛筆,白板筆
側背包,筆記,眼鏡架
筆芯,公文袋,螢光筆
筆芯,螢光筆
修正帶,鋼珠筆,線圈本
延長線,票卡夾,自動鉛筆
簽字筆,收納袋,果汁筆,筆袋,顏料
活頁紙,削筆器,果汁筆,貼紙
鋼珠筆,便條紙,魔擦筆
奇異筆,咖啡,紙膠帶,卡片
筆盒,明信片,便條紙
鋁線,作業簿,公文袋,曬衣架
修正帶,手機套,畫冊,名片盒
不織布,禮物袋,信套,毛線,菜瓜布
標籤,束口袋,禮卡,資料本
真順筆,紙袋,線圈本
奇異筆,筆蓋,沐浴球
標籤,原子筆,奇異筆,自動鉛筆
票卡夾,圓珠筆,蝴蝶結,原子筆,自動鉛筆,拉鍊袋
筆芯,釘書機,果汁筆
拼圖,手機架,刷毛
桌墊,圓珠筆,充電線,置物袋
生日卡,筆袋,原子筆,魔擦筆
零食,膠帶,襪套,浴帽
內搭褲,螢光筆
筆芯,掛袋,蠟筆
修正帶,筆芯,自動鉛筆,螢光筆
印章,螢光筆
筆芯,滑鼠
筆芯,筆管
原子筆,筆芯,筆記,筆蓋
口罩
背膠,棉線,軟管
票卡夾,拉鏈袋,沐浴球,筆袋,修正帶,鋼珠筆
計時器,煙灰缸,背心袋
夾鍊,真順筆,內搭褲,鋼珠筆,書盒
修正帶,禮物盒,飾品
洗衣網,內搭褲,自動鉛筆
修正帶,筆芯,吊牌,原子筆,針筆
娃娃,背膠,蝴蝶結
筆芯,蠟筆,名片簿,螢光筆
筆芯,背心袋
修正帶,真順筆,襪套
紙膠帶,擦手巾,紙膠帶
標籤,印章,美工刀
真順筆,卡片,烤盤,原子筆,充電線,明信片
牛皮紙,邀請卡,擦手巾
奇異筆,名片盒,隔熱墊,螢光筆
膠套,眉筆,輕便袋
拉鍊袋,雙面膠帶,魔擦筆
圓珠筆
修正帶,公文袋,便利貼
筆芯,墊板,畫冊,筆管
孔夾,收納袋
口紅膠,膠帶,筆記本
圓珠筆,公文袋
迴紋針,便條,蝴蝶結,筆記,修正帶,資料本
鋁線,束口袋,名片盒,自動鉛筆
果汁筆,筆芯,鋁尺,針筆,紙膠帶
標籤,筆芯,拉鏈袋
鋼珠筆,禮物袋
文件夾,公文袋,背心袋
相本,手帳,貼紙
圓珠筆,訂書針,螢光筆
手提袋,標語,貼紙
筆芯
便條貼,遮陽帽,白板筆,果汁筆,名片盒
修正帶,圓珠筆,板夾
鋼珠筆,活頁紙,筆記
筆芯,信箋,鉛筆
遮陽帽,沐浴球,蝴蝶結
直尺,計劃本本,筆記本,貼紙,便條貼
名片卡,眼鏡架,名片盒,螢光筆
筆芯,螢光筆,背心袋
修正帶,螢光筆
修正帶,公文袋,筆記
抱枕,紙膠帶,隨身鏡,泡棉
隔熱墊,墨水匣,印章,彩虹筆
沐浴球,螢光筆
桌墊,抱枕
檯燈,圓珠筆,內搭褲
吊飾,鋼珠筆,修正帶,線圈本
包裝紙,沐浴球,背心袋
鋼珠筆,束口袋,筆袋
不織布,玻璃紙,彩帶,色紙
標籤,公文封,蠟筆
口罩,口紅膠,名片盒,化妝包
修正帶,圓珠筆,積木
墨水匣,螢光筆
便條,便條紙,自動鉛筆
鋼珠筆,筆袋,螢光筆
膠帶,布膠帶,包裝紙
麻糬,果汁筆,螢光筆
白板筆,包裝紙,禮卡,馬桶刷
筆芯,果汁筆,沐浴球,保利龍
奇異筆,筆芯,筆袋
延長線,蝴蝶結,板夾
遮陽帽,浴帽,活頁紙,背心袋,果汁筆,膠水
側背包,果汁筆,貼紙,筆記本
滑鼠墊,信套,禮卡,卡片,情人卡
泡麵,墨水匣,線圈本
咖啡,圓筒,訂書針,膠水
原子筆,筆芯,沐浴球
筆芯,墨水匣,白板筆
魔擦筆,洞洞尺,棉布,插頭
鋼珠筆,修正液,置物袋
瓦楞板,圓筒,曬衣架
鋼珠筆,橡皮擦,筆袋
生日卡,滑鼠,自動鉛筆
鋼珠筆,鋁尺,自動鉛筆
原子筆,圓珠筆,蝴蝶結,織帶
筆芯,圓珠筆
吊飾,感謝卡,貼紙
延長線,泡棉,鬧鐘,圓珠筆,蝴蝶結,筆記本,彩色筆,特厚紙,線圈本,吊飾
筆芯,果汁筆,便條紙
文件夾,感謝卡,鋼珠筆,襪套
支架,果汁筆,蠟筆
白板,墨水匣,原子筆
鐵絲,雙面膠帶,特厚紙,泡麵,自動鉛筆,膠帶
鋼珠筆,眼鏡架,螢光筆
拼圖,筆芯,筆記,魔擦筆
雙面膠帶,沐浴球,自動鉛筆
電蚊拍,筆芯,棉線,筆袋,鋼珠筆,瓦楞板
蝴蝶結,眼彩筆,貼卡,保利龍,不織布,膠帶,背心袋
圓珠筆,手機殼
陀螺,自動鉛筆
奇異筆,電池,沐浴球,板夾
筆蓋,菜瓜布,蠟筆
圓珠筆,耳機
信套,耳塞,魔擦筆,情人卡
公文袋,紙膠帶,麻繩
筆芯,筆盒,自動鉛筆
修正帶,鋼珠筆,筆記,螢光筆
便條貼,卡片,雙面膠帶,線圈本,防水袋,包裝紙,果汁筆,零錢包,背心袋
束口袋,沐浴球,螢光筆
識別證,筆芯,浴帽,自動鉛筆
髮束,板夾,螢光筆
票卡夾,防水袋,貼紙,便條紙,保溫杯
便條貼,螢光筆,筆筒,筆芯,沐浴球,提袋
隔熱墊,剪貼簿,貼紙
鋼珠筆,筆芯,魔擦筆
修正帶,果汁筆,螢光筆
束口袋
筆芯,簽字筆,橡皮擦,螢光筆
棒棒糖,自動鉛筆,便條貼
筆芯,簽名卡
洗衣網,沐浴球,隔熱墊,貼紙,橡皮擦
真順筆,襪套
修正帶,便條本,信紙,自動鉛筆
充傳線,風扇,轉接頭
修正帶,筆芯,貼卡,沐浴球,資料本
修正帶,鋼珠筆,墊板
原子筆,膠水
原子筆,修正帶,毛筆
筆記本,螢光筆
皮繩,祝福卡,感謝卡,菜瓜布
隔熱墊,定頁筆記本,背心袋,膠水
沐浴球,顏料
髮梳,筆記,手冊
修正帶,筆記本,布膠帶
夾鍊,墊板,計劃本本,記事本
烤盤,毛筆,證件套
孔夾,零食,釘書機,蠟筆
生日卡,資料簿,紙膠帶
夾鍊,書衣,電蚊拍
童襪,票卡夾,削筆機
公文袋,充傳線,背心袋
公文袋,充傳線,背心袋
遮陽帽,皺紋紙,毛線,色紙,特厚紙
牛皮紙,禮卡,便條紙,線圈本
延長線,防水袋,背心袋
口紅膠,浴帽,鞋墊
鉛筆,咖啡,特厚紙
鋼珠筆,筆記
鋼珠筆,儲物罐,橡皮擦
傳輸線,口紅膠,修正液
筆芯,鋼筆,玻璃瓶
圓珠筆,防水袋
筆芯,筆袋
包裝紙,貼紙,名片盒
棒棒糖,貼紙,螢光筆
桌墊,影印紙,公文袋,螢光筆
鋼珠筆,隔熱墊,眼彩筆
名片盒,鋼珠筆,螢光筆
孔夾,白板筆,筆記本
果汁筆,螢光筆
皮繩,筆記本
不織布,標籤,糖果,背心袋
鋼珠筆,禮物袋,眼鏡盒
筆芯,紙膠帶
板夾,螢光筆,蝴蝶結,彩色筆,標籤,夾鏈袋
白膠,貼紙,特厚紙
圓珠筆,美工刀,螢光筆
筆芯,便條,便條紙
筆芯,收納包
桌墊,洗衣網,沐浴球,保利龍,背心袋
壓克力板,吸盤,沐浴球
奇異筆
修正帶,果汁筆
筆芯,筆管
延長線,鋼珠筆,充電線,貼紙,蠟筆
電池,橡皮筋,曬衣架
筆芯,筆管
修正帶,沐浴球,貼紙
筆芯,紙膠帶
鋼珠筆,蠟筆
名片卡,修正帶,果汁筆,魔擦筆,信套
便條紙,鎖圈,棉布,背心袋
修正帶,桌墊,包裝紙
牛皮紙,卡紙,咖啡,特厚紙
白板筆,相本,名片簿
筆芯,自動鉛筆
修正帶,明信片,祝福卡,信套,名片盒
印泥,便條貼,便條紙
計劃本本,筆盒,桌曆,真順筆,襪套,螢光筆,圓珠筆,口罩,線圈本,皮繩,自動鉛筆
蝴蝶結,筆袋
雙面膠帶,沐浴球,信套
桌墊,修正帶,貼紙,螢光筆,紙膠帶
手機架,色紙,曬衣架
線圈本,積木,便條紙,紙膠帶
書盒,魔擦筆,檯燈,墊板,便條紙
洗衣網,螢光筆
眼彩筆,滑鼠,眼鏡架,螢光筆
筆芯,護唇膏,沐浴球
生日卡,鋁線,提袋
墨水匣,擦手巾
鋼珠筆
筆蓋,夾鏈袋,名片盒
不織布,貼紙,曬衣架
筆芯,沐浴球,螢光筆
奇異筆,筆記本,螢光筆
禮卡,名片盒,砧板,菜瓜布,印章,壁貼
原子筆,筆芯,修正帶
扣環,襪套,背心袋
圓珠筆,白板筆,便條貼,眼彩筆
修正帶,滑鼠,麻糬,定頁筆記本
修正帶,鋼珠筆,鋁尺,螢光筆
圓珠筆,支架,面紙
修正帶,鉛筆,彩色筆
修正帶,襪套
筆記,沐浴球,自動鉛筆
襪套,雙面膠帶
腊筆,貼紙,蠟筆
牛皮紙,冰棒
鋼珠筆,便條紙,螢光筆
原子筆,線圈本,自動鉛筆,信套
削筆器,筆芯,筆袋,提袋,原子筆,自動鉛筆
吊袋,包裝紙,手冊
電蚊拍,橡皮擦,名片簿,筆芯,色卡,鋼珠筆,筆管
奇異筆,鋼珠筆,充電線,果汁筆
鋼珠筆
蝴蝶結,香皂,蠟燭,貼紙
修正帶,感謝卡,禮卡,線圈本
鋼珠筆,筆芯,沐浴球
鋼珠筆,色紙,簽名卡,膠帶,白板筆,貼紙
冰棒,剪刀,充電線,白膠,鐵絲
票夾,果汁筆
筆芯,信套,沐浴球,飾品,膠水
紙袋,麻繩,吊牌,票卡夾
修正帶,名片盒,橡皮擦,螢光筆
修正帶,圓珠筆,便條紙
鋼珠筆,手提袋,沐浴球,螢光筆
修正帶,背膠,果汁筆
墊板,筆芯,眉筆,橡皮擦,自動鉛筆
鋼珠筆,棒棒糖,自動鉛筆,洞洞尺
筆芯,自動鉛筆
識別證,束口袋,自動鉛筆
耳扒,扁梳,圓珠筆,蝴蝶結,筆袋,抱枕,線圈本,檯燈
不織布,雙面膠帶,筆袋
書衣,色紙,筆管
祝福卡,手提袋,感謝卡
原子筆,定頁筆記本,皮繩,沐浴球,背心袋
原子筆,乳膠,吸盤,便條紙
桌墊,鉛筆,直尺
不織布,海綿,眼線液
收納袋,防水袋,線圈本
修正帶,飾品,螢光筆
鋼筆,筆記,眼鏡架
禮物盒,麻繩,削筆器
筆蓋,螢光筆
行事曆,鋼珠筆
修正帶,禮卡
便條,檯燈,束口袋
玻璃紙,圓珠筆,蝴蝶結,修正帶,拼圖,棒棒糖
彩色筆,糖果,提袋,修正帶,公文袋,貼卡,貼紙
白板,長枕,保利龍,自動鉛筆
修正帶,筆蓋,襪套
泡棉,筆芯,雙面膠帶,相框,文件袋,膠帶
便條,果汁筆,筆袋
鉛筆,內搭褲,橡皮擦
書衣,魔擦筆,筆記本,公文袋,螢光筆
水彩,票卡夾,雙面膠帶
筆記本,筆記,紙膠帶
魔擦筆,筆記本,筆記,筆袋
桌墊,名片卡,洞洞尺
桌墊,簽字筆,麥克筆,筆記本,洞洞尺
色卡,剪刀,貼紙,曬衣架
祝福卡,筆盒,禮卡,手冊,卡片,感謝卡,生日卡
簽字筆,膠帶,釘書機,果汁筆
桌墊,筆芯,白板筆,繪本
書衣,麥克筆
原子筆,文件袋,計算紙
標籤,印泥,剪刀
禮卡,羊毛氈,曬衣架,眼鏡盒,信套,背心袋
鋼珠筆,筆記,馬桶刷,線圈本
筆芯,束口袋,筆蓋
鋼珠筆,紙膠帶
筆盒,水晶燈,便條,信套,相本
標籤,奇異筆,便條紙
鋼珠筆,蝴蝶結,收納袋
蝴蝶結,禮卡
不織布,鋼珠筆
鋼珠筆,果汁筆
空瓶,筆芯,沐浴球
蝴蝶結,筆袋,抱枕
筆芯,蝴蝶結,彩色筆,修正帶,鋼珠筆,簽字筆,修正液
延長線,背心袋
原子筆,奇異筆
牛皮紙,鋼珠筆,包裝紙
卡紙,鶴紙,名片盒,隔熱墊,雙面膠帶,眉筆
削筆器,螢光筆,背心袋
洗衣網,活頁紙,夾子,貼紙
充電線,信封,公文袋,眼彩筆
螢光筆,筆芯,筆記本,自動鉛筆,生日卡,手提袋
名片卡,背袋,軟管,便條紙
迴紋針,標籤,色卡
膠帶,美工刀,資料袋
修正帶,筆芯
帳單,影印紙,背心袋
沐浴球,膠水
計劃本本,筆蓋,修正帶
魔擦筆,沐浴球,浴帽
紙膠帶
便條紙,拉鏈袋,貼紙,魔擦筆
修正帶,筆芯,果汁筆
筆芯,眉筆,襪套
鉛筆,筆芯,彩色筆,乳膠,感謝卡,印章,禮物盒,手提袋
蝴蝶結,沐浴球,果汁筆,色紙,剪刀,紙膠帶,膠水
名片卡,圓珠筆,握筆,名片簿,線圈本
定頁筆記本,筆記本,彩虹筆
沐浴球,拼圖,鋼珠筆,印章,曬衣架,檯燈
影印紙,毛筆
螢光筆,資料袋,筆記,鋼珠筆,自動鉛筆,手機套,內搭褲
橡皮擦,圓規,作業簿
便條,橡皮擦,筆蓋
玻璃紙,背袋,雙面膠帶,紙膠帶
削筆器,便條,感謝卡,公文袋,隨身鏡,餐具組,證件套,背心袋
膠帶,墨水匣,公文袋
修正帶,果汁筆,橡皮擦
空瓶,蝴蝶結,遮陽帽,保利龍
泡麵,口罩,襪套
白板筆,削筆器,資料本,線圈本
玻璃紙,資料夾,收納包,魔擦筆
感謝卡,禮卡,提袋
修正帶,刮刀
名片卡,名片簿,情人卡
貼紙,相本,膠水
拉鍊袋,貼紙
鋼珠筆,紙卡,貼紙,口紅膠,泡棉
收納袋,紙膠帶,禮卡
原子筆,果汁筆,沐浴球,螢光筆
信封,感謝卡,特厚紙
筆芯,筆袋
票卡夾,橡皮擦,膠水
修正帶,計時器,保利龍
名片簿,螢光筆
包裝紙,禮物袋,彩色筆,貼紙,紙膠帶
包裝紙,紙卡
原子筆,圓珠筆,感謝卡,橡皮擦
板夾,紙袋,香皂,螢光筆
花圈,紙膠帶
鋼珠筆,信套,雙面膠帶,名片盒
洗衣網,包裝紙,飾品
紙膠帶
玻璃紙,名片卡,原子筆,紙卡
修正帶,感謝卡,原子筆,隨身鏡,線圈本
香蕉夾,紙膠帶,筆記
筆芯,筆管
紙袋,紙膠帶,提袋
玻璃紙,標語,隔熱墊,雙面膠帶,鋼珠筆,檯燈,紙膠帶,貼紙
果汁筆
修正帶,文件袋,便條,果汁筆
吊飾,雙面膠帶,泡棉
修正帶,筆芯,眉筆
禮花,禮物袋,蠟燭,貼紙
洗衣網,手帳,卡片
眼鏡盒,禮物袋,側背包,紙膠帶,沐浴球
生日卡,紙膠帶,蠟筆,線圈本
直尺,鉛筆,蠟筆,膠水
支架,襪套,訂書針
彩帶,生日卡,泡棉
貼紙
隔熱墊,毛線,螢光筆,提袋
生日卡,感謝卡,皺紋紙,貼紙,線圈本
筆芯,撲克牌
電蚊拍,瓦楞板,掛袋
直尺,筆芯,削筆器
直尺,鋼珠筆
紙袋,禮物袋,馬克杯
資料簿,線圈本,刷毛
麻繩,紙膠帶,小木夾
筆芯,筆袋
束口袋,名片卡,插頭,奇異筆,貼卡,信套,貼紙
修正帶,明信片,筆記本
奇異筆,筆芯,鋼珠筆
果汁筆,眼鏡架,眼彩筆
筆蓋,果汁筆,筆袋
空瓶,禮物袋,儲物罐
耳扒,筆芯,白板筆
吊飾,削筆機,便條紙
名片簿,筆記本,拉鏈袋,筆袋,線圈本,鋼珠筆,茶
筆袋,自動鉛筆,沐浴球,螢光筆
賀卡,自動鉛筆,螢光筆
修正帶,果汁筆,筆記
電蚊拍,橡皮擦,筆芯,筆袋,鋼珠筆,美工刀
乳膠,檯燈,雙面膠帶
香皂,蠟燭,氣球
生日卡,筆芯
支架,菜瓜布,耳機,卡片
果汁筆,筆記本,筆記,名片盒
童襪,浴帽
手環,剪刀,計算紙,鋼珠筆,面紙
鋼珠筆,筆芯,零錢包
直尺,筆芯,溜溜筆
圓珠筆,鋼筆,螢光筆
禮物盒,膠水,提袋
圓珠筆,積木
襪套,杯架,便利貼,資料袋,稿紙,彩色筆,瓦楞紙,咖啡,公文袋,背心袋
傳輸線,瓦楞板,襪套,背心袋
書衣,紀念冊,背心袋
修正帶,果汁筆,直尺,筆袋
修正帶,筆袋,眼彩筆
板夾,充傳線,筆記,標籤,傳輸線,棒棒糖
修正帶,鋼珠筆,桌墊
便利貼,螢光筆,筆記,短襪,筆袋,紙膠帶,膠水
彩色筆,襪套,背心袋
迴力車,氣球,髮帶,背心袋
削筆器,便條貼,識別證,烤盤,彩色筆,皮繩,鋼珠筆,原子筆,證件套
筆蓋,洞洞尺
紙膠帶,鋼珠筆,束口袋,板夾,小木夾
資料簿,板夾,鉛筆,筆芯,原子筆,彩虹筆
雙面膠帶,耳機,筆記,包裝紙,果汁筆,貼紙
桌墊,玻璃紙,牛皮紙,麻繩,印章,夾子,保利龍
名片盒,禮卡,螢光筆
蠟筆
真順筆,名片盒,螢光筆,圓珠筆,蝴蝶結,標籤,麻糬,吊飾,果汁筆,手帳
鋼珠筆,自動鉛筆
感謝卡,名片盒
筆記本,零錢包,背心袋
資料簿,便利貼,名片盒,蝴蝶結,筆袋,色卡,面紙
充電線,果汁筆,背心袋
紙卡,瓦楞板,插頭
膠帶,包裝紙,蝴蝶結,色紙
便條,禮物袋,貼紙,線圈本
鋼珠筆,筆芯,橡皮擦,自動鉛筆
修正帶,筆芯,彩色筆,蠟筆
洗衣網,釘書機,立體卡
筆袋,果汁筆,魔擦筆
定頁筆記本,咖啡
隔熱墊,筆記本,自動鉛筆
票卡夾,削筆機
鋼珠筆,娃娃,筆袋
浴帽,螢光筆
雙面膠帶,貼紙,訂書針
洗衣網,鉛筆,信封,自動鉛筆
筆芯,魔擦筆,膠水
拼圖,束口袋,蝴蝶結,紙膠帶
果汁筆,鋼珠筆,鋁線,沐浴球,螢光筆
筆盒,螢光筆
鋼珠筆,束口袋,眉筆
墨水匣,眉筆,自動鉛筆
傳輸線,眉筆,線圈本
筆芯
刀片,鋼珠筆
彩色鉛筆,筆芯,背心袋
玻璃紙,禮物卡,浴帽
果汁筆,沐浴球,小木夾
修正帶,貼紙,筆袋
修正帶,貼紙
收納袋,橡皮擦
不織布,冰棒,紙膠帶,圓筒,美工刀
口紅膠,剪刀,貼紙,特厚紙
簽字筆,拉鍊袋,橡皮筋,蠟筆
修正帶,鋼珠筆
空瓶,定頁筆記本,色卡
墊板,儲物罐,螢光筆
書衣,筆袋,魔擦筆,置物袋,背心袋
鋼珠筆
吊飾,書衣,釘書機,彩色筆
鋼珠筆,紙袋,蠟筆,提袋
圓珠筆,鋼珠筆
延長線,文件夾,標籤,原子筆,彩色筆
修正帶,鋼珠筆,洞洞尺,蠟筆,信套
水彩,餐具組,化妝包
筆記本,貼紙,棒棒糖,線圈本
白板筆,拉鏈袋,背心袋
迴紋針,鋼珠筆
直尺,膠帶,膠水
孔夾,資料本,名片
原子筆,筆蓋,掛袋
資料簿,魔擦筆,螢光筆
鋼珠筆,筆芯,沐浴球,訂書針
筆芯,螢光筆
魔擦筆,螢光筆
背袋,筆袋,筆芯,軟墊
真順筆,圓珠筆,束口袋,髮帶
標籤,原子筆,眉筆
禮物盒,飾品,紙卡
白板筆,沐浴球,眼鏡架
筆芯,便條紙
標籤,信封,置物袋
圓珠筆,襪套,魔擦筆
童襪,雪平鍋,螢光筆
修正液,釘書機,魔擦筆
奇異筆,電池,麥克筆
墊板,螢光筆,筆蓋
標籤,便條,紙膠帶
原子筆,鋼珠筆
鋼珠筆,橡皮擦,袖套
果汁筆,眼鏡架
果汁筆,眼鏡架
果汁筆,沐浴球
果汁筆,沐浴球,眼鏡架
果汁筆
修正帶,零食,鋼珠筆
水彩,隔熱墊
奇異筆,計劃本本,名片卡,資料袋
鋼珠筆,筆芯
卡紙,壁貼,擦手巾
內搭褲,鞋墊
記憶卡,計劃本本,遮陽帽,名片盒,筆芯,筆蓋,影印紙
直尺,修正帶,定頁筆記本,圓規
修正帶,便條本,螢光筆,線圈本
桌墊,鋼珠筆,線圈本
電池,圓珠筆,面紙,果汁筆,桌墊
孔夾,名片卡,削筆器,果汁筆,蠟筆
筆芯,墊板,識別證
祝福卡,乳膠,感謝卡,氣球
筆蓋,洞洞尺
零食,筆芯,襪套
直尺,鉛筆,筆記,沐浴球,螢光筆
筆芯,果汁筆
花生,感謝卡,眉筆
果汁筆,貼紙,禮物卡
鋼珠筆,沐浴球
修正帶,筆蓋,筆袋
筆芯,麻糬,儲物罐,自動鉛筆
修正帶,零食,膠帶,釘書機,計算機
感謝卡,信套
修正帶,鋼珠筆
修正液,貼紙,線圈本
面具,筆袋,水彩,修正液,彩虹筆,背心袋
削筆器,印台,蠟筆
祝福卡,卡片,筆芯,吸盤,自動鉛筆,馬克杯
筆芯,筆管
插頭,貼紙,線圈本
鋼珠筆,掛勾,影印紙,螢光筆
鉛筆,剪貼簿,背心袋
隔熱墊,瓦楞板,圓筒
吊飾,襪套,立鏡
電池,充電線,襪套,立鏡
文件套,襪套,魔擦筆
筆芯,墨水匣,眉筆
禮物袋,包裝紙,飾品
原子筆,修正帶,筆袋
桌墊,面具,便利貼,泡棉,結婚卡,插頭,手機殼,背心袋,禮物袋,感謝卡,氣球
蝴蝶結,束口袋,餐具組
筆芯,筆袋,保護膜
奇異筆,書衣,書籤
圓珠筆,沐浴球,相片,口紅膠
保利龍,票卡夾,螢光筆
筆芯,特厚紙,手帳,沐浴球,背心袋
襪套,美工刀
修正帶,桌墊,遮陽帽,螢光筆
圓珠筆,美工刀
原子筆,白板筆,貼紙
白板筆,貼紙,紙膠帶
剪貼簿,信套,貼紙
直尺,隔熱墊,彩色筆
原子筆,筆記本,儲物罐,自動鉛筆
橡皮擦,名片卡,蝴蝶結,原子筆,自動鉛筆,膠水
直尺,標籤,貼紙
筆盒,蓮蓬頭,筆芯,瓦楞板,手機套,證件套
筆芯,筆管
修正帶,果汁筆,白板筆,筆記,自動鉛筆
不織布,文件袋,髮帶
筆芯,果汁筆,文件夾,鉛筆
筆芯,浴帽,筆管
牛皮紙,膠帶,咖啡,特厚紙
原子筆,隔熱墊,直尺,貼紙,筆記
著色本,紙膠帶,飾品
信套,貼紙,魔擦筆
膠帶,自動鉛筆,線圈本
鋼珠筆,隔熱墊,鋼筆
信紙,魔擦筆
修正帶,鉛筆,蝴蝶結,側背包,自動鉛筆
筆記本,襪套,書籤
彩色筆,貼紙,線圈本
紙膠帶,貼紙,特厚紙
感謝卡,名片盒,氣球
耳塞,化妝包,雙面膠帶
修正液,鶴紙,抱枕
滑鼠,便利貼,背心袋
筆芯,遮陽帽
滑鼠,感謝卡
筆芯,筆管,拉鏈袋,貼紙,自動鉛筆
便條,針筆,標籤,瓦楞板,紙袋,手提袋,背心袋
九分褲,公文袋,眼鏡架
果汁筆
原子筆,鋼珠筆,網袋,筆記,曬衣架
彩色筆,陀螺,保利龍
電池,禮卡,名片卡,筆記,標籤,修正帶,防水袋
娃娃,圓珠筆,浴帽
眼鏡盒,筆記,魔擦筆
傳輸線,拼圖,原子筆,奇異筆
公文袋,鋼絲,浴帽
彩色筆,紙膠帶,插頭
書衣,棉線,鈴鐺
明信片
奇異筆,瓦楞板
定頁筆記本,剪貼簿,筆記
筆芯,雙面膠帶,便條紙
標籤,感謝卡,禮卡,卡片,背心袋
黏土,白板筆,香蕉夾,杯架
剪貼簿,線圈本
彩色鉛筆,筆芯,拉鍊袋,原子筆,鬧鐘
文件夾,證件套,螢光筆
修正帶,鉛筆芯,氣球,票卡夾
修正帶,麥克筆,蠟筆
筆記,貼紙,紙膠帶
信封,禮卡,票卡夾
沐浴球,卡片
充電線,名卡,滑鼠,背心袋
背袋,筆芯,橡皮擦
筆芯,票卡夾,眉筆
傳輸線,名片簿,背心袋
娃娃,檯燈,筆芯
瓦楞板,感謝卡
鋼珠筆,圓筒,卡片
棉花,沐浴球,名片盒,顏料
圓珠筆
禮花,鋼珠筆,包裝紙,卡片,紙膠帶
感謝卡,禮卡,名片簿,貼紙
毛筆,感謝卡,信套,禮卡,貼紙
筆芯,沐浴球
原子筆,圓珠筆,襪套
修正帶,文件袋,稿紙
掛勾,網路線,背心袋
傳輸線,自動鉛筆,名片盒
娃娃,眼鏡架,橡皮擦
圓珠筆,貼紙
泡麵,口紅膠,原子筆,螢光筆
修正帶,原子筆,美工刀
果汁筆,定頁筆記本,筆記,筆記本,魔擦筆
削筆器,紙膠帶,卡片
計劃本本,筆芯,眼彩筆
桌墊,色紙,螢光筆
原子筆,標籤,定頁筆記本,螢光筆,圓規
溜溜筆,筆芯,鋁尺,筆袋,螢光筆
生日卡,感謝卡,襪套,印章
奇異筆,信套,紙膠帶
筆芯,墨水匣,螢光筆
資料夾,螢光筆
禮花,蝴蝶結,感謝卡
真順筆,票卡夾,沐浴球,感謝卡,手提袋,紙膠帶,貼紙
感謝卡,美工刀,小木夾
橡皮擦,螢光筆,修正帶,自動鉛筆,吊飾,手提袋,背心袋
特厚紙,信封,貼紙,紙卡
筆芯,貼紙,蠟筆
修正帶,白板筆,印章
標籤,牛皮紙,蠟燭,貼紙,背心袋
筆記本,自動鉛筆,泡棉
果汁筆,沐浴球
牛皮紙,禮卡
蠟筆,名片盒,眼鏡架
卡紙,名片盒,泡棉,插頭,禮物卡,吊牌,壁貼
冰棒,瓦楞板,棉布,保利龍
鋼珠筆,滑鼠,紙膠帶
零食,茶,螢光筆
特厚紙,耳塞,膠水
修正帶,桌墊,膠水
桌墊,削筆器,筆記,提袋,色卡,紙膠帶,紙膠帶
拉鍊袋,感謝卡,貼紙
果汁筆,風扇,自動鉛筆,包裝袋
禮花,隔熱墊,票卡夾,包裝紙
公文袋,果汁筆,電源線
手錶,信套,零錢包,自動鉛筆
收納袋,孔夾,定頁筆記本,魔擦筆,線圈本,彩虹筆
原子筆,名片盒,牛奶糖,貼紙,螢光筆
筆芯,筆記本,沐浴球,便條貼
鋼珠筆,畫本
果汁筆,陀螺
信封袋
奇異筆,卡紙,瓦楞板
自動鉛筆,眉筆,螢光筆
鋼珠筆,筆管
識別證,筆芯,帆布
延長線,滑鼠,背心袋
襪套,螢光筆,濕巾,鋼珠筆,面紙,計算機
禮物袋,公文袋,背心袋
孔夾,電池,修正帶
筆芯,雙面膠帶,鬧鐘
彩色鉛筆,紙膠帶,特厚紙
插座,口紅膠,筆記,零錢包,背心袋
標籤,筆記,便條紙,信套
修正帶,筆芯,筆記
奇異筆,背心袋,內搭褲,美工刀,螢光筆
吊飾,積木,信套
修正帶,螢光筆
資料夾,果汁筆,便條貼,眼鏡架
蝴蝶結,鋁尺,特厚紙
遮陽帽,白板筆,便利貼,髮帶
桌墊,吊袋,便利貼,螢光筆,筆袋,禮物袋,掃把
麥克筆,信套,刷毛
果汁筆,螢光筆
泡麵,電池,信套
迴紋針,禮物袋,保利龍,織帶,小木夾
原子筆,筆芯,膠帶
鋼珠筆,筆袋,筆芯,自動鉛筆,螢光筆
修正帶,果汁筆,削筆機,名片盒
襪套,雪平鍋
泡麵,鋼珠筆,白板筆,跳繩
鋁尺,筆袋,線圈本
名片盒,螢光筆,筆芯,筆蓋,鉛筆,筆記,魔擦筆,奇異筆,原子筆,面紙,剪刀
筆芯,自動鉛筆,螢光筆
延長線,置物袋,筆袋
剪刀,螢光筆
奇異筆,圓珠筆,瓦楞板,內搭褲,線圈本
原子筆,眉筆,撲克牌
膠帶,卡紙,奶瓶
紙膠帶,貼紙
生日卡,沐浴球,名片盒,曬衣架
圓珠筆,剪刀
九分褲,鋁尺,蠟燭
浴帽
票卡夾,襪套
玻璃紙,隔熱墊,沐浴球,卡片
筆芯,筆記本,筆記
軟管,瓦楞板,鐵絲,保利龍
筆芯,筆記,筆袋
積木,印章,貼紙
手提袋,眼鏡盒,筆袋
雙面膠帶,螢光筆,自動鉛筆,溜溜筆
貼紙,飾品,泡棉
衣夾,鑰匙圈,色紙
剪刀,便利貼,名片盒,背心袋
名片卡,筆芯,橡皮擦
圓珠筆,墨水匣,儲物罐,貼紙
計劃本本,鋼珠筆,筆袋
計劃本本,紙膠帶,餅乾,膠台,線圈本
鐵絲,存錢筒,餅乾,背心袋
膠台,泡棉,糖果,感謝卡,餅乾,曬衣架,紙膠帶,貼紙
手機套,白板筆,相本
鬆緊帶,鑰匙扣,彩色筆,餅乾
眉筆
修正帶,鋼珠筆,充電線,內搭褲,名片簿
修正帶,沐浴球,魔擦筆
孔夾,定頁筆記本,筆記
筆芯,魔擦筆
內搭褲,沐浴球,魔擦筆
原子筆,筆芯,橡皮擦
筆蓋,遮陽帽,化妝包
名片卡,耳塞,飾品
奇異筆,禮物盒,背心袋
修正帶,鉛筆芯,防水袋
口罩,削筆機,美工刀
手電筒,便利貼,筆記,耳機,日誌,相本,餅乾
原子筆,置物袋,刷毛
白板筆,便利貼,螢光筆
筆芯,瓦楞板,果汁筆
玻璃紙,電話簿,印泥,鉛筆,筆芯,雙面膠帶,便條紙,特厚紙,墨水匣,影印紙,背心袋,相框,自動鉛筆,餅乾,印章,膠帶,白板筆,溜溜筆
奇異筆,束口袋
筆芯,橡皮擦,筆管
桌墊,筆芯,沐浴球
筆芯,計算紙,便條
板夾
原子筆,化妝水,票卡夾,拉鏈袋,沐浴球
迴紋針,雜誌,文件夾,票卡夾,禮卡,螢光筆,彩色筆,便條紙
滑鼠,禮卡,卡片
原子筆,鋼珠筆,圓珠筆,真順筆
滑鼠,印泥,冰棒,黏土,立鏡
鋼珠筆,果汁筆,餅乾,手冊
圓珠筆,自動鉛筆
計劃本本,書衣,蓮蓬頭
迴紋針,自動鉛筆,溜溜筆
信套,紙膠帶,貼紙
原子筆,觸控筆,充傳線
筆芯,白板筆,便條貼
白膠,內搭褲,螢幕
奇異筆,感謝卡,貼紙
餅乾,自動鉛筆,削筆機,筆袋
隔熱墊,遮陽帽,便條紙
計劃本本,印泥,溜溜筆
修正帶,禮物袋,定頁筆記本
定頁筆記本,束口袋,色紙
修正帶,筆芯,拉鍊袋,真順筆
圓筒,鞋墊
名片盒,修正液,螢光筆
原子筆,真順筆
包裝紙,信套,紙膠帶,貼紙
原子筆,圓珠筆,棒棒糖,名片盒
墨水匣,白板筆,便條紙
鉛筆,衣夾,雙面膠帶,筆記本,背心袋
明信片,白板筆
不織布,筆芯,相片
鋼珠筆,鋼筆,溜溜筆
列印紙,禮卡,名片盒,卡片,感謝卡,棒棒糖
鋼珠筆,眉筆
麥克筆,瓦楞板
孔夾,定頁筆記本
修正帶,鋼珠筆,果汁筆
背心袋,貼紙,橡皮擦,小木夾
燈管,棉布,捲線器
紙膠帶,信套,書籤
不織布
鋼珠筆,沐浴球,玻璃瓶,馬桶刷
筆芯,針筆,美工刀
鬆緊帶,筆芯,餅乾,置物袋
沐浴球,禮卡,相框,馬克杯,簽名卡
標籤,零食,膠帶
麥克筆,板夾,筆筒,螢光筆,置物袋,標籤,修正帶,釘書機,訂書針,美工刀,文件袋,膠帶
奇異筆,電池,鋼珠筆
祝福卡,浴帽,筆芯,口紅膠,鋼珠筆,餅乾,背心袋
滑鼠墊,襪套,魔擦筆
鋼珠筆,咖啡,扣夾
沐浴球,魔擦筆,線圈本
祝福卡,零食,餐盒,禮卡,卡片,感謝卡,眼彩筆
滑鼠墊,修正帶,膠水
充電線,內搭褲,浴帽
牛皮紙,真順筆,螢光筆
信套,禮卡,鋼珠筆,相框,手提袋,紙膠帶,貼紙
生日卡,便條紙,果汁筆,螢光筆
傳輸線,生日卡,標籤
雜誌,紙袋,積木
攝影機,禮卡,感謝卡,貼紙
原子筆,烤盤,手冊
筆芯,隔熱墊,名片盒
卡紙,瓦楞板,貼紙,名片盒
修正帶,圓珠筆,蝴蝶結,定頁筆記本,板夾
鋼珠筆,感謝卡,鑽沙夾,禮卡
衣夾,公文袋,背心袋
鋼珠筆,公文袋
計劃本本,眉筆,色卡
生日卡,果汁筆,筆記
不織布,沐浴球,宣紙
圓珠筆,遮陽帽,自動鉛筆
筆芯,鋼珠筆,螢光筆
原子筆,桌墊,檯燈
空瓶,背袋,襪套
軟管,泡棉,名片卡,圓珠筆,短襪,感謝卡,包裝紙,蠟燭,立體卡,支架,信套
標籤,鋼珠筆,餅乾
奇異筆,筆蓋,修正帶
圓珠筆,短襪,原子筆,防水袋,耳扒,紙膠帶
鋼珠筆,膠帶,餅乾,魔擦筆
棒棒糖,筆記本,襪套,沐浴球,餅乾
眼鏡架,魔擦筆
定頁筆記本,內搭褲,螢光筆
標籤,檯燈,畫冊
原子筆,美工刀,便條貼
桌墊,電池,存錢筒
修正帶,美工刀,溜溜筆
車充,信封,眼彩筆
識別證,面紙,筆記,便條紙
果汁筆,便條紙
襪套,橡皮擦,筆蓋,筆芯,洞洞尺,鋼珠筆,溜溜筆
鋼珠筆,削筆器,防水袋,溜溜筆
包裝紙
孔夾,筆記,螢光筆
螢光筆,眼彩筆
桌曆,卡紙,餅乾,皮夾,計算機,溜溜筆
鋼珠筆,螢光筆,線圈本
祝福卡,口紅膠,感謝卡,禮卡
原子筆,口紅膠,列印紙,感謝卡
防水袋,相本,書卡,背心袋
原子筆,票卡夾,眉筆,螢光筆
洞洞尺,特厚紙,修正帶,白板筆,眉筆,貼紙,眼彩筆
電池,滑鼠,蠟燭,襪套
餅乾,溜溜筆
奇異筆,束口袋
桌墊,筆芯,沐浴球
感謝卡
電池,筆芯,鋼絲
膠帶,相框,紙膠帶
鬆緊帶,麥克筆,禮卡
背心袋,板夾,眼彩筆
感謝卡,包裝袋,背心袋
彩色筆,魔擦筆,特厚紙
橡皮擦,筆芯,筆袋,鋼珠筆,蠟筆,果汁筆
洗衣網,鋼珠筆,蠟筆
生日卡,信套,貼紙
遮陽帽,名片盒,泡棉,螢光筆,燈管,原子筆,不織布
口紅膠,果汁筆
鋼珠筆,彩色筆
束口袋,削筆器,眉筆,橡皮擦
修正帶,筆芯,自動鉛筆
襪套
圓珠筆,束口袋,螢光筆,溜溜筆
桌墊,鋼珠筆
彩帶,皺紋紙
檯燈,標籤,卡紙,沐浴球,螢光筆
洗衣網,背心袋,鋁尺,瓦楞板
標籤,不織布,包裝紙
中國結,紙膠帶,貼紙
筆記,杯架
泡棉,筆記,原子筆,打氣筒,茶,鋼珠筆,充電線,童襪
鋁尺,削筆器,洞洞尺
圓珠筆,支架
筆記,貼紙
筆芯,果汁筆,濕巾
筆芯,口紅膠
筆記本,果汁筆,沐浴球
螢光筆,滑鼠,充傳線,奇異筆,修正帶,桌燈,資料本
名片,鋼珠筆,充電線,名片盒
鋼珠筆,筆袋,便條紙
紙袋,麥克筆,蠟燭
名片盒,白板筆,螢光筆
奇異筆,筆芯,螢光筆
生日卡,祝福卡
桌墊,包裝紙,眼彩筆
感謝卡,曬衣架
筆芯,便條,果汁筆,螢光筆,筆記
鋼珠筆,計時器,名片簿
手提袋,滑鼠,棒棒糖
洗衣網,背心袋,禮卡,眼線液
行事曆,美工刀,蠟筆
文件夾,筆蓋,奇異筆,水彩,餅乾,針筆,果汁筆,資料本,眼彩筆
原子筆,墨水匣,便條紙,螢光筆
奇異筆,膠帶,紙膠帶,貼紙
修正帶,鋼珠筆,白板筆
插座,餅乾,傳輸線
洗衣網,筆套,貼卡
明信片,紙膠帶,貼紙,餅乾,眼線液
筆芯,扁梳,手冊
禮卡,眼彩筆
真順筆,貼紙
文件夾,攝影機,餅乾
筆記,美工刀
沐浴球,便條紙,鋼珠筆,唇蜜,餅乾,剪刀,眉筆,計算機
電池,筆芯,筆記,自動鉛筆,眼彩筆
禮卡,布膠帶,奇異筆,禮物袋,白板筆,貼紙
鉛筆,筆盒,貼紙
修正帶,鋼珠筆,餐具
不織布,膠帶,皺紋紙,氣球
削筆器,橡皮擦,布膠帶,沐浴球,便條紙,貼紙
感謝卡,線圈本
修正帶,圓珠筆,檯燈,紙膠帶,筆袋
紙膠帶,螢光筆
筆芯,電蚊拍,壁貼,筆管
隔熱墊,瓦楞板,氣球
標籤,鋼珠筆,禮卡
筆記本,包裝紙,便利貼
筆芯,衣夾,禮卡,印泥
電池,鑰匙扣,眼彩筆
口紅膠,感謝卡,立體卡,餅乾,相框,手提袋,紙膠帶
筆芯,信箋,果汁筆
電蚊拍,滑鼠,貼紙,背心袋
筆盒,包裝紙,相框
禮卡,長枕,曬衣架,生日卡,白板筆,禮物卡
感謝卡,沐浴球
筆芯,螢光筆,曬衣架
瓦楞板,果汁筆,圓筒,卡片
真順筆,名片盒,布膠帶,奇異筆,感謝卡,紙膠帶
修正帶,拼圖,白板,信套
內搭褲,眉筆,鞋墊
鋼珠筆,筆記
色卡,積木,標籤,鎖圈,空瓶
桌墊,證件套,耳機,便條紙,螢光筆
修正帶,鋼珠筆,眉筆
貼紙,信套
鑰匙扣,禮卡,螢光筆,感謝卡,包裝紙,曬衣架,紙膠帶
圓珠筆,定頁筆記本,橡皮擦,板夾
支架,橡皮擦
筆芯,筆管
奇異筆,牛皮紙,卡片
瓦楞板,自動鉛筆,膠水
鋼珠筆,白板筆,筆芯,橡皮擦
原子筆,標籤,沐浴球,奇異筆
修正帶,果汁筆,襪套
空瓶,刮刀,沐浴球
耳塞,短襪,便條紙,泡棉
筆袋,感謝卡,飾品,提袋,背心袋
桌墊,紙膠帶
鋼珠筆,白板筆,筆記
生日卡,提籃,相框
桌遊,白膠,貼紙,眼彩筆
奇異筆,鋼珠筆,眉筆,折傘
收納袋,麥克風,背心袋
修正帶,貼紙,信套
圓珠筆,畫本
圓珠筆,彩色筆,彩虹筆
禮物袋,感謝卡,包裝紙,書籤
生日卡,滑鼠,印章
襪套
生日卡,禮物袋,信套,卡片
信套,貼紙
原子筆,收納盒,資料袋
保利龍,公文袋,名片盒
內搭褲,襪套
存錢筒,冰棒,白膠,顏料
修正帶,面紙,筆記,零錢包,螢光筆
奇異筆,果汁筆
筆芯,眼鏡架,信紙,沐浴球,橡皮擦
眉筆,沐浴球,螢光筆
生日卡,筆芯,信套
感謝卡,字卡
邀請卡,筆蓋,杯架
橡皮擦,充電線,訂書針,撲克牌
原子筆,筆記
奇異筆,車充,自動鉛筆
筆芯,筆管
麻繩,手冊,眼鏡架
原子筆,文件袋,背心袋
修正帶,鋼珠筆
奇異筆,筆芯,筆管
生日卡,收納袋,棒棒糖,提袋
生日卡,衣夾,包裝紙
名片卡,修正帶,膠水
果汁筆,鋼珠筆,筆記
感謝卡,貼紙,名片盒
