印泥,印章,印泥,印章
麻糬,筆芯,禮卡,背心袋,貼紙,螢光筆,儲物罐
鋼珠筆,筆袋,鋼珠筆,鋼珠筆,螢光筆,鋼珠筆
貼紙,隔熱墊,自動鉛筆
鋼珠筆,筆記本,手提袋
遮陽帽,白板筆,螢光筆
信套,白板筆,沐浴球,擦手巾
修正帶,束口袋,面紙,泡麵,筆芯,圓珠筆
筆記,自動鉛筆,筆芯,泡麵,修正帶,自動鉛筆
鬧鐘,眉筆,標籤,奇異筆,眉筆,橡皮擦
紙膠帶,鍵盤,背心袋,修正帶
墨水匣,背心袋,標籤,棒棒糖,刮刀,筆芯,筆芯,墨水匣,筆芯,彩色筆,內搭褲
筆袋,美工刀,線圈本
背心袋,拼圖,黏土,杯架,黏土
泡麵,禮卡,行李箱
圓珠筆,圓珠筆,圓珠筆,筆記本,螢光筆
手帳,貼紙,別針
計算紙,筆記本,筆袋
螢光筆,彩色筆,直尺,筆袋,筆芯
原子筆,圓珠筆,娃娃
雙面膠帶,曬衣架,剪刀,標示牌,置物袋,膠帶,鍵盤
沐浴球,生日卡,螢光筆,膠帶,計算紙
織帶,修正帶,軟墊
紙袋,眼鏡架,鬧鐘,果汁筆,便條貼,沐浴球,果汁筆
彩色筆,文件夾,白板筆,文件套
感謝卡,感謝卡,感謝卡
名片卡,修正帶,修正帶,化妝包,刷毛,美工刀
筆芯,修正帶,自動鉛筆,美工刀,桌遊
自動鉛筆,筆芯,自動鉛筆,自動鉛筆
筆芯,筆記,螢光筆,筆記
削筆機,標籤,原子筆,標籤
隔熱墊,奇異筆,文件夾,包裝紙
筆袋,紙膠帶,紙膠帶,鋼珠筆
筆芯,鋼珠筆,自動鉛筆
筆記,便條紙,電池,美工刀
保利龍,泡棉,標籤,貼紙,捲線器,吊飾,筆盒,螢光筆,彩色筆,短襪,螢光筆
隨身杯,削筆機,印章
黏土,線圈本,筆削,自動鉛筆,曬衣架,公文袋,奇異筆,原子筆,貼紙,自動鉛筆,背心袋,原子筆
便利貼,便條,面紙
筆芯,遮陽帽,筆芯,修正帶,筆管
鈴鐺,飾品,棉花,美工刀,美工刀,雙面膠帶
原子筆,果汁筆,美工刀
自動鉛筆,玩具,鋼珠筆
紙膠帶,紙膠帶,信套
特厚紙,特厚紙,衣夾
筆記本,筆記,筆記,筆記本
自動鉛筆,果汁筆,果汁筆,便條紙,遮陽帽
螢光筆,眉筆,筆袋,螢光筆
鋼珠筆,鋼珠筆,便條貼
自動鉛筆,標籤,背心袋,隔熱墊
螢光筆,便條紙,吊飾
筆記本,洗衣網,洗衣網,筆芯
眼彩筆,線圈本,包裝紙
筆記本,螢光筆,貼紙,橡皮擦,便條紙,螢光筆,便利貼,紙膠帶,立體卡,擦手巾
原子筆,奇異筆,彩色筆,橡皮擦
魔擦筆,收納包,口紅膠,口紅膠,信套,橡皮擦,月曆,標籤,便條紙
畫板,背心袋,吊飾
眼彩筆,背心袋,隨意貼,感謝卡,包裝紙,包裝紙
螢光筆,螢光筆,鉛筆
手機支架,軟墊,手機支架
沐浴球,背心袋,泡棉,撲克牌
削筆器,魔擦筆,筆記
溜溜筆,眼鏡架,果汁筆,筆記
自動鉛筆,手機支架,筆袋,充電線
真順筆,隨意貼,禮卡,禮物卡,畫冊,背心袋
筆袋,色卡,便條紙,洞洞尺
沐浴球,鉛筆,口紅膠,信套,信套,車充,信套
證件套,瓦楞板,螢光筆,螢光筆
自動鉛筆,螢光筆,髮夾
禮卡,禮卡,感謝卡,便利貼,感謝卡,禮卡
筆芯,名片簿,筆芯
書衣,沐浴球,橡皮擦,作業簿,彩虹筆
鞋墊,筆芯,蠟燭,修正帶,棒棒糖,筆芯
筆盒,面紙,麻糬,圓珠筆,生日卡
筆芯,筆芯,筆芯
文件套,夾子,帆布,飾品
膠帶,原子筆,彩色筆
螢光筆,修正帶,娃娃
印章,削筆機,隨身杯
筆芯,玻璃紙,修正帶
色紙,自動鉛筆,名片盒,奇異筆
耳扒,書衣,帆布
簽名卡,襪套,月曆,標籤
螢光筆,螢光筆,信套
簽名卡,雙面膠帶,名片卡
筆芯,信套,標籤,手機殼,相框
削筆機,書衣,魔擦筆,筆筒,橡皮擦
側背包,筆記,娃娃
奇異筆,筆記,奇異筆,筆記
生日卡,感謝卡,生日卡
紙膠帶,紙膠帶,紙膠帶,膠台
印泥,線圈本,名片簿
背心袋,別針,文件夾
計劃,橡皮擦,信套
生日卡,鬧鐘,貼紙,玻璃紙
耳扒,魔擦筆,螢光筆
筆袋,自動鉛筆,橡皮擦,筆記
貼紙,擦手巾,紙膠帶,紙膠帶,雙面膠帶,圓珠筆
奇異筆,文件夾,沐浴球
針筆,奇異筆,顏料
貼紙,明信片,筆袋,背心袋,保護膜
計劃,耳機,圓珠筆,貼紙
墨水匣,螢光筆,色紙,筆芯,文件夾,資料本,自動鉛筆,鉛筆,背心袋,泡麵,奇異筆,螢光筆,卡紙,白板筆
稿紙,麻糬,襪套
白板筆,隔熱墊,隨意貼
名片卡,印章,印章,印章,印章,印章,名片卡,修正帶,色紙,修正帶
貼紙,筆芯,文件袋
吊飾,削筆機,貼卡,原子筆
筆筒,筆記,鉛筆
便條貼,面紙,魔擦筆
卡紙,筆管,膠帶
訂書針,色紙,收納包
紙膠帶,鋼珠筆,調理鍋
信套,貼紙,便條紙,筆袋,泡棉
信套,沐浴球,口紅膠,修正帶,圓珠筆,橡皮擦
洗衣網,橡皮擦,螢光筆
圓珠筆,真順筆,螢光筆
筆袋,眼彩筆,圓珠筆,圓珠筆
便條,筆袋,修正帶
沐浴球,修正帶,化妝包
沐浴球,口紅膠,資料本
信套,果汁筆,名片盒,氣球,果汁筆,背心袋,果汁筆,眼鏡架
橡皮擦,原子筆,書衣,螢光筆,保護膜
便條紙,訂書針,蠟筆
檔案夾,泡棉,壁貼,泡棉,壁貼
圓珠筆,束口袋,修正液,圓珠筆
束口袋,信套,沐浴球,筆記本
鉛筆,螢光筆,螢光筆
筆芯,筆芯,筆管
便條,便條紙,生日卡
果汁筆,電池,果汁筆,修正帶,修正帶,乳膠,墨水匣,行事曆,螢光筆,資料夾,乳膠,儲物罐,彩色筆,修正帶
證件套,橡皮擦,卡片
口紅膠,貼紙,夾鏈袋
資料本,眉筆,玻璃紙
鋼珠筆,泡麵,螢光筆,筆芯,自動鉛筆,筆芯
計劃,橡皮擦,一字夾,行事曆,行事曆
原子筆,稿紙,螢光筆,資料本
面紙,沐浴球,娃娃,鋼珠筆
鋼珠筆,眼鏡盒,小木夾
筆芯,洗衣網,修正帶,原子筆
信套,便條紙,相片,圓珠筆
手機支架,貼紙,貼紙
彩色筆,自動鉛筆,硬幣,背心袋,稿紙
圓珠筆,調理鍋,螢光筆,便條紙
感謝卡,感謝卡,感謝卡,口紅膠,感謝卡
圓珠筆,螢光筆,圓珠筆
信套,卡片,修正帶,便條紙
螢光筆,橡皮擦,信套
雪平鍋,筆盒,瓦楞紙
信套,線圈本,再生紙
修正帶,調理鍋,棉花
信套,圓珠筆,筆芯
背膠,隔熱墊,餐具組,粉撲
拼圖,感謝卡,奇異筆,禮物袋,便條貼
紙膠帶,計劃,夾子
奇異筆,色卡,便利貼,印泥
削筆器,鋼珠筆,鋼珠筆
標籤,圓珠筆,線圈本
保利龍,便條紙,白膠
吐司,眼彩筆,面紙
沐浴球,簽名卡,信套,信套,標籤
布膠帶,原子筆,調理鍋,置物盒,鋁尺,筆記本,文件夾,包裝紙,筆記
原子筆,果汁筆,眼鏡架
筆芯,筆芯,泡麵
削筆器,行事曆,貼紙,螢光筆
棒棒糖,筆記,筆管,筆芯,小木夾
標籤,標籤,標籤,桌曆
印章,貼紙,貼紙
插頭,紙膠帶,公文袋,紙膠帶
再生紙,票卡夾,檯燈,行事曆,筆記,信套,線圈本,自動鉛筆
特厚紙,貼紙,瓦楞板,背心袋
沐浴球,沐浴球,傳輸線,貼紙,延長線,標籤,泡棉,削筆器,筆記,沐浴球,帆布,玩偶,原子筆
筆芯,儲物罐,線圈本
筆袋,洗衣網,調理鍋
口紅膠,訂書針,信套
螢光筆,螢光筆,剪刀
吊飾,貼紙,隨意貼
標籤,充電線,名片卡,便條紙
口紅膠,便利貼,線圈本,沐浴球,信套
吊飾,筆記本,貼紙,印泥,螢光筆,貼紙,膠水,貼紙
印章,線圈本,計劃,印章,計劃
禮物袋,貼紙,圍巾
拉鏈袋,白板筆,名片簿,原子筆
魔擦筆,儲物罐,紙膠帶,螢光筆
鋼珠筆,背心袋,充電線,鋼珠筆,筆芯,筆芯,月曆,鋼珠筆,鋼珠筆,車充
鶴紙,鶴紙,抱枕
筆記,筆芯,筆芯,信套,筆芯,信封,調理鍋
背心袋,票夾,便條紙
名片盒,奇異筆,特厚紙,修正帶
禮卡,生日卡,生日卡,包裝紙
鎖圈,螢光筆,修正帶
名片簿,檯燈,內搭褲,活頁紙
原子筆,真順筆,沐浴球
抱枕,洞洞尺,洞洞尺
筆記,貼紙,筆芯,筆芯,記憶卡,筆芯,筆記,名片盒
耳機,乳膠,積木,筆盒
背膠,背膠,餐具組,粉撲,隔熱墊
膠套,自動鉛筆,修正帶,橡皮擦
筆芯,髮帶,筆芯
提袋,牛皮紙,信套
原子筆,計劃,原子筆
祝福卡,感謝卡,紙膠帶
果汁筆,果汁筆,沐浴球
彩色筆,鋁尺,圓規,口紅膠
內搭褲,小木夾,筆芯,線圈本,筆芯,書衣,便條貼,修正帶
修正帶,書衣,貼紙,紙膠帶,自動鉛筆
名片卡,白膠,彩色筆
奶瓶,帽子,泡棉,果汁筆,短襪,白板筆,滑鼠墊,名片盒,果汁筆
橡皮擦,線圈本,削筆器,螢光筆,鋼珠筆,螢光筆,果汁筆
果汁筆,原子筆,原子筆,筆芯
禮物袋,束口袋,線圈本,線圈本,髮帶,禮物袋,束口袋,束口袋,橡皮擦
原子筆,資料夾,鋼珠筆
襪套,書衣,相本
膠帶,標籤,修正帶
原子筆,信套,空瓶
筆盒,彩虹筆,圓珠筆,蠟筆
特厚紙,膠帶,特厚紙
真順筆,彩色筆,彩色筆,手帳,書衣,彩色筆
蠟燭,蠟燭,鋼珠筆
彩虹筆,筆記,背心袋
便條紙,果汁筆,螢光筆,充電器,便利貼,果汁筆,筆記,禮卡,筆記
行事曆,襪套,筆記,筆芯
修正帶,吊袋,修正帶
筆記本,便條紙,橡皮擦,調理鍋,信套
橡皮擦,調理鍋,調理鍋,信套,信套
自動鉛筆,貼紙,口紅膠
鋼珠筆,自動鉛筆,束口袋,自動鉛筆,魔擦筆,白板筆,鋼珠筆,麥克筆,原子筆,原子筆
白板筆,名片簿,白板筆
便條紙,鬧鐘,筆記本,水彩
鋼珠筆,吊飾,鋼珠筆
原子筆,筆記,橡皮擦,蓮蓬頭,調理鍋
禮卡,信套,面紙
信套,紙膠帶,紙膠帶
修正帶,便條紙,筆記
修正帶,原子筆,孔夾
修正帶,毛襪,筆芯,烤盤,鉛筆,識別證,洗衣網,筆袋,筆記本,自動鉛筆,隔熱墊,書衣
修正液,魔擦筆,洗衣網,信套,充電線,筆芯,真順筆,原子筆,螢光筆,眼彩筆,扣夾,耳扒,筆芯,沐浴球
捲線器,螢光筆,玻璃紙,果汁筆,果汁筆,鐵絲
禮卡,筆記,螢光筆
生日卡,生日卡,貼紙
膠帶,膠帶,筆袋
禮卡,生日卡,隨身鏡
背心袋,削筆機,手冊
沐浴球,原子筆,自動鉛筆,筆記
鋼珠筆,螢光筆,鋼珠筆
卡片,禮物袋,牛皮紙
便條紙,內搭褲,襪套
鬧鐘,自動鉛筆,水彩
提袋,感謝卡,沐浴球,真順筆
香蕉夾,資料簿,感謝卡,原子筆,手錶
面紙,魔擦筆,果汁筆
螢光筆,果汁筆,螢光筆
提袋,吊飾,背心袋,儲物罐,餐具
織帶,圓珠筆,信套,修正液
信套,果汁筆,信套,一字夾
蠟筆,鋁尺,蠟燭
相片,便條,書籤,便條,便條
真順筆,棒棒糖,筆芯,麻糬
文件夾,奇異筆,螢光筆,修正帶,螢光筆,彩色筆,雙面膠帶,積木
螢光筆,鋼珠筆,線圈本,筆芯,修正帶
便條紙,貼紙,浴帽,玻璃紙,玻璃紙,禮物盒,標語,名片盒
牛奶糖,貼紙,信套,玻璃紙
卡片,紙膠帶,隔熱墊,禮卡,玻璃紙
隔熱墊,禮卡,零錢包,背心袋,簽名卡
飾品,鑰匙扣,蓮蓬頭
咖啡,毛線,背心袋,毛線
鋼珠筆,便條,自動鉛筆
標籤,信套,魔擦筆
螢光筆,螢光筆,螢光筆
便條紙,螢光筆,置物袋,便條紙
名片簿,筆記,活頁紙,信套
隨意貼,筆記,信套,手錶,感謝卡,書籤,貼紙
月曆,檯燈,背心袋,面紙,玻璃紙,直尺,簽名板,泡麵,螢光筆
原子筆,螢光筆,原子筆,束口袋
筆記,收納包,筆芯
原子筆,筆記,標籤,果汁筆
行事曆,修正帶,收納包,筆袋
筆袋,自動鉛筆,剪刀
標籤,圓珠筆,自動鉛筆,筆記,背心袋
原子筆,印章,膠水,背心袋,彩色筆,削筆機
膠水,名片卡,桌遊
筆芯,筆芯,便條,便條貼,一字夾,果汁筆
紙膠帶,鋼珠筆,內搭褲,資料本
刀片,筆芯,筆芯
簽字筆,充電線,魔擦筆
螢光筆,果汁筆,螢光筆,果汁筆
票卡夾,手機支架,原子筆
筆袋,書衣,名片盒
貼紙,檯燈,筆記
襪套,祝福卡,襪套,筆袋,鋼珠筆,月曆,橡皮擦,貼紙,卡片
口罩,禮物袋,麻糬,票卡夾,棒棒糖
背心袋,泡麵,螢幕,墨水匣,白板筆,修正液
孔夾,筆記,調理鍋
奇異筆,筆袋,螢光筆
修正帶,修正帶,筆袋
美工刀,背心袋,白板筆,稿紙,手機支架,膠帶,面紙
名片,娃娃,信套
蠟燭,拼圖,蠟燭,面紙,背心袋
餐具,沐浴球,儲物罐
白膠,修正帶,削筆器
書衣,魔擦筆,魔擦筆,螢光筆,筆芯,橡皮擦
紙袋,提袋,生日卡,螢光筆
鋼珠筆,貼紙,橡皮擦
信套,餐具,襪套
筆記,卡紙,玻璃紙
鋼珠筆,書衣,原子筆,螢光筆
電池,螢光筆,洞洞尺,文件袋,筆削,麻繩,茶,活頁紙,延長線,圓規,筆芯
原子筆,腊筆,彩虹筆,沐浴球
筆芯,手機支架,筆芯,螢光筆,筆芯,筆芯,鋼珠筆,筆芯,筆記,鋼珠筆,鋼珠筆
原子筆,粉撲,墨水匣,泡麵,背膠
沐浴球,果汁筆,襪套,筆袋,背心袋,便條貼,牛皮紙,信套,橡皮擦,螢光筆,螢光筆
筆芯,原子筆,蠟筆,畫本,鋼珠筆,螢光筆,感謝卡,筆記本
鋼珠筆,襪套,鋼珠筆
修正帶,筆芯,螢光筆,螢光筆,資料簿
鋼珠筆,泡麵,眉筆
計劃,筆記,彩色筆,彩色筆
鐵盒,筆芯,筆芯,背心袋
信套,標籤,標籤,書衣,便條紙
襪套,螢光筆,螢光筆,鋼珠筆
墨水匣,白板筆,白板筆
自動鉛筆,自動鉛筆,筆袋
調理鍋,隨意貼,橡皮擦,再生紙
沐浴球,線圈本,信套
鋼珠筆,標語,杯架,扇子,鋼珠筆,彩色筆,鋼珠筆
魔擦筆,圓珠筆,筆芯
筆芯,筆芯,票卡夾
修正帶,信套,行事曆,信套,修正帶
眉筆,自動鉛筆,名片盒
棒棒糖,棒棒糖,棒棒糖,棒棒糖,棒棒糖
遮陽帽,果汁筆,果汁筆,果汁筆,果汁筆,果汁筆
果汁筆,筆記,果汁筆,奇異筆
螢光筆,原子筆,原子筆
自動鉛筆,貼紙,書衣
筆記,口紅膠,便條,自動鉛筆,行事曆,背心袋,果汁筆,蠟筆,沐浴球,果汁筆
禮物盒,白板筆,空瓶,計算機,彩色筆
果汁筆,美工刀,拉鏈袋,膠帶,筆記本
果汁筆,螢光筆,螢光筆
名片卡,膠水,便條紙,螢光筆,棒棒糖,名片卡,螢光筆,星紙,鐵盒,白板筆,螢光筆
筆袋,筆芯,自動鉛筆
橡皮擦,筆記本,原子筆
夾子,鑰匙扣,紙膠帶,玻璃紙
奇異筆,奇異筆,名片盒,奇異筆,自動鉛筆,奇異筆
行事曆,名片,吊飾,明信片,信套,便條紙,娃娃,鋁線,鋁線,信套,煙斗,明信片,信套,相本,鞋子,行李箱,標示牌
彩色鉛筆,原子筆,眼彩筆
果汁筆,筆芯,便條
面紙,背心袋,棒棒糖
橡皮擦,筆芯,螢光筆
書衣,果汁筆,果汁筆
鉛筆,圓珠筆,筆記
書籤,面紙,橡皮擦,禮卡,零錢包,貼紙,鋼珠筆,紙膠帶,便利貼
再生紙,魔擦筆,魔擦筆
彩色筆,彩色筆,魔擦筆
鋼珠筆,修正帶,電池,鋼珠筆,鋼珠筆
溜溜筆,溜溜筆,感謝卡
名片盒,筆袋,原子筆
信套,原子筆,原子筆,資料袋,雙面膠帶,信套,原子筆
吊牌,相框,書衣
背心袋,信套,螢光筆,隔熱墊,圓珠筆,圓珠筆
白膠,書衣,剪刀,背心袋,剪刀
隔熱墊,口紅膠,卡片,卡片
圓珠筆,筆袋,自動鉛筆
書衣,魔擦筆,圓規,自動鉛筆,魔擦筆,筆袋,自動鉛筆,背心袋
擦手巾,擦手巾,膠帶
筆筒,名片盒,鐵盒
書盒,橡皮擦,沐浴球,蠟筆
魔擦筆,束口袋,筆記
書盒,洗衣網,麥克筆
貼紙,馬克杯,口紅膠,手機殼
標籤,手提袋,提袋,提袋,禮物袋,隔熱墊,紙袋,禮物袋,禮物袋
眉筆,作業簿,蠟筆
貼紙,貼紙,貼紙
螢光筆,鋼珠筆,小木夾,螢光筆,迴紋針,畫筆,信套
電池,修正帶,眼彩筆
稿紙,充電線,魔擦筆,鋼珠筆,果汁筆,自動鉛筆
襪套,輕便袋,修正帶,襪套
鑰匙扣,修正帶,書衣,魔擦筆
夾鏈袋,生日卡,電池
眉筆,自動鉛筆,便條,筆袋
螢光筆,螢光筆,書衣
鋼珠筆,鋼珠筆,鋼珠筆,鋼珠筆
計劃,筆記,面紙,織帶
線圈本,鋼珠筆,螢光筆
禮物卡,泡棉,布偶,煙斗,餐具,圍裙,公文袋
自動鉛筆,白板筆,白板筆
孔夾,奇異筆,隨身杯,線圈本
筆芯,貼紙,面紙
線圈本,信套,橡皮擦
識別證,白膠,筆芯,背心袋,泡麵,訂書針,電池,曬衣架,隔熱墊,便利貼,信套
沐浴球,眉筆,白板筆,白板筆,白板筆,鋼珠筆
果汁筆,果汁筆,果汁筆,花生,果汁筆
便條紙,果汁筆,果汁筆,沐浴球
螢光筆,面紙,眼彩筆,票卡夾
遙控車,電池,情人卡
自動鉛筆,耳扒,傳輸線
信套,背心袋,髮夾,內搭褲,線圈本
原子筆,掛勾,電池
鋼珠筆,白板筆,原子筆
標籤,名片盒,洗衣網,襪套,信套,白板筆,鋼珠筆
行事曆,水彩,書衣
雙面膠帶,便條紙,面紙
書衣,蠟筆,便利貼
鋼珠筆,文件夾,便條貼,修正帶
圓珠筆,自動鉛筆,筆記本,橡皮擦
延長線,筆芯,鋼珠筆
儲物罐,花布,票卡夾,圓珠筆
信套,鋁尺,紙膠帶
禮物袋,禮物袋,包裝紙
襪套,貼紙,生日卡,禮卡,祝福卡
麻糬,紙膠帶,手機套,紙膠帶,茶
電池,列印紙,標籤,書衣,書衣,滑鼠
果汁筆,調理鍋,扣夾
原子筆,製冰盒,線圈本,背心袋,文件袋
充電線,攝影機,棒棒糖
花布,票卡夾,襪套
擦手巾,信封袋,眼罩,曬衣架,白板筆,貼紙,扣夾,感謝卡,感謝卡,貼紙
牛皮紙,印章,膠帶,修正液
筆芯,信封,口紅膠
背心袋,面紙,螢光筆,襪套
行事曆,直笛,麻糬,筆記
便條紙,橡皮擦,自動鉛筆,鋼珠筆,螢光筆
圓珠筆,圓珠筆,鉛筆
生日卡,圓珠筆,螢光筆
相框,筆記本,溜溜筆
鉛筆,筆管,筆袋,原子筆,筆芯
鋼珠筆,筆筒,鋼珠筆,修正帶,拉鏈袋
螢光筆,修正帶,膠水,原子筆
吊飾,線圈本,泡麵,公文袋,握筆
螢光筆,禮物袋,自動鉛筆
便條,橡皮擦,白板筆,奇異筆,螢光筆,魔擦筆
膠水,曬衣架,貼紙
打氣筒,奇異筆,書衣
小木夾,拼圖,相本
側背包,口紅膠,果汁筆
鋼珠筆,掛鐘,蠟筆
果汁筆,修正帶,彩虹筆,橡皮擦
信套,相框,修正帶,襪套,手帳
生日卡,水晶燈,明信片,修正帶,修正帶
手帳,吊飾,空瓶,便利貼
便條紙,硬幣,魔擦筆
文件夾,螢光筆,圓珠筆
白板,鋼珠筆,泡麵,毛筆
貼紙,雙面膠帶,調理鍋,襪套,印章
充電線,吸盤,標籤,泡麵
自動鉛筆,筆記本,孔夾,筆記,筆記
隨身鏡,棉布,軟管,麻繩,背心袋,杯架
筆記,便條貼,筆記
原子筆,筆袋,原子筆
畫本,真順筆,真順筆,真順筆
線圈本,果汁筆,果汁筆
彩色筆,襪套,簽字筆
信套,信套,便條紙
修正帶,螢光筆,鋼珠筆,筆芯,沐浴球
原子筆,原子筆,真順筆,自動鉛筆
眼彩筆,書衣,修正帶,顏料,顏料,調色盤
軟墊,鋼珠筆,橡皮擦
原子筆,自動鉛筆,筆蓋,便條紙
蠟筆,蠟筆,蠟筆,蠟筆,蠟筆
貼紙,紙膠帶,紙膠帶
鋼珠筆,孔夾,名片簿,真順筆
印章,眼彩筆,螢光筆
筆芯,線圈本,隔熱墊
口紅膠,鋼珠筆,鋼珠筆
轉接頭,書衣,背心袋
信套,信套,調理鍋,小木夾,襪套
特厚紙,雙面膠帶,特厚紙,眼線液
沐浴球,筆芯,筆芯
便條紙,自動鉛筆,別針,鋼珠筆,奇異筆,背心袋,娃娃
筆芯,筆芯,筆芯
禮卡,美工刀,文件袋
計劃,橡皮擦,行事曆
紙膠帶,貼紙,紙膠帶
面紙,削筆器,牛皮紙,橡皮擦,棉線,便利貼,信套,信套
便條本,便條紙,便條本,便條本
紙袋,提袋,蝴蝶結
調理鍋,色紙,膠帶,貼紙
原子筆,背心袋,圓珠筆,鐵絲,娃娃
識別證,票卡夾,再生紙
線圈本,自動鉛筆,生日卡,紙膠帶
自動鉛筆,自動鉛筆,便條貼
書籤,春聯,春聯,束口袋
識別證,充電線,果汁筆,信套
名片盒,小木夾,白板筆,公文袋
圓珠筆,棒棒糖,棒棒糖
修正帶,便條貼,背心袋
鋼珠筆,孔夾,文件袋
沐浴球,充電線,貼紙,鋼絲
螢光筆,螢光筆,螢光筆,便條貼
面紙,星紙,沐浴球,再生紙
一字夾,修正帶,襪套
修正帶,鋼珠筆,修正帶,鋼珠筆,行事曆,內搭褲
信套,沐浴球,修正帶,修正帶,信套,果汁筆
桌墊,筆袋,收納袋
果汁筆,果汁筆,收納袋,果汁筆,行事曆,削筆器,鋁尺,橡皮擦,修正帶,信套,筆袋
畫本,筆記,茶
檯燈,便條,檯燈,書衣
隔熱墊,小木夾,印章
襪套,背心袋,保溫杯
筆筒,自動鉛筆,刷毛
筆芯,筆芯,自動鉛筆
鋼珠筆,貼紙,作業簿
墨水匣,墨水匣,眼鏡架,墨水匣
公文袋,鋼珠筆,便條紙,書衣,筆記本
面紙,束口袋,夾子,名片盒
感謝卡,原子筆,螢光筆,螢光筆,修正帶,電池,拼圖,活頁紙
書衣,膠水,筆芯,筆芯,果汁筆,果汁筆
線圈本,便條紙,瓦楞板
筆芯,魔擦筆,洗衣網
手冊,奇異筆,剪刀
修正帶,膠水,墊板
螢光筆,眉筆,眉筆
貼紙,貼紙,紙膠帶
便條本,印泥,筆芯,貼紙,印泥
鋼珠筆,白板筆,背心袋
自動鉛筆,自動鉛筆,修正帶
計算機,筆袋,背心袋,鋁尺
果汁筆,美工刀,果汁筆
禮卡,圍巾,膠帶,紙袋,相框
薯條,印泥,色紙,面紙,印泥,夾子,吐司
貼紙,面紙,充電線,拼圖,禮物袋,貼卡,修正帶
束口袋,筆記本,果汁筆,沐浴球,果汁筆,果汁筆
螢光筆,拉鍊袋,橡皮擦,螢光筆
水彩,明信片,貼紙,繪本,眼線液
自動鉛筆,螢光筆,奇異筆,修正帶,自動鉛筆
調理鍋,筆記本,筆記,筆袋
泡棉,瓦楞板,特厚紙,白膠
印章,印章,充電線
線圈本,標籤,祝福卡
襪套,名片卡,膠水,鋁尺
白膠,果汁筆,隔熱墊
便條紙,線圈本,螢光筆,釘書機,鉛筆芯,信套,白板筆,膠帶,自動鉛筆,修正帶,白板筆
公文袋,孔夾,螢光筆
紙膠帶,眼彩筆,名片盒,玻璃紙,信封,眼鏡架,貼紙,鋼珠筆,白板筆,粉撲,鋼珠筆
修正帶,白板筆,沐浴球
原子筆,原子筆,原子筆
螢光筆,檯燈,鋼珠筆,鋼珠筆,原子筆,隔熱墊,白板筆
白板筆,飾品,置物袋
眼鏡架,泡麵,泡麵
橡皮擦,自動鉛筆,背心袋,自動鉛筆
螢光筆,書衣,魔擦筆,筆芯
筆記,沐浴球,果汁筆,眼鏡架
果汁筆,筆管,自動鉛筆,日曆
修正帶,修正帶,貼紙
墨水匣,墨水匣,墨水匣
果汁筆,果汁筆,孔夾,公文袋,名片盒,便條,果汁筆,筆記本,螢光筆,背心袋
果汁筆,果汁筆,果汁筆,修正帶
調理鍋,溫度計,棉花,儲物罐,圓珠筆
電池,筆袋,自動鉛筆
書衣,墨水匣,墨水匣
削筆器,麥克風,筆盒,樂高,螢光筆,鐵盒,筆袋,票卡夾,筆袋,鉛筆芯
名片盒,名片盒,泡麵,螢光筆,計時器
削筆器,抱枕,便條貼
稿紙,果汁筆,活頁紙
長枕,包裝紙,禮物盒
筆芯,筆芯,原子筆,資料袋,標籤,原子筆,活頁紙
充電線,口紅膠,筆芯
鋼珠筆,瓦楞板,瓦楞板,鋼珠筆
鋼珠筆,螢光筆,鋼珠筆
便條,娃娃,票卡夾
感謝卡,感謝卡,感謝卡
便條紙,便條,便條,口紅膠
娃娃,書籤,圓珠筆,書籤,彩色筆,背心袋
圓珠筆,圓珠筆,圓珠筆,圓珠筆
圓珠筆,果汁筆,名片盒,便條貼,自動鉛筆,果汁筆
面紙,修正帶,計算紙,奇異筆
背心袋,自動鉛筆,沐浴球,魔擦筆,面紙
跳繩,膠帶,線圈本
紙膠帶,彩虹筆,玻璃紙,名片盒,九分褲,玻璃紙,紙膠帶
煙斗,泡棉,軟管,飾品
口紅膠,螢光筆,膠帶
自動鉛筆,筆記,鋼珠筆
手冊,手冊,樂高,棒棒糖,手冊
口紅膠,螢光筆,書衣
白膠,拉鍊袋,生日卡
筆記,標籤,隔熱墊
膠帶,螢光筆,束口袋
馬桶刷,筆記,禮物袋,感謝卡
筆芯,文件夾,修正帶,禮卡
筆芯,筆記,筆芯
便條紙,棒棒糖,筆盒
紙膠帶,氣球,紙膠帶,鋼珠筆
電池,軟管,原子筆
自動鉛筆,筆記,便條
真順筆,眼鏡架,鋼珠筆
修正帶,鋼珠筆,口紅膠
果汁筆,修正帶,感謝卡,修正帶
抱枕,白板筆,修正帶,孔夾
色紙,色紙,美工刀,色紙
筆芯,沐浴球,鋼珠筆
鋼珠筆,鋼珠筆,鋼珠筆
口紅膠,釘書機,果汁筆
眼鏡架,筆芯,果汁筆
標籤,棉花,調理鍋,調理鍋
果汁筆,筆芯,果汁筆
明信片,明信片,明信片
書衣,美術紙,空瓶,紙膠帶,空瓶,玻璃瓶,鐵盒,隔熱墊
鋼珠筆,筆芯,鋁尺,筆芯,自動鉛筆,螢光筆
筆芯,儲物罐,直尺
紙膠帶,標語,抱枕,紙膠帶,擦手巾
白板筆,魔擦筆,襪套,尼龍布
貼卡,餐盒,貼卡,貼卡
背心袋,彩色筆,面紙
自動鉛筆,襪套,泡麵
直尺,書衣,洗衣網,橡皮擦
信套,棉花,空瓶,沐浴球,名片盒
鋼珠筆,鋼珠筆,鋼珠筆,鋼珠筆,螢光筆
背心袋,收納袋,蠟筆,修正液,筆記,雙面膠帶
洞洞尺,鋼珠筆,娃娃
筆芯,筆芯,彩色筆,手機支架
儲物罐,娃娃,紙膠帶
鋼珠筆,禮卡,遮陽帽
彩色筆,板夾,原子筆
隔熱墊,白板筆,資料夾
沐浴球,電池,螢光筆,魔擦筆
口紅膠,感謝卡,棒棒糖,提袋
圓筒,刮刀,鋁線
麻糬,果汁筆,果汁筆
鋼珠筆,小木夾,鋼珠筆
奇異筆,鑰匙扣,標籤
側背包,便條貼,便條貼,眼彩筆
存錢筒,迴紋針,娃娃,麻糬
魔擦筆,魔擦筆,修正帶
泡麵,果汁筆,蠟筆
名片卡,白板筆,收納包
九分褲,咖啡,沐浴球,膠帶,九分褲,擦手巾,麻繩
果汁筆,眼彩筆,便條貼,貼紙,活頁紙
沐浴球,雙面膠帶,膠水
螢光筆,修正帶,襪套
眼鏡架,筆記本,背心袋
筆記本,線圈本,便條
立鏡,生日卡,吊飾,貼紙,紙袋,生日卡
筆記,筆記,筆記
紙膠帶,紙膠帶,特厚紙
背心袋,傳輸線,真順筆,便條紙,筆記本,手冊,手冊,筆芯
名片盒,修正帶,隨意貼
白膠,耳機,果汁筆,果汁筆
原子筆,原子筆,原子筆
背心袋,線圈本,彩色筆,眼彩筆
鑰匙扣,沐浴球,筆記
傳輸線,書衣,書衣
眼鏡架,抱枕,果汁筆,名片盒,相本,果汁筆
筆記,拼圖,眼彩筆
筆芯,自動鉛筆,筆芯
傳輸線,隨意貼,撲克牌
貼紙,夾鏈袋,紙袋,貼紙,眼彩筆,貼紙
禮卡,不織布,薯片,標語,小木夾,吊飾,背心袋
修正帶,背心袋,鑰匙扣
襪套,毛線,紙膠帶,手機架,紙膠帶,星紙,貼紙,紙膠帶,紙膠帶
螢光筆,眼鏡架,果汁筆,沐浴球,螢光筆
線圈本,貼紙,圓珠筆,傳輸線,貼紙
筆芯,鉛筆芯,筆芯,貼紙,筆管,鑰匙扣
防水袋,背心袋,積木
畫筆,筆芯,輕便袋
筆記,紙膠帶,美工刀
螢光筆,原子筆,襪套
名片盒,零錢包,白膠
洗衣網,生日卡,橡皮擦,沐浴球
魔擦筆,午安枕,烤盤
圓筒,特厚紙,原子筆,剪刀
削筆器,圓珠筆,圓珠筆,計劃,鋼珠筆
彩色鉛筆,筆芯,魔擦筆
便條紙,便條紙,便條紙,剪刀,鞋墊
鋼珠筆,鋼珠筆,鋼珠筆,鋼珠筆
手機架,吊飾,背心袋
背心袋,色紙,資料簿
果汁筆,襪套,背心袋,玻璃瓶,果汁筆,白膠,魔擦筆,束口袋,一字夾
螢光筆,螢光筆,烤盤,魔擦筆
筆袋,果汁筆,便條貼
螢光筆,手機支架,票卡夾,檯燈,拼圖,夾子,充傳線,夾子
螢光筆,修正帶,螢光筆
蓮蓬頭,唇蜜,鶴紙
襪套,貼紙,襪套
手機套,削筆器,鉛筆
信套,生日卡,感謝卡
紙膠帶,筆記本,標籤
果汁筆,襪套,美工刀,螢光筆,襪套,果汁筆,暖暖包
保利龍,色卡,牛皮紙
削筆器,調理鍋,原子筆
襪套,活頁紙,襪套
筆芯,筆盒,膠帶,沐浴球,筆芯
便條紙,紙膠帶,紙膠帶,線圈本,紙膠帶
鋼珠筆,鬧鐘,自動鉛筆
禮卡,便條貼,果汁筆
禮卡,遮陽帽,原子筆,生日卡
手機套,便條紙,橡皮擦
筆記本,螢光筆,便條紙
自動鉛筆,筆袋,直尺,蠟筆
桌曆,果汁筆,自動鉛筆,直尺,眉筆
修正帶,便利貼,自動鉛筆
筆記,筆袋,鬧鐘,螢幕
真順筆,保護膜,票卡夾
名片簿,飾品,螢光筆,紙卡,紙膠帶,尼龍布,貼紙
日曆,名片盒,硬幣,洗衣網,洗衣網,麥克筆,雙面膠帶,眼彩筆,沐浴球
襪套,襪套,襪套
背心袋,原子筆,削筆器
貼紙,筆管,筆芯
筆電,瓦楞板,小木夾
訂書針,筆芯,作業簿
背心袋,原子筆,面紙,筆記,檯燈,修正帶
束口袋,調理鍋,束口袋
沐浴球,襪套,鋼珠筆
線圈本,背心袋,鞋墊
線圈本,筆芯,修正液,筆芯,筆管,筆袋,修正帶
果汁筆,螢光筆,魔擦筆,螢光筆,果汁筆,眉筆
便條紙,公文袋,儲物罐
筆管,筆芯,筆芯
背心袋,黏土,襪套,襪套,日記,襪套,襪套
修正帶,吊繩,襪套,公文袋,孔夾,筆記
原子筆,修正帶,咖啡,筆芯,螢光筆,彩色鉛筆,原子筆,螢光筆
筆芯,蠟筆,電池,鬧鐘,沐浴球
修正帶,訂書針,釘書機
原子筆,白板筆,魔擦筆
保利龍,乳膠,果汁筆,果汁筆,筆袋
禮物盒,蠟燭,小木夾,紙膠帶,禮卡
標籤,祝福卡,感謝卡,書籤
泡棉,信箋,螢光筆,便條貼,貼紙,貼紙
橡皮擦,紙膠帶,充電線,沐浴球
眼鏡盒,一字夾,票卡夾,乳膠,置物袋
沐浴球,沐浴球,原子筆
墨水匣,墨水匣,墨水匣
卡片,禮卡,原子筆,貼紙,立體卡,口紅膠,卡片
水彩,信套,桌墊
童襪,童襪,童襪
眼彩筆,生日卡,卡片
冰棒,瓦楞板,沐浴球,杯架
蝴蝶結,鋼珠筆,果汁筆,顏料,顏料,隨身碟
螢光筆,螢光筆,螢光筆,便條,收納包
髮夾,便條,筆芯
螢光筆,果汁筆,果汁筆
螢光筆,真順筆,筆記
禮卡,信套,白板筆
魔擦筆,泡麵,紙膠帶
襪套,襪套,自動鉛筆,鋼珠筆
手機支架,鑰匙扣,削筆器
原子筆,背心袋,文件夾,修正帶
美工刀,名片,充傳線,標籤
不織布,隔熱墊,圓珠筆,圓珠筆
織帶,烤盤,識別證
果汁筆,便條紙,果汁筆,果汁筆,果汁筆,果汁筆,果汁筆
一字夾,線圈本,鑰匙扣
擦手巾,蝴蝶結,蝴蝶結,飾品,簽名卡,側背包
隨意貼,洗衣網,白膠,貼紙,拉鏈袋,紙膠帶
小木夾,白膠,色紙
隔熱墊,自動鉛筆,感謝卡,充電線,信套
自動鉛筆,自動鉛筆,沐浴球,自動鉛筆
標籤,剪刀,泡棉,背心袋
貼紙,自動鉛筆,螢光筆,背心袋,螢光筆,包裝紙,標籤
板夾,鋼珠筆,筆記本,螢光筆,鋼珠筆
耳機,充傳線,鋼珠筆,鋼珠筆
票卡夾,鉛筆,線圈本
簽名卡,鞋墊,置物袋,削筆機,背心袋,筆袋,圓珠筆,自動鉛筆
筆管,鋼珠筆,線圈本,襪套,筆記本,螢光筆
不織布,泡麵,名片盒
不織布,名片盒,蝴蝶結
眼彩筆,魔擦筆,孔夾,鋼珠筆,背心袋
魔擦筆,特厚紙,特厚紙,修正帶
色紙,禮卡,午安枕
一字夾,紙膠帶,奶瓶,雙面膠帶
筆記本,便條紙,筆袋
螢光筆,文件夾,螢光筆
禮卡,色紙,午安枕,午安枕
生日卡,卡片,卡片,禮卡
掛袋,調理鍋,筆芯
孔夾,標籤,儲物罐,小木夾
標籤,標籤,標籤,標籤,標籤,標籤,標籤,標籤,標籤,標籤
娃娃,娃娃,自動鉛筆,自動鉛筆,便條
票卡夾,線圈本,圓規
筆袋,鋼珠筆,筆記
線圈本,線圈本,筆芯,禮物袋
儲物罐,眉筆,筆袋
書籤,相本,置物袋,置物袋,書籤
畫筆,鋼珠筆,電源線,背心袋,拖鞋
襪套,原子筆,自動鉛筆,圓珠筆,美工刀
禮物袋,原子筆,筆袋,名片盒
襪套,月曆,修正液,原子筆,鞋墊,修正帶,標籤,印章
貼紙,禮卡,貼紙
線圈本,儲物罐,筆記本,原子筆
生日卡,禮卡,信套,膠帶,沐浴球
便條紙,紙膠帶,卡片
禮卡,票卡夾,便利貼,公文袋
原子筆,瓦楞板,娃娃
保鮮膜,雙面膠帶,明信片,膠水,背心袋,白板,墨水匣,鋁尺,筆記,墨水匣,襪套
橡皮擦,便利貼,橡皮擦,自動鉛筆,折傘,一字夾,自動鉛筆
香蕉夾,鋁線,香蕉夾,掛勾
果汁筆,便條貼,吊飾
信套,果汁筆,隨意貼,檯燈,奇異筆,白板筆
鋼珠筆,背心袋,線圈本,原子筆
奇異筆,麻糬,充電線
果汁筆,果汁筆,果汁筆,名片盒
紙膠帶,剪刀,便條紙,筆記,貼紙,雪平鍋,調理鍋,筆記本
電蚊拍,筆芯,修正液,筆芯
筆記本,乳膠,印章,印章,貼紙,蠟燭,貼紙
自動鉛筆,吊袋,筆芯
膠帶,魔擦筆,雙面膠帶
收納袋,自動鉛筆,帳單,口紅膠,簽字筆,鑽沙夾,背心袋,自動鉛筆,保護膜
便條紙,果汁筆,便條紙
貼紙,拉鍊袋,背心袋
便條,電池,公文袋
拖鞋,鐵絲,筆袋
棒棒糖,棒棒糖,棒棒糖,棒棒糖,棒棒糖
插頭,白板筆,延長線,信套
包裝袋,紙膠帶,禮卡
果汁筆,書架,果汁筆,酒杯,果汁筆
眼鏡架,紙袋,禮卡,果汁筆,棒棒糖,自動鉛筆,側背包,筆記
襪套,襪套,軟管,便條紙
別針,鐵盒,公文封
原子筆,螢光筆,一字夾,帳單
麥克筆,麥克筆,麥克筆
花布,防水袋,防水袋
筆記,針筆,自動鉛筆,鋼珠筆,螢光筆,沐浴球,果汁筆
果汁筆,白板筆,標籤
墨水匣,娃娃,墨水匣
襪套,貼紙,貼紙,剪刀
手機支架,貼紙,信套
顏料,顏料,原子筆
抱枕,名片盒,棉布
奇異筆,名片簿,手冊
美工刀,水果刀,字卡
眼鏡架,眉筆,檔案夾,資料本
鋼珠筆,鋼珠筆,書衣
原子筆,沐浴球,筆記
螢光筆,螢光筆,活頁紙
筆記,棉線,餐具組
自動鉛筆,筆芯,橡皮擦
黏土,再生紙,黏土
果汁筆,筆記,魔擦筆
公文袋,鋼珠筆,彩虹筆
背心袋,打氣筒,膠帶,掃把,膠帶
資料本,膠帶,自動鉛筆,背心袋
泡棉,特厚紙,便條紙,資料簿,遮陽帽
圓珠筆,玻璃紙,削筆器
書衣,一字夾,白板筆
印章,印泥,吊飾,娃娃,名片卡
眼鏡架,鐵盒,墨水匣
信套,粉撲,瓦楞板,貼紙,髮帶
洞洞尺,螢光筆,鋼珠筆,拉鍊袋,螢光筆
魔擦筆,電池,魔擦筆,書衣,計劃,魔擦筆
信套,信套,扁梳,自動鉛筆,信紙
修正帶,圓珠筆,筆袋
存錢筒,便條紙,便條
膠水,眉筆,燈泡
紙膠帶,橡皮擦,紙膠帶
鋼珠筆,筆芯,筆芯,筆芯,鋼珠筆,白板筆
束口袋,束口袋,鋼珠筆,鋼珠筆
手機支架,杯架,草帽
魔擦筆,玻璃紙,筆記本
襪套,襪套,計劃,便條,雙面膠帶,背心袋,充傳線
眼彩筆,螢光筆,彩色筆
積木,原子筆,自動鉛筆
筆芯,傳輸線,筆芯
筆記本,便條紙,眼鏡架,螢光筆,便條紙
別針,鋼珠筆,包裝袋,自動鉛筆,泡麵
置物袋,鶴紙,鶴紙
眉筆,原子筆,膠水,果汁筆
鶴紙,自動鉛筆,玻璃瓶
泡麵,真順筆,修正帶
自動鉛筆,文件袋,修正帶
拼圖,側背包,針筆,果汁筆,背心袋
吊飾,遙控車,名片盒
筆芯,筆芯,筆芯
迴紋針,口紅膠,彩色筆
檔案夾,螢光筆,一字夾,防水袋,拉鏈袋,口紅膠,充電線
眼彩筆,袖套,瓦楞紙,剪刀
白板筆,鋼珠筆,標籤
鞋墊,修正液,充電線
禮卡,禮卡,卡片
標籤,乳膠,彩色筆,原子筆,標籤
明信片,釘書機,筆芯,螢光筆,信套,螢光筆
吊袋,鋼珠筆,領結,魔擦筆
鋼珠筆,印泥,糖果,活頁紙,色紙,充電線,印泥,名片簿,印泥
電池,修正帶,筆筒
保利龍,輕便袋,雪平鍋
名片盒,側背包,果汁筆,果汁筆
生日卡,背心袋,貼紙,棒棒糖,襪套
溜溜筆,筆記本,溜溜筆,蠟筆
扁梳,明信片,生日卡
螢光筆,螢光筆,泡麵,蠟筆,隔熱墊,鑰匙扣,彩色鉛筆,隔熱墊,原子筆
祝福卡,提袋,感謝卡
便利貼,直尺,便利貼,便利貼,便利貼,便利貼
手機支架,泡棉,泡棉
書衣,彩虹筆,奇異筆,美工刀
名片盒,果汁筆,隨意貼
鉛筆,充電線,便條紙,便條紙
信套,白板筆,白板筆
鋼珠筆,便條紙,鋼珠筆,鋼珠筆,鋼珠筆,鋼珠筆,鋼珠筆
原子筆,墨水匣,削筆器
襪套,公文袋,蝴蝶結,內搭褲,布膠帶
泡棉,泡棉,保利龍
提袋,貼紙,便利貼
遮陽帽,冰棒,棉布,棉布,立鏡
束口袋,膠水,原子筆
簽字筆,果汁筆,背心袋,鉛筆,鉛筆,鉛筆,果汁筆
筆盒,鋼珠筆,遮陽帽,鋼珠筆
感謝卡,貼紙,公文袋,水彩,公文袋
面紙,便條紙,便條紙,便條紙,鑰匙扣
活頁紙,便條,孔夾
衛生紙,檯燈,鉛筆
便條貼,貼紙,便條紙,票卡夾
隔熱墊,置物袋,洗衣網
禮物袋,禮物袋,禮物袋,禮物袋
水彩,禮卡,水彩
水彩,禮卡,水彩,水彩
筆袋,筆芯,自動鉛筆
特厚紙,背心袋,鋼珠筆
筆芯,筆芯,眼彩筆
膠水,眼鏡架,筆記本
自動鉛筆,線圈本,橡皮擦
螢光筆,螢光筆,訂書針
魔擦筆,橡皮擦,修正帶,果汁筆
特厚紙,名片卡,便條紙
雙面膠帶,果汁筆,果汁筆
螢光筆,筆芯,筆記,螢光筆
背心袋,擺飾,信套,畫本
修正帶,筆芯,原子筆
泡麵,削筆機,直尺
收納袋,原子筆,鋼珠筆
線圈本,泡麵,筆芯,自動鉛筆
自動鉛筆,螢光筆,螢光筆
檯燈,沐浴球,筆芯,鋼珠筆
果汁筆,筆記,沐浴球
蠟燭,貼紙,生日卡,蠟燭
白板筆,鋼珠筆,口紅膠,筆記
筆記,標籤,感謝卡,手帳,貼紙
色卡,修正帶,溜溜筆
彩色筆,吊飾,印泥
置物袋,削筆器,收納盒,筆記本,筆記本
眼鏡盒,筆芯,鋼珠筆,筆袋,鋼珠筆
線圈本,紙膠帶,手提袋,票卡夾
書籤,信套,貼紙
原子筆,原子筆,背心袋,原子筆,手錶,圓珠筆
筆芯,原子筆,一字夾,鋁尺
印章,圓珠筆,筆記本
背心袋,製冰盒,沐浴球
紙膠帶,沐浴球,紙膠帶
擺飾,感謝卡,吊飾
零錢包,直尺,束口袋
線圈本,彩虹筆,圓珠筆
筆芯,檯燈,蠟筆
膠水,筆袋,標籤,拉鍊袋
鋼珠筆,蓮蓬頭,色卡
小木夾,背心袋,曬衣架,曬衣架,棉線
洗衣網,紙膠帶,紙膠帶,貼紙
書籤,筆芯,束口袋,手機套
顏料,稿紙,顏料
筆芯,便利貼,書籤,紙膠帶,紙膠帶
泡麵,修正帶,口紅膠,鋁尺
鋁尺,筆芯,自動鉛筆,自動鉛筆,吊飾,鋼珠筆,遮陽帽
印泥,自動鉛筆,螢光筆,印章
筆袋,螢光筆,筆芯,螢光筆,背心袋,零錢包
眼彩筆,蠟筆,蠟筆
墨水匣,鋁尺,資料簿,收納袋,鋼珠筆,螢光筆,背心袋,鋼珠筆
檯燈,針筆,賀卡,白板筆
明信片,鋼珠筆,鋼珠筆
筆盒,存錢筒,圓珠筆
沐浴球,貼紙,筆記,衛生紙
筆芯,票卡夾,自動鉛筆
原子筆,筆袋,釘書機,便條紙,圍巾
雙面膠帶,耳扒,書衣,標籤
膠帶,印章,名片卡
白板筆,咖啡,特厚紙
香蕉夾,眼彩筆,公文袋
自動鉛筆,鋼珠筆,修正帶,橡皮擦,鋼珠筆
鋼珠筆,魔擦筆,魔擦筆
調理鍋,束口袋,束口袋,孔夾,調理鍋
蠟燭,自動鉛筆,蠟燭,名片
紙膠帶,名片簿,眉筆,紙膠帶,便條,遮陽帽,標籤,隨身鏡,卡片,貼紙,信紙,牛皮紙
公文封,貼紙,生日卡,麻糬,印章,貼紙
傳輸線,方鏡,眼鏡架
儲物罐,感謝卡,洗衣網
鉛筆,收納袋,麥克筆
貼紙,鉛筆芯,線圈本
筆記,原子筆,原子筆
膠帶,禮物袋,原子筆
膠水,鋼珠筆,鋼珠筆
筆記本,筆記本,修正帶
傳輸線,便條,鋼珠筆
拉鍊袋,皮繩,拉鍊袋,曬衣架,書籤
膠台,賀卡,遮陽帽,膠帶,雙面膠帶,剪刀
修正帶,鋼珠筆,簽字筆
沐浴球,後背包,名片盒
手機殼,手機殼,鋼珠筆,貼紙
名片盒,筆盒,削筆器
修正帶,果汁筆,螢光筆
筆芯,修正帶,眼彩筆
便條,原子筆,手帳,紙膠帶,貼紙
筆袋,筆削,手帳
文件夾,標籤,資料簿
零錢包,洗衣網,檯燈
螢光筆,魔擦筆,證件套
沐浴球,果汁筆,公文袋,桌墊,側背包
筆芯,筆芯,便利貼,鋼珠筆,便利貼,便利貼
自動鉛筆,筆袋,便條紙
公文袋,修正帶,轉接頭
延長線,置物袋,筆袋
修正帶,原子筆,束口袋,賀卡
筆記本,便條紙,便條紙
彩虹筆,筆芯,筆芯,筆芯
螢光筆,螢光筆,自動鉛筆
背心袋,原子筆,修正帶
筆袋,背心袋,自動鉛筆,螢光筆,自動鉛筆,沐浴球,一字夾
別針,衛生紙,衛生紙
螢光筆,標籤,證件套
沐浴球,原子筆,原子筆,原子筆
筆芯,魔擦筆,收納袋
色卡,隨意貼,印泥
抱枕,背心袋,包裝紙
魔擦筆,沐浴球,印章
轉接頭,白板筆,白板筆
彩色筆,螢光筆,貼紙,口紅膠,背心袋,識別證,畫冊
識別證,線圈本,貼紙
橡皮擦,筆芯,筆芯
貼紙,貼紙,耳塞,紙膠帶,紙膠帶
茶,鋼珠筆,剪刀
圓珠筆,筆袋,筆筒
筆管,名片盒,印章,溜溜筆,印泥,背心袋,剪貼簿,直尺,溜溜筆,側背包
筆芯,筆芯,筆芯
彩色筆,一字夾,筆芯
圓珠筆,圓珠筆,圓珠筆
眉筆,泡麵,作業簿,紙巾
果汁筆,禮物卡,果汁筆,便利貼
筆記本,圓珠筆,貼紙,儲物罐,彩色筆,紙膠帶
筆管,筆芯,筆管,筆芯
削筆器,沐浴球,沐浴球,螢光筆,貼紙,修正帶
公文袋,文件夾,筆袋,便條貼,量杯
魔擦筆,資料簿,資料袋,資料簿
筆芯,充電線,名片卡,奇異筆
貼紙,螢光筆,信套
口紅膠,牛皮紙,餐具,花布
果汁筆,充電線,活頁紙
儲物罐,果汁筆,線圈本
螢光筆,曬衣架,便條紙,墊板
自動鉛筆,鋁尺,螢光筆
滑鼠墊,禮物袋,禮物袋,棒棒糖,禮物袋,包裝袋,禮物袋
螢光筆,自動鉛筆,螢光筆
筆芯,筆芯,筆袋
螢光筆,原子筆,線圈本,螢光筆,貼紙,棉花,資料夾,線圈本,調理鍋,螢光筆,原子筆,一字夾,螢光筆,筆記
修正帶,線圈本,標籤,筆袋
印章,名片盒,螢光筆,拉鍊袋,修正帶,修正帶
資料簿,資料簿,眼彩筆,便條貼,圓珠筆,便條貼
奇異筆,沐浴球,泡麵
筆芯,背心袋,自動鉛筆,筆芯,生日卡,果汁筆,手機支架,橡皮擦,檯燈
螢光筆,螢光筆,賀卡
卡片,沐浴球,筆管,信套
手帳,筆記本,收納袋,貼紙,貼紙
果汁筆,螢光筆,雜誌,背心袋
影印紙,原子筆,名片盒
筆蓋,蠟筆,魔擦筆
筆盒,電蚊拍,信套,捲線器,紙膠帶,鑽沙夾,泡棉,貼紙
筆記本,筆記,原子筆,筆記
名片盒,線圈本,衛生紙
皮夾,背心袋,耳機,手機支架,烤盤
自動鉛筆,奇異筆,標籤,螢光筆
白板筆,紙膠帶,信套,手帳,水彩,筆記,鋼珠筆
包裝袋,棒棒糖,感謝卡,禮物卡,感謝卡
螢光筆,眼彩筆,娃娃,筆記,膠帶
筆記本,蝴蝶結,感謝卡,感謝卡
書衣,蝴蝶結,貼紙
特厚紙,果汁筆,果汁筆
紙袋,螢光筆,螢光筆,遮陽帽,螢光筆,螢光筆,果汁筆
原子筆,傳輸線,削筆器,手機套
筆芯,筆芯,筆芯
不織布,票卡夾,化妝包
小木夾,膠帶,背袋,線圈本,剪刀,背心袋,泡棉
顏料,顏料,顏料,顏料,顏料,顏料
魔擦筆,拉鏈袋,直尺
背心袋,名片卡,筆記,筆芯,魔擦筆,零錢包,魔擦筆,筆芯
特厚紙,背心袋,牛皮紙
紙膠帶,蝴蝶結,鉛筆
口紅膠,標籤,螢光筆,螢光筆
洗衣網,名片盒,特厚紙
吊繩,內搭褲,背心袋
原子筆,圓珠筆,儲物罐,筆蓋
貼紙,生日卡,貼紙
禮物袋,禮物袋,感謝卡
背心袋,紙膠帶,禮物袋
鋁尺,修正帶,彩色筆
修正帶,修正帶,夾鏈袋
名片,便條紙,紙膠帶
書籤,紙膠帶,筆芯,魔擦筆
背心袋,皮繩,線圈本,皮繩
筆芯,螢光筆,計算紙,剪刀
電池,修正帶,資料袋
貼紙,印章,娃娃
筆管,電蚊拍,筆芯,便條紙
真順筆,筆記,車充,便利貼,便利貼,筆記,便利貼,資料本,鐵盒,筆記,美工刀,美工刀
紙盒,包裝紙,洞洞尺
筆芯,便條貼,沐浴球
真順筆,真順筆,信封
衛生紙,束口袋,原子筆
果汁筆,儲物罐,信套,鋁尺,螢光筆
筆記,線圈本,螢光筆,調理鍋
積木,筆芯,螢光筆,自動鉛筆
吊袋,筆芯,筆芯,收納袋
存錢筒,延長線,手機支架
貼紙,自動鉛筆,瓦楞板
筆芯,自動鉛筆,紙膠帶,白板筆
修正帶,手機支架,原子筆
公文袋,布膠帶,麥克筆,帳單
手記,便條,修正液,便條紙
橡皮擦,自動鉛筆,鋼珠筆,美工刀
積木,桌墊,積木,標籤
識別證,衛生紙,螢光筆
筆袋,髮帶,筆芯
橡皮擦,筆芯,筆芯,沐浴球
隔熱墊,隔熱墊,手冊,魔擦筆,感謝卡,面紙,麻糬,修正液,感謝卡,便條本,零錢包
吊飾,充電線,筆袋,禮物袋,零錢包,迴紋針
膠水,修正帶,沐浴球,鋼珠筆
信套,線圈本,筆袋,線圈本,色紙,洞洞尺,色紙
修正帶,鋼珠筆,鋼珠筆
紙膠帶,自動鉛筆,筆袋
零錢包,輕便袋,資料簿
鋼珠筆,鋼珠筆,鋼珠筆,鋼珠筆,鋼珠筆
沐浴球,相本,筆芯,稿紙
扁梳,墨水匣,墨水匣,襪套,線圈本,墨水匣,浴帽,襪套,背心袋
襪套,收納袋,筆芯
蠟筆,電蚊拍,筆芯,板夾,紙膠帶,筆記本,信套,紙膠帶
明信片,麻糬,乳膠
再生紙,果汁筆,書衣
便條貼,溜溜筆,線圈本,修正帶
感謝卡,氣球,橡皮擦,手機支架,感謝卡,感謝卡,感謝卡,白板筆,感謝卡,手機支架,感謝卡
果汁筆,沐浴球,魔擦筆,魔擦筆,魔擦筆,果汁筆,輕便袋
泡麵,背心袋,筆記,計算紙,橡皮擦
襪套,浴帽,影印紙
圓珠筆,文件夾,背心袋,充電線
零錢包,鉛筆芯,轉接頭,筆盒,奇異筆,貼紙,筆記本
口紅膠,明信片,包裝袋
吊飾,筆記,筆記
印泥,印台,彩色筆
卡紙,杯架,牛皮紙
膠水,棉花,筆芯
背心袋,螢光筆,筆芯
圓珠筆,圓珠筆,電池,圓珠筆
原子筆,禮物袋,信封,包裝紙
印泥,彩色筆,印台,識別證,衛生紙
指南針,貼紙,資料夾
吊飾,自動鉛筆,筆記本,擺飾
修正帶,耳扒,吊飾
自動鉛筆,修正帶,修正帶
積木,鉛筆,貼紙
特厚紙,筆芯,背心袋,名片簿
螢光筆,自動鉛筆,果汁筆
鉛筆,曬衣架,賀卡
束口袋,蠟筆,螢光筆
圓珠筆,背心袋,圓珠筆,娃娃,化妝包
背袋,洞洞尺,原子筆,墊板,魔擦筆
乳膠,色紙,手機支架
蠟筆,圓珠筆,墊板,果汁筆,蠟筆,簽字筆,蠟筆,背心袋
紙膠帶,禮卡,口紅膠,禮卡,沐浴球
白板筆,筆芯,橡皮擦
修正帶,紙膠帶,生日卡,鋼珠筆,紙膠帶
鋼珠筆,手提袋,迴紋針,茶
眼彩筆,便條紙,修正液
書籤,紙膠帶,生日卡
充電線,白板筆,筆芯,鋼珠筆
修正帶,背心袋,鋼珠筆,一字夾,儲物罐,名片簿,資料夾,鋼珠筆,鉛筆
橡皮擦,背心袋,口紅膠
白板筆,魔擦筆,螢光筆,原子筆
螢光筆,跳繩,筆芯
鋼珠筆,螢光筆,鋼珠筆,魔擦筆
鋼珠筆,筆芯,鋼珠筆,鋼珠筆,鋁尺,便條貼
眼彩筆,背心袋,紙卡,自動鉛筆,泡麵
名片盒,自動鉛筆,板夾,直尺
畫本,計劃,便條紙
筆芯,筆芯,氣球,筆管
筆記,背心袋,筆記
圓珠筆,印章,手冊,修正帶,削筆器
文件袋,沐浴球,跳棋,沐浴球,筆芯
襪套,襪套,襪套
背心袋,沐浴球,原子筆,筆記本,筆記本,自動鉛筆
衛生紙,原子筆,麥克筆,奇異筆
果汁筆,麻糬,原子筆,襪套
果汁筆,沐浴球,雙面膠帶
洗衣網,筆芯,筆芯
筆芯,眉筆,筆芯,白板筆
圓珠筆,原子筆,圓珠筆,圓珠筆,圓珠筆
禮卡,沐浴球,筆筒
圓珠筆,圓珠筆,孔夾,背心袋,書衣,修正帶,面紙,隔熱墊
筆記,鉛筆芯,特厚紙,隔熱墊
筆芯,背心袋,筆管,筆芯,筆芯,筆芯,筆芯
鋼珠筆,修正帶,蠟筆,筆芯
修正帶,沐浴球,背心袋,雙面膠帶
自動鉛筆,乳膠,線圈本
耳塞,螢光筆,背心袋
背心袋,修正帶,筆芯,眉筆,襪套
禮物盒,遮陽帽,眼線液
鋼珠筆,原子筆,簽字筆
瓦楞紙,眼鏡架,修正帶
筆記本,色卡,文件夾,輕便袋
便條紙,墨水匣,墨水匣
墨水匣,墨水匣,墨水匣,背心袋
筆芯,筆芯,筆芯
自動鉛筆,筆盒,泡麵,筆記,墨水匣,彩色筆,資料本
口罩,襪套,名片盒
彩虹筆,自動鉛筆,膠水
自動鉛筆,自動鉛筆,原子筆,原子筆,自動鉛筆
背心袋,文件夾,耳扒,小木夾,資料本
蠟燭,別針,蠟燭
彩色筆,標籤,賀卡
明信片,信套,明信片
活頁紙,名片卡,馬桶刷,水彩,筆芯,貼紙,筆芯
線圈本,零錢包,記憶卡,襪套
筆芯,筆芯,筆芯,蠟筆,筆芯
延長線,筆記本,背心袋,便條
原子筆,魔擦筆,膠帶,紙膠帶,收納包,掛袋
筆袋,便條貼,果汁筆,筆袋
信套,板夾,螢光筆
隔熱墊,隔熱墊,隔熱墊
雙面膠帶,自動鉛筆,便條紙
線圈本,洗衣網,便條紙
文件袋,原子筆,修正帶,筆袋
圓珠筆,筆芯,筆芯,原子筆
桌曆,鉛筆芯,信套,鉛筆,充傳線
信套,鉛筆,鉛筆
原子筆,筆記,筆記
橡皮擦,瓦楞板,筆芯
筆記,飾品,背心袋
筆芯,筆芯,洗衣網,沐浴球
行李箱,筆芯,筆芯
色紙,雙面膠帶,背膠
手帳,貼紙,貼紙,貼紙
束口袋,眉筆,束口袋
背心袋,冰棒,口紅膠,牛奶糖
名片盒,筆記本,遮陽帽
眼鏡架,果汁筆,果汁筆
沐浴球,鋁尺,便條紙
紙膠帶,溜溜筆,墨水匣,襪套,鋼珠筆,檯燈,筆記
修正液,烤盤,修正帶,鋼珠筆
鋼珠筆,手機支架,襪套
背心袋,眼彩筆,雙面膠帶
螢光筆,便條貼,水彩,背心袋,便條本
眉筆,日記,曬衣架
眼彩筆,筆記本,原子筆
隔熱墊,耳機,筆記,筆記,筆袋
背心袋,積木,電池
一字夾,布膠帶,膠帶
墨水匣,墨水匣,墨水匣,貼紙
鬧鐘,原子筆,膠帶
信封袋,修正帶,背心袋,拉鏈袋,標籤,螢光筆,信紙
白板筆,鋼珠筆,色紙
小木夾,紙膠帶,背心袋,奶瓶,筆芯,筆芯,貼紙
轉接頭,背心袋,傳輸線,玻璃紙
修正帶,資料簿,剪刀
奇異筆,印泥,原子筆,奇異筆,螢光筆
線圈本,背心袋,洗衣網
針筆,紙膠帶,自動鉛筆
白板筆,口罩,信套,活頁紙
棉花,文件夾,筆記,溜溜筆
調理鍋,麻糬,筆記
筆筒,孔夾,圓珠筆,線圈本
果汁筆,筆記,筆記
釘書機,捲線器,貼紙,螢光筆,迴紋針,線圈本
一字夾,手機支架,一字夾,便條
果汁筆,鋼珠筆,便條貼
鋼筆,背心袋,修正帶,圓珠筆
橡皮擦,手機支架,筆芯
螢光筆,螢光筆,禮物袋
原子筆,自動鉛筆,自動鉛筆,筆芯
生日卡,標籤,牛皮紙,咖啡,禮卡,公文袋
雙面膠帶,花布,吊飾,彩色筆
賀卡,收納袋,收納袋
祝福卡,書籤,貼紙
果汁筆,鋼珠筆,卡紙
紙膠帶,原子筆,筆記
鋼珠筆,感謝卡,鋼珠筆,筆記
螢光筆,筆記,筆芯
墨水匣,膠水,貼紙,墨水匣,墨水匣
溜溜筆,溜溜筆,溜溜筆
軟管,禮物卡,軟管
筆芯,螢光筆,螢光筆
剪刀,鋼珠筆,修正帶
牛皮紙,證件套,圓筒
置物袋,明信片,貼紙
眼彩筆,鋼珠筆,口紅膠
名片卡,便條紙,手冊,便條紙,手冊,名片卡
修正帶,沐浴球,筆芯
螢光筆,側背包,背心袋
調理鍋,牛皮紙,保利龍
鶴紙,奇異筆,背心袋,奇異筆
雪平鍋,鉛筆,內搭褲
背心袋,圓筒,娃娃
襪套,釘書機,雙面膠帶
調理鍋,修正帶,筆記,計算紙,背心袋,真順筆,螢光筆
背心袋,背心袋,禮物盒
文件袋,削筆機,背心袋,便條貼
圓珠筆,襪套,鋁線
剪刀,鋼珠筆,色紙
夾鏈袋,線圈本,信封
乳膠,泡棉,泡棉,原子筆
筆記,標籤,橡皮擦
溜溜筆,特厚紙,沐浴球
稿紙,鋼珠筆,鋼珠筆,檯燈
襪套,氣球,圓珠筆,螢光筆,襪套,自動鉛筆
置物盒,包裝紙,錢包,生日卡,紙盒
鋼珠筆,筆記本,自動鉛筆,自動鉛筆
錢包,白板筆,筆芯,果汁筆,再生紙,筆芯,鋼珠筆,製冰盒
錢包,鋼珠筆,直尺
錢包,貼紙,感謝卡,孔夾,資料本
剪刀,錢包,標籤
資料本,筆記,印章,背心袋,資料本,印泥
果汁筆,雙面膠帶,計時器,束口袋,錢包
筆管,筆芯,筆芯,錢包
紙膠帶,信套,棒棒糖,口紅膠,便條,棒棒糖,信套,棒棒糖
儲物罐,便條紙,便條紙
鋼珠筆,鋼珠筆,票卡夾,沐浴球,蠟筆,鋼珠筆,泡麵,鋼珠筆,錢包
筆芯,筆芯,筆盒,自動鉛筆
魔擦筆,錢包,便條貼
標籤,魔擦筆,鋼珠筆,錢包
魔擦筆,原子筆,錢包
錢包,遮陽帽,包裝紙
儲物罐,果汁筆,錢包
修正帶,書衣,螢光筆,錢包,積木,鋼珠筆,螢光筆
錢包,圓珠筆,儲物罐,圓珠筆
月曆,貼紙,鉛筆,紙膠帶,貼紙,眼鏡架,書衣
便條,筆記,筆芯,錢包
錢包,沐浴球,橡皮擦,筆袋,便條貼
錢包,內搭褲,花布
鬧鐘,錢包,雪平鍋
筆管,板夾,筆芯,修正帶,錢包
錢包,襪套,手機支架
螢光筆,背心袋,帆布
筆芯,筆筒,背心袋,錢包,筆袋,髮帶,資料袋,自動鉛筆,充電線,髮帶
錢包,魔擦筆,名片簿,汽球
背心袋,跳繩,橡皮擦,螢光筆,錢包
螢光筆,線圈本,鋼珠筆,螢光筆
筆記本,標籤,筆記本,錢包
方鏡,鋼珠筆,果汁筆,鋼珠筆,錢包
電池,手環,拼圖
馬克杯,充電線,錢包
紙膠帶,便條,釘書機,零錢包
手冊,泡麵,便利貼,錢包,便條紙
手機殼,溜溜筆,錢包,線圈本,曬衣架
錢包,墨水匣,墨水匣
標籤,鋼珠筆,便條貼,鉛筆,便條貼
錢包,擦手巾,手環
卡片,筆記,書衣,便條紙,便條紙,錢包,便條紙,便條紙,書衣,原子筆,掛袋
襪套,標籤,襪套,筆芯,削筆器,筆芯
簽字筆,襪套,襪套
鋼珠筆,內搭褲,鋼珠筆
握筆,筆芯,筆盒
筆芯,稿紙,自動鉛筆,筆削,白板筆,針筆,針筆,計劃,鉛筆,彩色鉛筆,鉛筆
票卡夾,背心袋,原子筆
螢光筆,錢包,書衣
筆芯,魔擦筆,乳膠,鋼珠筆
雙面膠帶,麥克筆,錢包
口紅膠,感謝卡,信套
蠟筆,蠟筆,錢包
洗衣網,計劃,飾品
錢包,計劃,卡片
瓦楞板,自動鉛筆,墨水匣,背袋
沐浴球,防水袋,自動鉛筆,提袋,鋼珠筆,鋼珠筆
原子筆,螢光筆,背心袋,公文袋
筆記本,貼紙,貼紙,便條紙
蠟筆,雙面膠帶,保護膜
鋼珠筆,鋼珠筆,修正帶
信套,螢光筆,口紅膠
溜溜筆,彩色筆,資料夾
膠帶,修正帶,膠水
洞洞尺,筆記,螢光筆
印章,手機支架,貼紙
修正帶,筆芯,馬桶刷,果汁筆
筆袋,背袋,筆芯
筆芯,鋼珠筆,白板筆,筆芯
感謝卡,感謝卡,氣球,感謝卡
白板筆,玻璃紙,白板筆,名片盒
眉筆,鋼珠筆,修正帶
螢光筆,自動鉛筆,沐浴球,螢光筆,果汁筆
修正帶,圓規,沐浴球
鋼珠筆,一字夾,鋼珠筆
筆筒,麻糬,置物袋,置物袋
圓珠筆,迴紋針,帳單,剪刀
圓珠筆,背心袋,迴紋針,圖釘
鐵絲,衣夾,筆記本
背心袋,花圈,貼紙,巧克力,貼紙
公文袋,名片盒,資料簿,膠套,果汁筆
隔熱墊,隔熱墊,圓珠筆
顏料,顏料,顏料
調理鍋,孔夾,調理鍋,影印紙
原子筆,原子筆,原子筆
沐浴球,一字夾,便條貼,一字夾
隔熱墊,收納袋,鋼珠筆
活頁紙,果汁筆,隨身鏡
原子筆,便條紙,便條紙,鋼珠筆
娃娃,筆記本,簽字筆,稿紙,資料本,修正帶
便條紙,筆蓋,便條紙
禮物袋,邀請卡,禮物袋
資料本,修正帶,手機支架
筆芯,吊牌,紙卡,吊牌,零錢包
生日卡,計劃,生日卡
筆芯,筆芯,筆芯
筆記,筆記,孔夾,調理鍋,修正帶
印章,印章,印章,印章
原子筆,鋼珠筆,筆記
魔擦筆,魔擦筆,名片簿
橡皮擦,鉛筆,溜溜筆,棉線
便條紙,遮陽帽,便條紙,修正帶
眉筆,筆芯,髮帶
鋼珠筆,拼圖,拼圖
筆芯,螢光筆,筆芯
美工刀,吊飾,果汁筆,一字夾,名片簿
螢光筆,自動鉛筆,鋼珠筆
資料本,便條,洗衣網
便條,洗衣網,資料本
筆記,便條紙,鑰匙扣,便條紙
泡棉,瓦楞板,彩帶,卡紙,飾品,壁貼
玻璃瓶,彩色筆,修正帶,沐浴球,膠帶,滑鼠,雜誌,沐浴球
洗衣網,原子筆,口紅膠
筆芯,零錢包,筆芯,螢光筆
資料夾,資料袋,背心袋
紙膠帶,紙膠帶,紙膠帶
筆記,紙膠帶,線圈本,紙膠帶
牛皮紙,手帳,印章,印章,橡皮擦,印章
色卡,名片盒,鋼珠筆,牛皮紙
筆管,便條紙,票卡夾,活頁紙,原子筆,筆記
充電線,蠟筆,果汁筆,果汁筆,果汁筆,記事本
遮陽帽,遮陽帽,遮陽帽
削筆機,原子筆,便條紙,原子筆,圓珠筆
螢光筆,小木夾,手機支架,感謝卡
鋼珠筆,便條紙,圓珠筆,線圈本,原子筆,筆袋,自動鉛筆,便條紙,遮陽帽,圓珠筆,圓珠筆,充電線,自動鉛筆,自動鉛筆,圓珠筆
螢光筆,真順筆,娃娃,螢光筆,便條紙
鋼珠筆,彩虹筆,橡皮擦,色卡
果汁筆,原子筆,衛生紙,筆記
自動鉛筆,筆芯,果汁筆
畫冊,彩色筆,筆袋
鋼珠筆,鋼珠筆,活頁紙,鋼珠筆
圓珠筆,圓珠筆,圓珠筆,零錢包,標籤,筆芯,圓珠筆
便條紙,便條紙,標籤
標籤,膠帶,圓珠筆,畫板,著色本,筆袋
貼紙,魔擦筆,魔擦筆,魔擦筆,紙膠帶,魔擦筆
遮陽帽,背心袋,遮陽帽,保利龍
沐浴球,拼圖,儲物罐
橡皮擦,鋼珠筆,筆袋
束口袋,鋼珠筆,束口袋
鋼珠筆,玻璃紙,鋁尺,鋼珠筆
生日卡,提袋,便條貼
筆袋,剪刀,美工刀
信套,充電線,筆記本
儲物罐,剪刀,識別證,美工刀
果汁筆,便條貼,印章
計劃,標籤,原子筆,牛皮紙
貼紙,貼紙,貼紙,貼紙
貼紙,貼紙,貼紙,貼紙,貼紙
奇異筆,信套,修正帶
口紅膠,原子筆,原子筆,線圈本
名片,髮夾,筆記本,筆記,背膠
圓珠筆,貼紙,圓珠筆
相本,泡棉,圓珠筆
筆芯,筆芯,筆芯
便條紙,筆記本,魔擦筆,筆芯
畫本,刮刀,彩色鉛筆
香蕉夾,感謝卡,提袋
手機支架,鋼珠筆,鋼珠筆
計劃,牛皮紙,保護膜
手機支架,圓珠筆,圓珠筆
果汁筆,果汁筆,果汁筆
圓珠筆,圓珠筆,筆袋
計算機,鉛筆,果汁筆,滑鼠
線圈本,圓珠筆,螢光筆,釘書機,螢光筆,便條,圓珠筆
手帳,貼紙,貼紙,桌墊,筆記,鋼珠筆
奇異筆,桌墊,桌墊,貼紙,扁梳
帳單,皺紋紙,背心袋
信箋,螢光筆,背心袋
資料簿,信套,信套,紙膠帶,筆芯,溜溜筆,筆芯,泡棉
白板筆,便利貼,孔夾
圓珠筆,圓珠筆,鋁尺,剪刀
筆芯,紙膠帶,娃娃
橡皮擦,筆芯,螢光筆
調理鍋,印章,便條
花布,餐盒,便條紙,毛筆,吊飾
直尺,眼彩筆,貼紙,筆芯,手機殼
桌墊,桌墊,桌墊,桌墊,桌墊,桌墊
自動鉛筆,原子筆,蠟筆,曬衣架,奇異筆,鑰匙扣
桌扇,背心袋,延長線,筆袋
筆芯,標籤,眼彩筆,背心袋
書衣,原子筆,彩虹筆,拼圖
鋼珠筆,鋼珠筆,鋼珠筆
眼鏡架,生日卡,沐浴球
信套,明信片,跳棋,信套,色卡
貼紙,貼紙,紙膠帶,手帳
鋼珠筆,鋼珠筆,筆芯,魔擦筆
娃娃,票卡夾,貼紙,貼紙
美工刀,筆記本,束口袋
貼紙,修正帶,修正帶,修正帶
圖釘,沐浴球,筆芯
鋼珠筆,鋼珠筆,鋼珠筆,鋼珠筆,鋼珠筆,鋼珠筆,鋼珠筆,鋼珠筆,鋼珠筆,鋼珠筆
祝福卡,再生紙,禮卡,卡片
名片盒,修正液,書衣
自動鉛筆,直尺,白板筆,鋼珠筆,餅乾,彩色筆
調理鍋,修正帶,筆記,筆記本,筆記本
筆芯,圓珠筆,圓珠筆,隔熱墊
背心袋,餐盒,票卡夾,彩色筆
票卡夾,筆芯,膠帶,果汁筆,橡皮擦
桌墊,桌墊,手帳
包裝紙,生日卡,小木夾,情人卡
筆芯,筆記,筆記本,春聯
便條貼,畫本,紙膠帶,夾子,玻璃紙,手環
黏土,便條紙,便條紙
訂書針,紙膠帶,螢光筆,螢光筆
便條紙,便條紙,娃娃
名片,孔夾,感謝卡
魔擦筆,直尺,筆芯
筆袋,針筆,擦手巾
禮物袋,修正帶,浴帽,浴帽
修正帶,自動鉛筆,筆記本
手機支架,自動鉛筆,背心袋,側背包
貼紙,筆芯,貼紙,貼紙
明信片,便條貼,書衣
手帳,紙膠帶,筆記
咖啡,背心袋,特厚紙
便利貼,便利貼,保護套,便利貼,便利貼,魔擦筆,筆芯,魔擦筆,便利貼,筆芯,便利貼,便利貼,便利貼,魔擦筆
桌墊,書衣,便條紙,便條本,眼鏡
充電器,原子筆,魔擦筆
便利貼,生日卡,便利貼,簽名卡
沐浴球,線圈本,線圈本
貼紙,貼紙,戒指,貼紙
童襪,浴帽,浴帽,浴帽
奇異筆,標籤,奇異筆,奇異筆
充電線,標籤,鋼珠筆,螢光筆,削筆機,膠帶
筆盒,隔熱墊,娃娃,線圈本
文件袋,修正液,收納袋,修正帶,儲物罐
冰棒,杯架,杯架,棉布,靠墊,冰棒,貼紙
螢光筆,眉筆,資料袋
鋼珠筆,口紅膠,貼紙,鋼珠筆
筆芯,筆芯,筆芯
隔熱墊,票卡夾,眼鏡盒,鉛筆,一字夾,便條紙,卡紙
鋼珠筆,魔擦筆,鋼珠筆
筆芯,襪套,烤盤
包裝袋,貼紙,曬衣架
檯燈,鉛筆,泡麵,原子筆,白板筆
不織布,修正帶,桌燈,鬆緊帶
公文袋,貼紙,溜溜筆
貼紙,筆芯,筆芯
輕便袋,筆芯,自動鉛筆,白膠,調理鍋
禮物盒,禮物袋,禮物袋
掛袋,原子筆,直尺
筆袋,曬衣架,自動鉛筆
鋁線,眼鏡架,果汁筆
沐浴球,魔擦筆,軟墊,白板筆,修正帶,果汁筆
拼圖,票卡夾,釘書機,訂書針,存錢筒
氣球,不織布,衛生紙
修正帶,白板筆,錢包
公文袋,文件套,傳輸線
圍巾,泡麵,置物袋
沐浴球,孔夾,隔熱墊,隔熱墊,圓珠筆,便條紙
自動鉛筆,圓珠筆,孔夾,孔夾,調理鍋,便條紙
訂書針,印泥,生日卡
螢光筆,文件夾,內搭褲,鋼珠筆,原子筆
公文袋,髮梳,孔夾,孔夾,修正帶,雜誌,孔夾
紙膠帶,生日卡,筆記本
孔夾,轉接頭,吊飾,信套,提袋,棒棒糖,小木夾
牛皮紙,貼紙,貼紙
信紙,信紙,識別證,信紙,便條
擦手巾,畫本,橡皮擦,充電線
筆記,直尺,螢光筆,背心袋,螢光筆
資料本,隔熱墊,彩色筆
魔擦筆,蠟筆,孔夾
螢光筆,眼彩筆,小木夾
圓珠筆,圓珠筆,鋁尺
筆記本,相本,筆芯
布偶,果汁筆,唇蜜,月曆,果汁筆,果汁筆
修正帶,筆袋,滑鼠
調理鍋,滑鼠,筆記本,調理鍋
浴帽,浴帽,襪套
名片,禮卡,禮卡
桌墊,桌墊,紙膠帶,名片簿,桌墊,桌墊,感謝卡,信套,桌墊,信套,內搭褲,蠟筆,感謝卡,貼卡,貼卡,桌墊,儲物罐
紙膠帶,火柴盒,沐浴球
螢光筆,皮繩,圓珠筆
鉛筆芯,筆芯,原子筆
束口袋,束口袋,錢包,筆芯
桌墊,拼圖,桌墊
顏料,顏料,顏料
手機支架,提袋,貼紙
筆芯,筆芯,手帳,筆芯,貼紙,筆芯,識別證
筆芯,筆芯,電蚊拍,筆記
襪套,襪套,衛生紙
鋼珠筆,貼紙,錢包,貼紙,拼圖
筆芯,果汁筆,杯架
自動鉛筆,麻繩,針筆,背心袋
自動鉛筆,魔擦筆,筆芯
彩色鉛筆,背心袋,票卡夾,卡片
禮物袋,拉鏈袋,削筆器,牛皮紙
橡皮擦,筆記,便條貼,襪套,調理鍋,調理鍋,計算機
圓珠筆,圓珠筆,沐浴球
螢光筆,資料簿,螢光筆,螢光筆
魔擦筆,螢光筆,雙面膠帶,魔擦筆
手帳,鋼珠筆,紙膠帶
紙膠帶,顏料,紙膠帶
擦手巾,印章,洞洞尺,包裝紙,靠墊
果汁筆,一字夾,果汁筆
票卡夾,筆記,生日卡
包裝紙,貼紙,禮物袋,提袋
筆芯,書籤,筆芯
浴帽,浴帽,螢光筆,浴帽,資料本,彩色筆,錢包
筆芯,筆芯,筆芯,筆記
行事曆,抱枕,板夾,抱枕,背心袋
修正帶,毛筆,便條貼
花布,彩色鉛筆,生日卡,印泥,禮卡,明信片
鋼珠筆,錢包,鋼珠筆
背心袋,孔夾,資料本
名片簿,口紅膠,便條紙
筆芯,筆管,筆芯,筆芯,筆芯
側背包,螢光筆,便條紙,修正帶,面紙,背心袋,螢光筆,衛生紙,束口袋
鋼珠筆,咖啡,鋼珠筆
鋼珠筆,手提袋,鋼珠筆,修正帶,包裝紙,包裝紙,包裝紙
相框,束口袋,小木夾
印泥,印章,墨水匣
彩色筆,自動鉛筆,信套
色卡,紙膠帶,明信片
自動鉛筆,鉛筆,訂書針,自動鉛筆,修正帶,束口袋
貼紙,筆盒,印章
吊飾,圓珠筆,圓珠筆,白膠
調理鍋,滑鼠,筆記
筆記,筆記,螢光筆,沐浴球,襪套,孔夾
線圈本,圓規,剪刀,相本,白板筆
泡棉,壁貼,卡紙
滑鼠,筆記本,便條紙
彩色筆,自動鉛筆,日記
修正帶,筆芯,螢光筆,原子筆,螢光筆,線圈本
螢光筆,自動鉛筆,沐浴球
背心袋,卡紙,修正帶,原子筆,筆芯
電池,魔擦筆,畫本,螢光筆
鉛筆,腊筆,修正帶,奇異筆,蠟筆
束口袋,束口袋,束口袋
名片卡,吊飾,鋼珠筆
沐浴球,筆芯,筆芯
夾鍊,電池,側背包,束口袋,原子筆,螢光筆,原子筆,桌墊,原子筆,原子筆
筆袋,魔擦筆,票卡夾
遮陽帽,便條紙,修正帶,筆記,剪刀
禮物卡,手機支架,鉛筆,圓珠筆
白膠,美工刀,自動鉛筆
桌墊,筆芯,桌墊
修正帶,計劃,洗衣網
鉛筆,便條紙,儲物罐
插座,明信片,便利貼
鉛筆,圓筒,背心袋
便條紙,遮陽帽,魔擦筆,束口袋
筆記,貼紙,橡皮擦,飾品
黏土,名片卡,螢光筆
擦手巾,名片盒,相本,筆筒
鋼珠筆,顏料,顏料,顏料,隔熱墊,隔熱墊,隔熱墊
真順筆,眼鏡架,充電線
方鏡,魔擦筆,收納袋,魔擦筆
白板筆,飾品,洗衣網,便條紙,星紙,存錢筒
原子筆,筆芯,直尺
硬幣,硬幣,沐浴球
祝福卡,禮物盒,立體卡,攝影機,禮物袋
自動鉛筆,筆芯,筆芯
手冊,包裝袋,彩色筆,水彩
鋼珠筆,修正帶,筆記
孔夾,筆記,螢光筆,調理鍋,螢光筆
書衣,筆芯,魔擦筆,魔擦筆,削筆機,筆芯
證件套,刷毛,收納盒,零錢包,口罩,充電線
油漆,星紙,背心袋,滑鼠
束口袋,夾鏈袋,筆袋,夾鏈袋,修正帶
橡皮擦,螢光筆,螢光筆
調理鍋,膠筆,信套
便利貼,原子筆,原子筆,紙盒,自動鉛筆,筆袋,包裝紙
束口袋,公文袋,公文袋
麥克筆,電池,麥克筆
鋼珠筆,束口袋,束口袋
魔擦筆,資料本,計算機
釘書機,圓珠筆,原子筆
螢光筆,鋼珠筆,魔擦筆
皺紋紙,卡片,膠帶
浴帽,浴帽,浴帽
眼鏡架,果汁筆,側背包,果汁筆
電池,收納盒,計時器
剪刀,撲克牌,鋁尺
螢光筆,自動鉛筆,橡皮擦,線圈本
紙膠帶,咖啡,沐浴球
鋼珠筆,鋼珠筆,鋼珠筆,鋼珠筆,隨身杯,文件夾
明信片,帆布,便利貼
一字夾,果汁筆,簽字筆,果汁筆
膠帶,膠帶,泡麵,雙面膠帶,橡皮擦
魔擦筆,奇異筆,遙控器,魔擦筆,奇異筆,鉛筆
短襪,九分褲,九分褲,九分褲,九分褲,九分褲
束口袋,筆芯,便條紙
票卡夾,白板筆,氣球
貼紙,貼紙,貼紙
禮物袋,束口袋,杯架,束口袋,筆袋
背心袋,筆盒,瓦楞板,擦手巾
鋼珠筆,耳塞,筆芯,洗衣網
紙膠帶,感謝卡,感謝卡,筆記,名片卡,紙膠帶,筆記,面紙,筆記本,紙膠帶,禮卡,隨意貼
溜溜筆,修正帶,餐具組
貼紙,貼紙,螢光筆
鉛筆,鋁尺,自動鉛筆,延長線
筆芯,筆芯,自動鉛筆,筆芯,魔擦筆
蝴蝶結,插頭,美術紙
筆芯,筆芯,筆芯
印章,筆管,票卡夾
真順筆,削筆器,貼紙
線圈本,橡皮擦,零錢包,背心袋,筆記
魔擦筆,削筆器,直尺,墨水匣,識別證,調理鍋,白板筆
包裝紙,麻繩,修正帶
筆芯,筆芯,筆芯,筆芯,筆芯,筆芯
標籤,彩帶,標籤,文件套,標籤
沐浴球,筆芯,鋼珠筆
貼紙,卡片,感謝卡,隔熱墊
圓珠筆,白膠,修正帶,圓珠筆,原子筆
鋼珠筆,錢包,鋼珠筆
信套,拼圖,生日卡,生日卡,祝福卡
洗衣網,展示框,雙面膠帶,隔熱墊,抱枕,吊飾
遮陽帽,玻璃紙,沐浴球
遮陽帽,貼紙,貼紙
圓珠筆,禮物袋,桌墊,桌墊,奇異筆,簽字筆
白板筆,原子筆,筆記,沐浴球
隔熱墊,紙卡,紙卡
自動鉛筆,毛筆,筆芯
印章,標籤,充傳線
螢光筆,螢光筆,原子筆,筆芯
耳機,收納袋,織帶
圓珠筆,圓珠筆,修正帶
名片盒,名片盒,簽字筆,風扇,手冊
束口袋,印章,魔擦筆
簽字筆,彩虹筆,風扇,簽字筆,彩虹筆
棒棒糖,握筆,紙膠帶,洗衣網
便條紙,束口袋,鉛筆芯
鋁尺,修正帶,筆記
筆芯,眉筆,手機支架,圓珠筆,手機支架
烤盤,包裝紙,包裝紙,圖釘,充電線,手提袋
書衣,背心袋,紙膠帶,影印紙,薯條
隔熱墊,特厚紙,色卡
牛皮紙,眼鏡盒,眼鏡盒,衣夾,識別證,原子筆
耳機,浴帽,背心袋,浴帽,耳機,計劃,娃娃
奇異筆,拼圖,紙膠帶
原子筆,筆記,調理鍋,雙面膠帶,自動鉛筆,雙面膠帶,螢光筆,玻璃紙,筆記
線圈本,禮物袋,自動鉛筆,信套
便利貼,自動鉛筆,筆袋,膠帶
圓珠筆,圓珠筆,圓珠筆,束口袋
貼紙,書衣,手機支架
皮繩,充電器,充電器
膠帶,帽子,背心袋,沐浴球,杯架
筆芯,筆芯,筆芯,筆芯,錢包
禮物袋,捲線器,提袋
鉛筆,拼圖,筆芯,書衣,筆芯,墊板,玻璃紙,拼圖
文件袋,資料夾,筆芯
圓珠筆,計算機,名片卡
原子筆,橡皮擦,原子筆
貼紙,桌墊,玻璃紙,桌墊,背心袋,桌墊,削筆器,畫本,信套,桌墊
信套,貼紙,畫本,桌墊,桌墊,玻璃紙,削筆器,桌墊,背心袋,桌墊
筆記,調理鍋,筆記
魔擦筆,計算紙,蠟筆
直尺,束口袋,束口袋
自動鉛筆,螢光筆,自動鉛筆
濕巾,原子筆,標籤
魔擦筆,魔擦筆,奇異筆,自動鉛筆,雙面膠帶
貼紙,螢光筆,海綿,手帳
紀念冊,便利貼,洞洞尺,削筆器,方鏡,美工刀
鋼珠筆,鋼珠筆,筆芯,耳機,筆芯,手機支架
背心袋,筆芯,延長線,襪套
跳繩,手提袋,禮物袋
螢光筆,真順筆,真順筆
浴帽,浴帽,迴紋針
麻糬,鋼珠筆,掛袋,量杯,沐浴球
筆記本,果汁筆,果汁筆
筆記本,孔夾,調理鍋,棉花,調理鍋,束口袋,名片卡,束口袋
螢光筆,收納袋,收納袋
置物袋,修正帶,筆芯,魔擦筆
螢光筆,螢光筆,螢光筆
螢光筆,調理鍋,背膠,螢光筆
美工刀,螢光筆,螢光筆
貼紙,貼紙,貼紙,貼紙,手帳,貼紙
筆記,調理鍋,線圈本,筆記,調理鍋,眼鏡架,背心袋,蠟筆,筆記,錢包,調理鍋
螢光筆,鋼珠筆,螢光筆,螢光筆,螢光筆,螢光筆
名片盒,鋼珠筆,鋼珠筆
螢光筆,修正帶,螢光筆
乳膠,筆芯,修正帶
筆記,膠水,沐浴球
眼鏡架,沐浴球,筆袋,果汁筆
遮陽帽,筆芯,訂書針,鋼珠筆
再生紙,襪套,識別證
果汁筆,果汁筆,果汁筆,沐浴球,果汁筆,遮陽帽
票卡夾,書衣,書衣
鬆緊帶,積木,浴帽,浴帽
花布,筆芯,蠟燭
背心袋,筆袋,沐浴球,便條紙
線圈本,原子筆,沐浴球
便條紙,帆布,車充
削筆器,削筆器,識別證
果汁筆,便條貼,果汁筆,領結
膠帶,筆芯,筆芯
信套,釘書機,便條本
筆芯,魔擦筆,原子筆
顏料,顏料,顏料
筆記,娃娃,風扇,零錢包
名片卡,書衣,傳輸線
果汁筆,果汁筆,果汁筆,果汁筆,遮陽帽,果汁筆,遮陽帽
禮物盒,特厚紙,削筆器
修正帶,筆芯,筆芯
便條紙,束口袋,螢光筆,束口袋,便條,修正帶,墨水匣,墨水匣
識別證,背心袋,遙控車,乳膠
書衣,剪刀,背心袋
充電線,充電線,信封
打氣筒,氣球,束口袋
證件套,原子筆,原子筆
鋼珠筆,修正帶,原子筆,螢光筆,橡皮擦
鋼珠筆,鋼珠筆,筆蓋
鋼珠筆,螢光筆,簽字筆
橡皮擦,奇異筆,麥克筆
膠水,筆芯,特厚紙
筆管,筆芯,特厚紙
白板筆,耳扒,遮陽帽,特厚紙,螢光筆,禮物卡
背心袋,資料本,孔夾
浴帽,浴帽,浴帽
紙膠帶,特厚紙,標籤,不織布,紙膠帶,紙膠帶,包裝紙,拼圖
螢光筆,再生紙,螢光筆
貼紙,特厚紙,紙膠帶
紙膠帶,印泥,紙膠帶,印泥,一字夾
背心袋,真順筆,標籤
便條貼,鋼珠筆,鋼珠筆,鋁尺
掛勾,鋼珠筆,橡皮擦
標籤,生日卡,標籤
圓珠筆,圓珠筆,圓珠筆,圓珠筆
圓珠筆,儲物罐,洗衣網,貼紙
自動鉛筆,橡皮擦,自動鉛筆
簽字筆,口紅膠,名片簿
皺紋紙,資料簿,膠帶
資料袋,魔擦筆,置物袋
眉筆,證件套,作業簿,曬衣架
棒棒糖,筆袋,螢光筆,票夾,彩色筆,棒棒糖,日記,原子筆,方鏡,螢光筆,日記,修正帶,日記,修正帶,修正帶,飾品,浴帽,棒棒糖
包裝袋,棒棒糖,便條紙,手冊
名片簿,拼圖,筆芯
一字夾,一字夾,標籤
棒棒糖,祝福卡,明信片
禮物袋,背心袋,線圈本
原子筆,隔熱墊,簽字筆,隔熱墊
圓珠筆,圓珠筆,沐浴球
魔擦筆,信套,口紅膠,筆芯
簽名卡,貼紙,充傳線
桌墊,桌墊,果汁筆
紗網,皺紋紙,曬衣架,彩帶,眼彩筆
鋼珠筆,彩色筆,鋼珠筆,鋼珠筆,滑鼠
雙面膠帶,訂書針,便條紙
沐浴球,筆芯,筆芯
禮物袋,信套,包裝紙
襪套,奇異筆,削筆機
貼紙,貼紙,貼紙,白板筆,貼紙,便條本
衣夾,果汁筆,果汁筆
色卡,束口袋,筆記本,圓珠筆
拉鍊袋,削筆器,鋼珠筆,眼鏡架
筆芯,筆芯,美工刀
一字夾,眼彩筆,一字夾
禮卡,貼紙,彩色鉛筆
毛線,毛線,毛線
戒指,削筆器,貼紙,耳機
削筆器,便條貼,鋼珠筆
線圈本,鶴紙,鶴紙
名片盒,針筆,筆芯
泡麵,螢光筆,特厚紙
乳膠,奇異筆,奇異筆,奇異筆
色紙,色紙,色紙,色紙
色紙,彩帶,色紙,彩帶,色紙,彩帶
標籤,掛袋,公文袋
鉛筆,圓珠筆,自動鉛筆,白板筆
筆記,側背包,眼鏡架
公文袋,筆芯,螢光筆
筆芯,筆芯,筆芯,螢光筆
線圈本,修正帶,鋼珠筆
自動鉛筆,票卡夾,延長線
簽字筆,顏料,筆袋,收納袋,果汁筆
活頁紙,果汁筆,削筆器,貼紙
鋼珠筆,魔擦筆,便條紙
奇異筆,卡片,紙膠帶,咖啡
筆盒,明信片,便條紙
鋁線,曬衣架,作業簿,公文袋
名片盒,手機套,畫冊,修正帶
不織布,不織布,禮物袋,毛線,信套,菜瓜布
資料本,禮卡,束口袋,標籤
真順筆,線圈本,紙袋
奇異筆,筆蓋,沐浴球
標籤,標籤,原子筆,自動鉛筆,奇異筆,奇異筆
原子筆,原子筆,票卡夾,拉鍊袋,自動鉛筆,蝴蝶結,圓珠筆,自動鉛筆,自動鉛筆,圓珠筆,自動鉛筆
果汁筆,釘書機,筆芯
刷毛,手機架,拼圖
置物袋,圓珠筆,桌墊,充電線
魔擦筆,生日卡,筆袋,原子筆
膠帶,一字夾,襪套,浴帽
螢光筆,螢光筆,內搭褲
蠟筆,筆芯,掛袋
筆芯,自動鉛筆,修正帶,螢光筆,螢光筆
螢光筆,螢光筆,印章
筆芯,滑鼠,筆芯
筆管,筆芯,筆芯
原子筆,筆記,筆芯,原子筆,筆芯,筆蓋
口罩,口罩,口罩
背膠,棉線,軟管
拉鏈袋,鋼珠筆,票卡夾,鋼珠筆,筆袋,修正帶,鋼珠筆,沐浴球
煙灰缸,計時器,背心袋
內搭褲,真順筆,書盒,鋼珠筆,夾鍊
禮物盒,飾品,修正帶
內搭褲,自動鉛筆,洗衣網
筆芯,針筆,吊牌,修正帶,原子筆
娃娃,背膠,蝴蝶結
螢光筆,筆芯,蠟筆,名片簿
筆芯,筆芯,背心袋
修正帶,修正帶,真順筆,襪套
紙膠帶,紙膠帶,擦手巾
標籤,印章,美工刀
烤盤,充電線,真順筆,明信片,卡片,原子筆
邀請卡,牛皮紙,擦手巾
奇異筆,隔熱墊,隔熱墊,螢光筆,名片盒
輕便袋,眉筆,膠套
魔擦筆,拉鍊袋,雙面膠帶
圓珠筆,圓珠筆,圓珠筆
便利貼,便利貼,公文袋,便利貼,修正帶
筆管,筆芯,墊板,畫冊,筆芯
收納袋,孔夾,孔夾
筆記本,膠帶,口紅膠
圓珠筆,公文袋,圓珠筆
迴紋針,蝴蝶結,資料本,修正帶,蝴蝶結,筆記,便條,蝴蝶結
束口袋,自動鉛筆,鋁線,名片盒
鋁尺,筆芯,針筆,紙膠帶,果汁筆
拉鏈袋,標籤,筆芯
鋼珠筆,禮物袋,鋼珠筆
背心袋,文件夾,公文袋
貼紙,貼紙,手帳,相本
圓珠筆,訂書針,螢光筆
貼紙,手提袋,標語
筆芯,筆芯,筆芯
名片盒,白板筆,遮陽帽,便條貼,果汁筆
板夾,修正帶,圓珠筆,圓珠筆
鋼珠筆,活頁紙,筆記,鋼珠筆
信箋,筆芯,鉛筆,筆芯
沐浴球,遮陽帽,沐浴球,蝴蝶結
便條貼,筆記本,貼紙,直尺,計劃
名片盒,名片卡,螢光筆,眼鏡架
螢光筆,筆芯,背心袋,螢光筆
螢光筆,螢光筆,修正帶
修正帶,公文袋,筆記
泡棉,紙膠帶,抱枕,隨身鏡
印章,彩虹筆,隔熱墊,墨水匣
螢光筆,沐浴球,螢光筆
桌墊,桌墊,抱枕
內搭褲,檯燈,圓珠筆
吊飾,修正帶,鋼珠筆,線圈本
沐浴球,背心袋,包裝紙
束口袋,筆袋,鋼珠筆
色紙,不織布,彩帶,玻璃紙
蠟筆,公文封,標籤,標籤
名片盒,化妝包,口罩,口紅膠
圓珠筆,積木,圓珠筆,修正帶,圓珠筆,積木
螢光筆,墨水匣,螢光筆
便條,自動鉛筆,便條紙
螢光筆,筆袋,鋼珠筆,鋼珠筆
包裝紙,膠帶,包裝紙,膠帶,膠帶,膠帶,包裝紙,布膠帶,膠帶,膠帶,膠帶
螢光筆,果汁筆,麻糬,果汁筆
白板筆,包裝紙,馬桶刷,禮卡
果汁筆,沐浴球,保利龍,筆芯,筆芯
奇異筆,筆袋,筆芯,筆芯
蝴蝶結,延長線,板夾,板夾
浴帽,活頁紙,背心袋,膠水,遮陽帽,浴帽,果汁筆
側背包,貼紙,筆記本,果汁筆
滑鼠墊,禮卡,信套,情人卡,禮卡,卡片
泡麵,線圈本,墨水匣
圓筒,訂書針,咖啡,膠水
筆芯,沐浴球,原子筆,原子筆
墨水匣,墨水匣,筆芯,白板筆
插頭,棉布,魔擦筆,洞洞尺
修正液,鋼珠筆,置物袋
圓筒,曬衣架,瓦楞板
鋼珠筆,筆袋,橡皮擦
自動鉛筆,滑鼠,生日卡
鋁尺,自動鉛筆,鋼珠筆
蝴蝶結,蝴蝶結,織帶,原子筆,圓珠筆
筆芯,圓珠筆,圓珠筆
貼紙,感謝卡,吊飾
吊飾,線圈本,蝴蝶結,延長線,特厚紙,圓珠筆,泡棉,鬧鐘,圓珠筆,圓珠筆,彩色筆,筆記本,圓珠筆,圓珠筆
筆芯,便條紙,果汁筆
文件夾,鋼珠筆,襪套,感謝卡
果汁筆,手機支架,蠟筆
白板,原子筆,墨水匣
泡麵,特厚紙,雙面膠帶,膠帶,自動鉛筆,鐵絲
鋼珠筆,螢光筆,螢光筆,眼鏡架
筆記,魔擦筆,筆記,魔擦筆,拼圖,筆芯
雙面膠帶,自動鉛筆,沐浴球
棉線,鋼珠筆,瓦楞板,筆袋,筆芯,筆芯,電蚊拍,筆芯
蝴蝶結,蝴蝶結,不織布,保利龍,貼卡,膠帶,背心袋,眼彩筆
圓珠筆,圓珠筆,手機殼
自動鉛筆,自動鉛筆,陀螺,自動鉛筆
沐浴球,奇異筆,板夾,電池
蠟筆,筆蓋,菜瓜布
圓珠筆,圓珠筆,耳機
耳塞,情人卡,信套,魔擦筆
紙膠帶,公文袋,麻繩
筆芯,筆盒,自動鉛筆
修正帶,筆記,螢光筆,鋼珠筆
果汁筆,便條貼,零錢包,線圈本,雙面膠帶,防水袋,卡片,包裝紙,背心袋
束口袋,螢光筆,沐浴球
自動鉛筆,識別證,浴帽,浴帽,筆芯
板夾,板夾,螢光筆,螢光筆,髮束
票卡夾,保溫杯,便條紙,防水袋,貼紙
筆芯,提袋,沐浴球,筆筒,便條貼,螢光筆
貼紙,剪貼簿,隔熱墊
鋼珠筆,鋼珠筆,魔擦筆,筆芯
修正帶,螢光筆,果汁筆
束口袋,束口袋,束口袋,束口袋
筆芯,螢光筆,橡皮擦,簽字筆
便條貼,自動鉛筆,棒棒糖
簽名卡,筆芯,筆芯
橡皮擦,貼紙,洗衣網,隔熱墊,沐浴球
襪套,真順筆,襪套
修正帶,自動鉛筆,信紙,便條本
充傳線,轉接頭,風扇
資料本,修正帶,貼卡,沐浴球,筆芯
鋼珠筆,墊板,修正帶
原子筆,膠水,原子筆
原子筆,修正帶,毛筆
筆記本,螢光筆,螢光筆
皮繩,感謝卡,菜瓜布,祝福卡
調理鍋,膠水,隔熱墊,背心袋
沐浴球,顏料,顏料,顏料
筆記,手冊,筆記,髮梳
修正帶,筆記本,布膠帶
夾鍊,記事本,墊板,計劃
證件套,毛筆,烤盤
蠟筆,釘書機,孔夾,一字夾
紙膠帶,生日卡,資料簿
夾鍊,書衣,電蚊拍
削筆機,票卡夾,童襪
背心袋,公文袋,充傳線
背心袋,充傳線,公文袋
特厚紙,毛線,色紙,遮陽帽,皺紋紙
禮卡,線圈本,牛皮紙,便條紙
防水袋,背心袋,延長線
口紅膠,浴帽,鞋墊,浴帽
鉛筆,特厚紙,咖啡
鋼珠筆,筆記,鋼珠筆
鋼珠筆,儲物罐,橡皮擦,鋼珠筆
傳輸線,修正液,口紅膠
玻璃瓶,筆芯,鋼筆
圓珠筆,圓珠筆,防水袋
筆袋,筆芯,筆芯
貼紙,貼紙,貼紙,名片盒,包裝紙,貼紙
貼紙,螢光筆,棒棒糖
桌墊,公文袋,螢光筆,桌墊,影印紙
隔熱墊,眼彩筆,鋼珠筆
螢光筆,名片盒,鋼珠筆
筆記本,筆記本,孔夾,白板筆
果汁筆,果汁筆,螢光筆
筆記本,皮繩,筆記本
不織布,背心袋,糖果,標籤
禮物袋,眼鏡盒,鋼珠筆
筆芯,筆芯,紙膠帶,紙膠帶
彩色筆,夾鏈袋,螢光筆,蝴蝶結,螢光筆,蝴蝶結,板夾,蝴蝶結,螢光筆,標籤
貼紙,特厚紙,白膠
美工刀,圓珠筆,螢光筆
便條紙,筆芯,筆芯,便條
筆芯,收納包,筆芯
沐浴球,桌墊,保利龍,背心袋,洗衣網
吸盤,壓克力板,沐浴球
奇異筆,奇異筆,奇異筆
修正帶,果汁筆,果汁筆
筆芯,筆芯,筆管
鋼珠筆,蠟筆,延長線,充電線,貼紙
電池,橡皮筋,曬衣架
筆管,筆芯,筆芯
修正帶,沐浴球,貼紙
筆芯,紙膠帶,紙膠帶
鋼珠筆,鋼珠筆,蠟筆
果汁筆,信套,果汁筆,名片卡,修正帶,魔擦筆
鎖圈,棉布,背心袋,便條紙
包裝紙,修正帶,桌墊
卡紙,牛皮紙,咖啡,特厚紙
名片簿,相本,白板筆
筆芯,自動鉛筆,自動鉛筆
明信片,信套,修正帶,明信片,祝福卡,名片盒
印泥,便條紙,便條貼
圓珠筆,襪套,螢光筆,線圈本,計劃,口罩,筆盒,螢光筆,襪套,計劃,襪套,皮繩,桌曆,自動鉛筆,真順筆,螢光筆
蝴蝶結,筆袋,蝴蝶結
信套,沐浴球,雙面膠帶
螢光筆,紙膠帶,桌墊,貼紙,修正帶
色紙,手機架,曬衣架
積木,紙膠帶,便條紙,積木,線圈本
便條紙,便條紙,書盒,檯燈,魔擦筆,墊板,便條紙
洗衣網,螢光筆,螢光筆
眼鏡架,螢光筆,滑鼠,眼彩筆
筆芯,沐浴球,護唇膏
提袋,鋁線,生日卡
墨水匣,擦手巾,墨水匣
鋼珠筆,鋼珠筆,鋼珠筆,鋼珠筆,鋼珠筆,鋼珠筆,鋼珠筆,鋼珠筆
名片盒,筆蓋,夾鏈袋
貼紙,不織布,曬衣架
螢光筆,筆芯,筆芯,沐浴球
筆記本,螢光筆,奇異筆
印章,菜瓜布,名片盒,壁貼,禮卡,砧板
原子筆,修正帶,筆芯
扣環,襪套,背心袋
圓珠筆,眼彩筆,便條貼,白板筆
調理鍋,麻糬,調理鍋,滑鼠,修正帶
修正帶,螢光筆,鋼珠筆,鋁尺
手機支架,圓珠筆,面紙
彩色筆,修正帶,鉛筆
襪套,襪套,修正帶
沐浴球,自動鉛筆,筆記
襪套,襪套,雙面膠帶
腊筆,貼紙,蠟筆
冰棒,牛皮紙,冰棒
螢光筆,便條紙,鋼珠筆,螢光筆
信套,線圈本,自動鉛筆,原子筆
提袋,筆袋,削筆器,自動鉛筆,原子筆,筆芯,自動鉛筆
包裝紙,手冊,吊袋,包裝紙,吊袋
電蚊拍,筆芯,筆管,色卡,筆管,鋼珠筆,橡皮擦,名片簿
充電線,奇異筆,果汁筆,鋼珠筆
鋼珠筆,鋼珠筆,鋼珠筆
蝴蝶結,香皂,蠟燭,貼紙
修正帶,感謝卡,禮卡,線圈本
鋼珠筆,筆芯,沐浴球
鋼珠筆,簽名卡,白板筆,色紙,貼紙,鋼珠筆,膠帶
白膠,充電線,剪刀,冰棒,冰棒,鐵絲
果汁筆,票夾,果汁筆
筆芯,信套,膠水,飾品,筆芯,沐浴球
麻繩,吊牌,票卡夾,紙袋
螢光筆,修正帶,名片盒,橡皮擦
便條紙,圓珠筆,修正帶
手提袋,螢光筆,鋼珠筆,沐浴球
果汁筆,修正帶,背膠
墊板,橡皮擦,眉筆,筆芯,眉筆,自動鉛筆
洞洞尺,自動鉛筆,棒棒糖,鋼珠筆,棒棒糖
筆芯,筆芯,自動鉛筆
自動鉛筆,識別證,束口袋
線圈本,抱枕,蝴蝶結,筆袋,檯燈,扁梳,蝴蝶結,圓珠筆,耳扒
不織布,雙面膠帶,筆袋
筆管,色紙,書衣
祝福卡,感謝卡,感謝卡,手提袋,感謝卡
原子筆,皮繩,調理鍋,背心袋,沐浴球
乳膠,原子筆,便條紙,吸盤,原子筆
桌墊,直尺,鉛筆
不織布,海綿,眼線液
收納袋,線圈本,防水袋
螢光筆,修正帶,飾品,螢光筆,螢光筆
眼鏡架,鋼筆,筆記
麻繩,麻繩,禮物盒,削筆器
筆蓋,螢光筆,螢光筆
鋼珠筆,行事曆,鋼珠筆
禮卡,修正帶,修正帶
檯燈,便條,束口袋
修正帶,圓珠筆,修正帶,玻璃紙,蝴蝶結,棒棒糖,拼圖
彩色筆,貼紙,糖果,提袋,公文袋,貼紙,貼紙,貼紙,貼卡,修正帶
白板,長枕,自動鉛筆,保利龍
筆蓋,修正帶,襪套
筆芯,文件袋,泡棉,筆芯,相框,膠帶,雙面膠帶
筆袋,果汁筆,便條,果汁筆
橡皮擦,鉛筆,內搭褲
書衣,螢光筆,筆記本,魔擦筆,筆記本,公文袋,螢光筆
水彩,票卡夾,雙面膠帶
筆記,筆記本,紙膠帶
筆記本,筆袋,魔擦筆,筆記
桌墊,名片卡,洞洞尺
洞洞尺,簽字筆,麥克筆,筆記本,桌墊
剪刀,曬衣架,貼紙,色卡
禮卡,祝福卡,手冊,感謝卡,生日卡,筆盒,感謝卡,卡片
簽字筆,釘書機,膠帶,果汁筆
筆芯,繪本,桌墊,筆芯,白板筆,桌墊
書衣,麥克筆,書衣
原子筆,文件袋,計算紙
印泥,標籤,剪刀
信套,羊毛氈,羊毛氈,眼鏡盒,禮卡,羊毛氈,曬衣架,背心袋
鋼珠筆,筆記,線圈本,馬桶刷
束口袋,筆芯,筆蓋
鋼珠筆,紙膠帶,鋼珠筆
信套,筆盒,便條,相本,水晶燈
便條紙,標籤,奇異筆
收納袋,鋼珠筆,蝴蝶結,蝴蝶結
禮卡,蝴蝶結,蝴蝶結
不織布,鋼珠筆,不織布
果汁筆,鋼珠筆,鋼珠筆
筆芯,沐浴球,空瓶
筆袋,蝴蝶結,抱枕
鋼珠筆,彩色筆,蝴蝶結,鋼珠筆,筆芯,修正帶,簽字筆,修正液,修正帶
背心袋,延長線,延長線
原子筆,奇異筆,奇異筆
鋼珠筆,包裝紙,牛皮紙
卡紙,雙面膠帶,隔熱墊,眉筆,名片盒,鶴紙,鶴紙
削筆器,螢光筆,背心袋
洗衣網,活頁紙,貼紙,夾子
信封,公文袋,充電線,眼彩筆
生日卡,自動鉛筆,手提袋,螢光筆,螢光筆,筆記本,筆芯,生日卡
背袋,便條紙,名片卡,軟管
迴紋針,標籤,色卡
美工刀,資料袋,膠帶
筆芯,筆芯,修正帶,筆芯
帳單,影印紙,背心袋
膠水,沐浴球,膠水
計劃,修正帶,筆蓋
浴帽,沐浴球,魔擦筆,浴帽
紙膠帶,紙膠帶,紙膠帶
貼紙,魔擦筆,拉鏈袋,便條紙
果汁筆,修正帶,筆芯
眉筆,襪套,筆芯
印章,感謝卡,手提袋,乳膠,鉛筆,彩色筆,禮物盒,筆芯
沐浴球,膠水,色紙,剪刀,紙膠帶,蝴蝶結,果汁筆
握筆,圓珠筆,名片卡,名片簿,線圈本,圓珠筆
彩虹筆,筆記本,調理鍋
沐浴球,檯燈,拼圖,曬衣架,鋼珠筆,印章,鋼珠筆
毛筆,影印紙,毛筆
鋼珠筆,內搭褲,自動鉛筆,螢光筆,鋼珠筆,手機套,資料袋,筆記
圓規,橡皮擦,作業簿
便條,橡皮擦,筆蓋
雙面膠帶,紙膠帶,玻璃紙,背袋
便條,背心袋,削筆器,公文袋,感謝卡,隨身鏡,證件套,餐具組
墨水匣,膠帶,墨水匣,公文袋,膠帶
果汁筆,果汁筆,果汁筆,橡皮擦,修正帶
蝴蝶結,空瓶,保利龍,遮陽帽
泡麵,襪套,口罩
資料本,白板筆,線圈本,削筆器
資料夾,收納包,玻璃紙,魔擦筆
禮卡,感謝卡,提袋
修正帶,刮刀,修正帶,修正帶
名片卡,情人卡,名片簿
相本,膠水,貼紙
貼紙,拉鍊袋,貼紙
鋼珠筆,口紅膠,鋼珠筆,泡棉,貼紙,紙卡
紙膠帶,禮卡,收納袋
螢光筆,原子筆,果汁筆,沐浴球,螢光筆
信封,特厚紙,感謝卡
筆袋,筆芯,筆芯
票卡夾,橡皮擦,膠水
保利龍,計時器,修正帶
名片簿,螢光筆,螢光筆
彩色筆,貼紙,包裝紙,紙膠帶,禮物袋
紙卡,包裝紙,包裝紙
圓珠筆,感謝卡,圓珠筆,橡皮擦,感謝卡,原子筆
螢光筆,螢光筆,板夾,螢光筆,紙袋,香皂
花圈,紙膠帶,紙膠帶
鋼珠筆,雙面膠帶,名片盒,信套
包裝紙,飾品,洗衣網
紙膠帶,紙膠帶,紙膠帶
玻璃紙,原子筆,紙卡,名片卡
隨身鏡,修正帶,線圈本,修正帶,感謝卡,修正帶,原子筆
紙膠帶,筆記,香蕉夾
筆管,筆芯,筆芯
紙袋,提袋,紙膠帶
鋼珠筆,貼紙,檯燈,玻璃紙,鋼珠筆,紙膠帶,標語,雙面膠帶,隔熱墊
果汁筆,果汁筆,果汁筆
果汁筆,文件袋,修正帶,便條
吊飾,泡棉,雙面膠帶
修正帶,眉筆,筆芯
禮花,蠟燭,貼紙,禮物袋
洗衣網,手帳,卡片
紙膠帶,沐浴球,側背包,禮物袋,眼鏡盒
生日卡,蠟筆,紙膠帶,線圈本
蠟筆,膠水,鉛筆,直尺
訂書針,手機支架,襪套
彩帶,泡棉,生日卡
貼紙,貼紙,貼紙
隔熱墊,提袋,毛線,螢光筆
線圈本,生日卡,皺紋紙,貼紙,生日卡,感謝卡,皺紋紙,皺紋紙
撲克牌,撲克牌,筆芯
掛袋,瓦楞板,電蚊拍
直尺,削筆器,筆芯
鋼珠筆,直尺,鋼珠筆
馬克杯,禮物袋,紙袋
刷毛,資料簿,線圈本
紙膠帶,小木夾,麻繩
筆袋,筆芯,筆芯
插頭,信套,貼紙,貼卡,貼卡,奇異筆,貼紙,貼紙,奇異筆,貼紙,名片卡,束口袋
修正帶,筆記本,明信片
筆芯,鋼珠筆,奇異筆
眼鏡架,眼彩筆,果汁筆
果汁筆,筆袋,筆蓋
儲物罐,空瓶,禮物袋
筆芯,白板筆,耳扒,白板筆
吊飾,便條紙,削筆機
鋼珠筆,鋼珠筆,線圈本,筆袋,鋼珠筆,鋼珠筆,鋼珠筆,鋼珠筆,茶,鋼珠筆,拉鏈袋,鋼珠筆,筆記本,名片簿,鋼珠筆,筆袋
螢光筆,筆袋,螢光筆,自動鉛筆,沐浴球
螢光筆,賀卡,螢光筆,賀卡,自動鉛筆
筆記,修正帶,果汁筆
鋼珠筆,橡皮擦,鋼珠筆,筆芯,筆袋,電蚊拍,橡皮擦,美工刀
檯燈,乳膠,雙面膠帶
氣球,蠟燭,香皂
筆芯,筆芯,生日卡
耳機,菜瓜布,手機支架,卡片
筆記本,名片盒,筆記,果汁筆
童襪,浴帽,浴帽,浴帽
計算紙,手環,鋼珠筆,面紙,剪刀
鋼珠筆,筆芯,零錢包
筆芯,溜溜筆,筆芯,直尺
圓珠筆,鋼筆,螢光筆
禮物盒,提袋,膠水
圓珠筆,積木,積木,圓珠筆,圓珠筆,圓珠筆,圓珠筆,積木
杯架,瓦楞紙,稿紙,資料袋,襪套,公文袋,背心袋,彩色筆,咖啡,便利貼
瓦楞板,襪套,傳輸線,背心袋
背心袋,書衣,紀念冊
修正帶,筆袋,直尺,果汁筆
筆袋,眼彩筆,修正帶
棒棒糖,傳輸線,充傳線,板夾,筆記,標籤,棒棒糖
鋼珠筆,修正帶,桌墊
膠水,筆袋,螢光筆,筆記,螢光筆,紙膠帶,短襪,便利貼
背心袋,襪套,彩色筆
髮帶,背心袋,氣球,迴力車
削筆器,彩色筆,烤盤,鋼珠筆,皮繩,識別證,原子筆,便條貼,原子筆,證件套
筆蓋,洞洞尺,筆蓋
板夾,小木夾,束口袋,鋼珠筆,紙膠帶
鉛筆,資料簿,板夾,筆芯,原子筆,彩虹筆
耳機,雙面膠帶,果汁筆,貼紙,筆記,包裝紙
夾子,牛皮紙,桌墊,桌墊,印章,玻璃紙,保利龍,桌墊,麻繩,桌墊
禮卡,螢光筆,名片盒
蠟筆,蠟筆,蠟筆,蠟筆
螢光筆,吊飾,圓珠筆,果汁筆,名片盒,蝴蝶結,標籤,螢光筆,手帳,真順筆,麻糬
自動鉛筆,鋼珠筆,鋼珠筆
感謝卡,感謝卡,名片盒
零錢包,背心袋,筆記本
蝴蝶結,資料簿,便利貼,筆袋,名片盒,色卡,面紙,蝴蝶結
果汁筆,充電線,背心袋
插頭,瓦楞板,紙卡
包裝紙,膠帶,色紙,蝴蝶結
線圈本,禮物袋,貼紙,貼紙,便條
自動鉛筆,筆芯,橡皮擦,筆芯,鋼珠筆,筆芯
蠟筆,筆芯,彩色筆,筆芯,修正帶
洗衣網,立體卡,釘書機
魔擦筆,果汁筆,筆袋
咖啡,調理鍋,調理鍋
自動鉛筆,筆記本,自動鉛筆,隔熱墊
削筆機,削筆機,票卡夾,票卡夾
鋼珠筆,娃娃,筆袋
螢光筆,浴帽,螢光筆
雙面膠帶,貼紙,訂書針
洗衣網,鉛筆,信封,自動鉛筆
魔擦筆,膠水,筆芯
紙膠帶,蝴蝶結,束口袋,拼圖
螢光筆,鋼珠筆,沐浴球,鋁線,果汁筆,螢光筆
筆盒,螢光筆,螢光筆,螢光筆
眉筆,束口袋,鋼珠筆
自動鉛筆,眉筆,自動鉛筆,墨水匣
眉筆,傳輸線,眉筆,線圈本
筆芯,筆芯,筆芯,筆芯
鋼珠筆,鋼珠筆,刀片
筆芯,背心袋,彩色鉛筆
禮物卡,浴帽,玻璃紙
小木夾,果汁筆,沐浴球
貼紙,筆袋,修正帶
修正帶,貼紙,修正帶
橡皮擦,收納袋,橡皮擦
紙膠帶,紙膠帶,紙膠帶,紙膠帶,紙膠帶,紙膠帶,美工刀,冰棒,圓筒,紙膠帶,不織布
特厚紙,口紅膠,剪刀,貼紙
簽字筆,蠟筆,橡皮筋,拉鍊袋
鋼珠筆,修正帶,修正帶
調理鍋,空瓶,色卡
儲物罐,墊板,螢光筆
背心袋,書衣,置物袋,筆袋,魔擦筆
鋼珠筆,鋼珠筆,鋼珠筆
彩色筆,釘書機,書衣,彩色筆,書衣,吊飾,彩色筆,彩色筆,書衣,彩色筆
鋼珠筆,紙袋,蠟筆,提袋
圓珠筆,鋼珠筆,圓珠筆
彩色筆,延長線,原子筆,標籤,文件夾
蠟筆,修正帶,鋼珠筆,信套,洞洞尺
化妝包,水彩,餐具組
筆記本,貼紙,線圈本,筆記本,棒棒糖
白板筆,拉鏈袋,背心袋
迴紋針,鋼珠筆,鋼珠筆
膠水,直尺,膠帶
孔夾,名片,資料本
原子筆,掛袋,筆蓋
螢光筆,魔擦筆,資料簿
鋼珠筆,沐浴球,訂書針,筆芯
筆芯,螢光筆,螢光筆
魔擦筆,魔擦筆,螢光筆
軟墊,筆袋,背袋,筆芯
髮帶,真順筆,束口袋,圓珠筆
標籤,眉筆,原子筆
飾品,紙卡,禮物盒
沐浴球,眼鏡架,白板筆
筆芯,便條紙,筆芯
置物袋,標籤,信封
魔擦筆,襪套,襪套,圓珠筆,圓珠筆
童襪,雪平鍋,螢光筆
魔擦筆,修正液,釘書機
麥克筆,電池,奇異筆
螢光筆,墊板,螢光筆,筆蓋
便條,標籤,紙膠帶
原子筆,鋼珠筆,原子筆
鋼珠筆,袖套,橡皮擦
果汁筆,眼鏡架,果汁筆,果汁筆
眼鏡架,果汁筆,果汁筆
果汁筆,沐浴球,果汁筆
沐浴球,果汁筆,眼鏡架
果汁筆,果汁筆,果汁筆
一字夾,修正帶,鋼珠筆
隔熱墊,隔熱墊,水彩
資料袋,奇異筆,名片卡,計劃
鋼珠筆,筆芯,筆芯
卡紙,壁貼,擦手巾
內搭褲,鞋墊,鞋墊
筆芯,名片盒,記憶卡,影印紙,遮陽帽,計劃,筆蓋,筆芯
調理鍋,圓規,直尺,修正帶
螢光筆,便條本,修正帶,線圈本
鋼珠筆,桌墊,鋼珠筆,線圈本
圓珠筆,果汁筆,電池,面紙,果汁筆,圓珠筆,圓珠筆,桌墊,桌墊
蠟筆,削筆器,孔夾,名片卡,果汁筆
筆芯,識別證,墊板
乳膠,感謝卡,祝福卡,感謝卡,感謝卡,氣球
洞洞尺,洞洞尺,筆蓋
襪套,筆芯,一字夾,襪套
直尺,螢光筆,筆記,鉛筆,沐浴球
筆芯,筆芯,果汁筆
花生,眉筆,感謝卡
貼紙,禮物卡,果汁筆
鋼珠筆,鋼珠筆,沐浴球
筆蓋,筆袋,修正帶
筆芯,儲物罐,麻糬,自動鉛筆
釘書機,修正帶,膠帶,一字夾,修正帶,計算機
感謝卡,信套,感謝卡
鋼珠筆,鋼珠筆,修正帶
貼紙,修正液,線圈本
修正液,面具,水彩,筆袋,背心袋,彩虹筆
削筆器,印台,蠟筆
筆芯,卡片,祝福卡,筆芯,馬克杯,吸盤,自動鉛筆,筆芯
筆管,筆芯,筆芯
線圈本,貼紙,插頭
掛勾,影印紙,鋼珠筆,螢光筆
背心袋,鉛筆,剪貼簿,鉛筆
瓦楞板,圓筒,隔熱墊
立鏡,襪套,吊飾,襪套
電池,襪套,立鏡,充電線
魔擦筆,文件套,襪套
筆芯,眉筆,墨水匣
禮物袋,包裝紙,飾品
原子筆,修正帶,筆袋
插頭,泡棉,便利貼,氣球,面具,桌墊,手機殼,背心袋,禮物袋,結婚卡,感謝卡
束口袋,餐具組,蝴蝶結
筆芯,保護膜,筆袋
書衣,奇異筆,書籤
相片,圓珠筆,沐浴球,口紅膠
螢光筆,保利龍,票卡夾
沐浴球,筆芯,背心袋,特厚紙,手帳,筆芯
襪套,襪套,襪套,美工刀
修正帶,螢光筆,遮陽帽,桌墊
美工刀,圓珠筆,圓珠筆
原子筆,白板筆,貼紙
白板筆,貼紙,紙膠帶
貼紙,貼紙,剪貼簿,信套
彩色筆,彩色筆,直尺,隔熱墊
原子筆,自動鉛筆,筆記本,儲物罐
名片卡,原子筆,蝴蝶結,膠水,橡皮擦,自動鉛筆
貼紙,直尺,標籤
證件套,筆芯,蓮蓬頭,瓦楞板,筆盒,手機套,手機套
筆管,筆芯,筆芯
筆記,自動鉛筆,白板筆,修正帶,果汁筆
文件袋,不織布,髮帶
筆芯,文件夾,筆芯,果汁筆,鉛筆
筆管,筆芯,筆芯,浴帽,浴帽
牛皮紙,咖啡,膠帶,特厚紙
原子筆,隔熱墊,直尺,筆記,貼紙
紙膠帶,紙膠帶,飾品,著色本
貼紙,信套,魔擦筆
自動鉛筆,膠帶,線圈本,自動鉛筆
隔熱墊,鋼珠筆,鋼筆,鋼筆
魔擦筆,魔擦筆,信紙
修正帶,鉛筆,蝴蝶結,自動鉛筆,側背包
襪套,書籤,書籤,筆記本
線圈本,貼紙,彩色筆,貼紙
特厚紙,紙膠帶,貼紙
氣球,名片盒,感謝卡,感謝卡,感謝卡,感謝卡
耳塞,雙面膠帶,化妝包
鶴紙,抱枕,修正液
背心袋,滑鼠,便利貼
遮陽帽,筆芯,筆芯
滑鼠,感謝卡,滑鼠
自動鉛筆,筆管,筆芯,拉鏈袋,貼紙
紙袋,手提袋,背心袋,便條,針筆,瓦楞板,標籤
九分褲,公文袋,眼鏡架,九分褲
果汁筆,果汁筆,果汁筆
鋼珠筆,原子筆,網袋,筆記,曬衣架
保利龍,彩色筆,陀螺
電池,禮卡,標籤,修正帶,名片卡,防水袋,筆記
浴帽,娃娃,圓珠筆
眼鏡盒,魔擦筆,筆記
傳輸線,奇異筆,拼圖,奇異筆,原子筆
鋼絲,浴帽,公文袋
紙膠帶,插頭,彩色筆
書衣,棉線,鈴鐺
明信片,明信片,明信片
奇異筆,瓦楞板,奇異筆,奇異筆,奇異筆,奇異筆
筆記,筆記,剪貼簿,調理鍋
筆芯,便條紙,雙面膠帶
卡片,標籤,背心袋,感謝卡,禮卡
杯架,香蕉夾,白板筆,黏土,黏土
剪貼簿,剪貼簿,線圈本
鬧鐘,拉鍊袋,彩色鉛筆,原子筆,筆芯
螢光筆,證件套,螢光筆,文件夾
鉛筆芯,票卡夾,氣球,修正帶
蠟筆,麥克筆,修正帶
筆記,貼紙,紙膠帶
信封,票卡夾,禮卡
沐浴球,沐浴球,沐浴球,卡片
滑鼠,充電線,背心袋,名卡
背袋,橡皮擦,筆芯
眉筆,票卡夾,筆芯
背心袋,名片簿,傳輸線
娃娃,檯燈,筆芯
感謝卡,瓦楞板,感謝卡,感謝卡
卡片,圓筒,鋼珠筆
顏料,沐浴球,棉花,名片盒,沐浴球
圓珠筆,圓珠筆,圓珠筆
卡片,鋼珠筆,包裝紙,紙膠帶,鋼珠筆,禮花
禮卡,感謝卡,貼紙,禮卡,禮卡,名片簿,禮卡
信套,感謝卡,禮卡,禮卡,貼紙,毛筆
沐浴球,筆芯,筆芯
原子筆,圓珠筆,襪套
修正帶,稿紙,文件袋
背心袋,網路線,掛勾
名片盒,自動鉛筆,傳輸線
橡皮擦,眼鏡架,娃娃
圓珠筆,貼紙,圓珠筆,圓珠筆,圓珠筆
泡麵,螢光筆,原子筆,口紅膠
修正帶,原子筆,美工刀,修正帶
魔擦筆,筆記,筆記,果汁筆,調理鍋,筆記本
削筆器,紙膠帶,卡片
筆芯,眼彩筆,計劃,筆芯
桌墊,螢光筆,色紙
調理鍋,螢光筆,原子筆,原子筆,標籤,圓規,螢光筆,螢光筆
筆袋,螢光筆,筆芯,溜溜筆,鋁尺
感謝卡,襪套,生日卡,印章
信套,紙膠帶,信套,奇異筆
螢光筆,筆芯,墨水匣
螢光筆,螢光筆,資料夾
蝴蝶結,禮花,感謝卡,感謝卡
真順筆,票卡夾,紙膠帶,手提袋,感謝卡,沐浴球,感謝卡,貼紙,紙膠帶
小木夾,美工刀,感謝卡
吊飾,螢光筆,橡皮擦,自動鉛筆,修正帶,手提袋,背心袋
紙卡,貼紙,特厚紙,信封,紙卡
貼紙,蠟筆,筆芯,筆芯
印章,修正帶,白板筆
背心袋,蠟燭,牛皮紙,標籤,貼紙,蠟燭
筆記本,泡棉,自動鉛筆
果汁筆,沐浴球,果汁筆
禮卡,禮卡,牛皮紙
眼鏡架,蠟筆,名片盒
插頭,卡紙,泡棉,吊牌,禮物卡,壁貼,名片盒
瓦楞板,冰棒,保利龍,棉布
滑鼠,紙膠帶,鋼珠筆
螢光筆,一字夾,茶
膠水,特厚紙,耳塞
修正帶,桌墊,膠水
紙膠帶,色卡,桌墊,紙膠帶,削筆器,筆記,桌墊,桌墊,提袋,紙膠帶
貼紙,感謝卡,拉鍊袋
果汁筆,風扇,包裝袋,自動鉛筆
禮花,包裝紙,隔熱墊,票卡夾
電源線,果汁筆,果汁筆,公文袋
自動鉛筆,手錶,零錢包,信套
線圈本,孔夾,調理鍋,魔擦筆,彩虹筆,收納袋,孔夾
原子筆,螢光筆,名片盒,貼紙,牛奶糖
筆芯,沐浴球,筆記本,便條貼
鋼珠筆,畫本,鋼珠筆
陀螺,果汁筆,果汁筆
信封袋,信封袋,信封袋,信封袋,信封袋
奇異筆,瓦楞板,卡紙
螢光筆,眉筆,自動鉛筆
鋼珠筆,筆管,鋼珠筆
帆布,識別證,筆芯
延長線,背心袋,滑鼠
濕巾,面紙,螢光筆,襪套,襪套,計算機,鋼珠筆
背心袋,禮物袋,公文袋
電池,孔夾,修正帶
雙面膠帶,筆芯,鬧鐘
彩色鉛筆,紙膠帶,特厚紙
背心袋,零錢包,零錢包,口紅膠,筆記,插座
信套,筆記,標籤,標籤,便條紙
筆芯,筆記,修正帶
內搭褲,美工刀,螢光筆,背心袋,奇異筆
積木,吊飾,信套
修正帶,螢光筆,修正帶
資料夾,眼鏡架,便條貼,果汁筆
蝴蝶結,鋁尺,特厚紙
便利貼,白板筆,髮帶,遮陽帽
禮物袋,桌墊,吊袋,筆袋,便利貼,桌墊,掃把,螢光筆
刷毛,信套,麥克筆
果汁筆,螢光筆,螢光筆
泡麵,電池,信套
禮物袋,織帶,小木夾,迴紋針,保利龍
原子筆,膠帶,筆芯
鋼珠筆,筆芯,自動鉛筆,螢光筆,筆袋
削筆機,果汁筆,修正帶,名片盒
雪平鍋,襪套,襪套
鋼珠筆,跳繩,泡麵,白板筆
鋁尺,線圈本,筆袋
名片盒,筆芯,魔擦筆,筆記,奇異筆,螢光筆,筆蓋,名片盒,原子筆,魔擦筆,螢光筆,面紙,剪刀,鉛筆
筆芯,筆芯,螢光筆,自動鉛筆
筆袋,置物袋,延長線
螢光筆,剪刀,螢光筆
瓦楞板,奇異筆,線圈本,內搭褲,圓珠筆,奇異筆,奇異筆
撲克牌,原子筆,眉筆
奶瓶,膠帶,卡紙
貼紙,貼紙,紙膠帶
曬衣架,生日卡,名片盒,沐浴球
圓珠筆,剪刀,圓珠筆
蠟燭,九分褲,鋁尺
浴帽,浴帽,浴帽
襪套,票卡夾,襪套
玻璃紙,卡片,沐浴球,隔熱墊
筆芯,筆芯,筆芯,筆記本,筆記
保利龍,鐵絲,軟管,瓦楞板
筆袋,筆記,筆芯
貼紙,積木,印章
筆袋,手提袋,眼鏡盒
溜溜筆,自動鉛筆,雙面膠帶,螢光筆
泡棉,貼紙,飾品
色紙,衣夾,鑰匙圈
名片盒,便利貼,剪刀,背心袋
筆芯,名片卡,橡皮擦
墨水匣,墨水匣,圓珠筆,儲物罐,貼紙
鋼珠筆,鋼珠筆,計劃,鋼珠筆,鋼珠筆,筆袋
紙膠帶,線圈本,線圈本,計劃,膠台,餅乾
存錢筒,背心袋,餅乾,鐵絲
餅乾,紙膠帶,貼紙,糖果,感謝卡,感謝卡,曬衣架,膠台,泡棉
相本,手機套,白板筆
鑰匙扣,彩色筆,餅乾,鬆緊帶
眉筆,眉筆,眉筆
鋼珠筆,修正帶,鋼珠筆,充電線,內搭褲,名片簿
沐浴球,修正帶,魔擦筆
筆記,調理鍋,孔夾
魔擦筆,筆芯,魔擦筆
魔擦筆,內搭褲,內搭褲,魔擦筆,沐浴球
橡皮擦,原子筆,筆芯
遮陽帽,筆蓋,化妝包
飾品,名片卡,耳塞
背心袋,奇異筆,禮物盒
防水袋,鉛筆芯,修正帶
削筆機,美工刀,口罩,削筆機
餅乾,耳機,便利貼,手電筒,相本,筆記,日誌
刷毛,原子筆,置物袋
螢光筆,便利貼,白板筆
瓦楞板,筆芯,果汁筆
影印紙,相框,墨水匣,膠帶,溜溜筆,電話簿,玻璃紙,自動鉛筆,白板筆,溜溜筆,印泥,特厚紙,墨水匣,雙面膠帶,溜溜筆,餅乾,鉛筆,筆芯,自動鉛筆,墨水匣,便條紙,鉛筆,背心袋,印章
奇異筆,束口袋,束口袋
筆芯,筆管,橡皮擦
桌墊,筆芯,沐浴球
計算紙,筆芯,便條,筆芯
板夾,板夾,板夾
沐浴球,原子筆,票卡夾,拉鏈袋,化妝水
票卡夾,便條紙,彩色筆,迴紋針,螢光筆,雜誌,禮卡,文件夾
禮卡,滑鼠,卡片,禮卡
原子筆,鋼珠筆,圓珠筆,真順筆
印泥,黏土,冰棒,滑鼠,立鏡
餅乾,手冊,鋼珠筆,果汁筆
圓珠筆,圓珠筆,自動鉛筆
書衣,蓮蓬頭,計劃
溜溜筆,迴紋針,溜溜筆,自動鉛筆
紙膠帶,貼紙,信套
充傳線,原子筆,觸控筆
筆芯,便條貼,白板筆
螢幕,白膠,內搭褲
貼紙,感謝卡,奇異筆
削筆機,筆袋,自動鉛筆,餅乾,自動鉛筆,自動鉛筆
便條紙,隔熱墊,遮陽帽
溜溜筆,印泥,計劃,溜溜筆
禮物袋,修正帶,調理鍋
調理鍋,色紙,束口袋,調理鍋
筆芯,拉鍊袋,修正帶,真順筆
鞋墊,圓筒,鞋墊,鞋墊
螢光筆,修正液,名片盒
真順筆,原子筆,原子筆
紙膠帶,包裝紙,信套,貼紙
原子筆,名片盒,原子筆,棒棒糖,圓珠筆
墨水匣,便條紙,白板筆
衣夾,背心袋,雙面膠帶,鉛筆,筆記本
明信片,明信片,白板筆
相片,筆芯,不織布,不織布,不織布,不織布
鋼珠筆,鋼筆,溜溜筆
列印紙,卡片,棒棒糖,禮卡,名片盒,感謝卡,禮卡,禮卡
鋼珠筆,眉筆,眉筆
麥克筆,麥克筆,瓦楞板
孔夾,調理鍋,孔夾
修正帶,鋼珠筆,果汁筆,修正帶
小木夾,貼紙,橡皮擦,背心袋
捲線器,棉布,燈管
書籤,信套,紙膠帶,紙膠帶
不織布,不織布,不織布
馬桶刷,鋼珠筆,玻璃瓶,沐浴球
筆芯,針筆,美工刀
餅乾,筆芯,筆芯,置物袋,鬆緊帶
馬克杯,相框,簽名卡,禮卡,沐浴球
一字夾,標籤,膠帶
筆筒,螢光筆,板夾,標籤,訂書針,螢光筆,美工刀,膠帶,標籤,修正帶,置物袋,釘書機,文件袋,麥克筆
奇異筆,電池,鋼珠筆
鋼珠筆,背心袋,筆芯,口紅膠,浴帽,餅乾,祝福卡
魔擦筆,滑鼠墊,襪套
咖啡,鋼珠筆,扣夾
魔擦筆,線圈本,沐浴球
眼彩筆,祝福卡,祝福卡,餐盒,一字夾,卡片,禮卡,感謝卡
滑鼠墊,膠水,修正帶
浴帽,充電線,內搭褲,浴帽
螢光筆,真順筆,螢光筆,牛皮紙
紙膠帶,貼紙,手提袋,貼紙,鋼珠筆,禮卡,貼紙,信套,貼紙,相框
螢光筆,生日卡,果汁筆,生日卡,便條紙
傳輸線,生日卡,標籤
積木,雜誌,紙袋
禮卡,貼紙,攝影機,貼紙,禮卡,禮卡,貼紙,感謝卡
手冊,烤盤,原子筆
筆芯,名片盒,筆芯,隔熱墊,筆芯,筆芯
名片盒,瓦楞板,卡紙,貼紙
圓珠筆,修正帶,蝴蝶結,板夾,調理鍋,蝴蝶結,調理鍋
禮卡,感謝卡,鋼珠筆,鑽沙夾
公文袋,背心袋,衣夾
公文袋,鋼珠筆,鋼珠筆
眉筆,計劃,色卡
果汁筆,生日卡,筆記
不織布,沐浴球,宣紙
圓珠筆,遮陽帽,自動鉛筆
螢光筆,螢光筆,筆芯,鋼珠筆
原子筆,檯燈,原子筆,桌墊,桌墊
背袋,襪套,空瓶
蠟燭,包裝紙,圓珠筆,名片卡,手機支架,短襪,感謝卡,蠟燭,軟管,泡棉,信套,立體卡
標籤,餅乾,鋼珠筆
奇異筆,修正帶,筆蓋
防水袋,紙膠帶,圓珠筆,原子筆,短襪,耳扒
膠帶,魔擦筆,餅乾,鋼珠筆,魔擦筆
筆記本,沐浴球,餅乾,襪套,棒棒糖
魔擦筆,眼鏡架,魔擦筆,魔擦筆,魔擦筆
調理鍋,內搭褲,螢光筆
畫冊,標籤,檯燈
原子筆,便條貼,美工刀
存錢筒,電池,桌墊
美工刀,修正帶,溜溜筆,溜溜筆
眼彩筆,信封,車充
便條紙,筆記,識別證,面紙
果汁筆,便條紙,果汁筆
襪套,筆蓋,橡皮擦,洞洞尺,鋼珠筆,筆芯,溜溜筆
防水袋,削筆器,鋼珠筆,溜溜筆
包裝紙,包裝紙,包裝紙,包裝紙
筆記,螢光筆,孔夾
螢光筆,眼彩筆,螢光筆,螢光筆
溜溜筆,桌曆,皮夾,溜溜筆,計算機,餅乾,卡紙
螢光筆,線圈本,鋼珠筆,鋼珠筆
感謝卡,感謝卡,禮卡,口紅膠,禮卡,祝福卡,感謝卡,感謝卡
列印紙,感謝卡,原子筆,口紅膠
相本,防水袋,書卡,背心袋
眉筆,螢光筆,原子筆,票卡夾
貼紙,眉筆,眼彩筆,修正帶,洞洞尺,白板筆,特厚紙
蠟燭,滑鼠,襪套,電池
餅乾,溜溜筆,溜溜筆
束口袋,奇異筆,奇異筆
桌墊,沐浴球,筆芯,桌墊
感謝卡,感謝卡,感謝卡
鋼絲,電池,筆芯,鋼絲
膠帶,紙膠帶,相框
麥克筆,鬆緊帶,禮卡
眼彩筆,背心袋,眼彩筆,眼彩筆,板夾
背心袋,包裝袋,感謝卡
魔擦筆,彩色筆,特厚紙
橡皮擦,蠟筆,筆芯,鋼珠筆,果汁筆,筆袋
鋼珠筆,蠟筆,洗衣網
生日卡,信套,貼紙,信套
不織布,燈管,遮陽帽,不織布,原子筆,泡棉,名片盒,螢光筆
果汁筆,口紅膠,果汁筆,果汁筆,果汁筆,果汁筆
彩色筆,鋼珠筆,鋼珠筆,鋼珠筆,鋼珠筆,鋼珠筆
眉筆,橡皮擦,束口袋,削筆器
修正帶,筆芯,自動鉛筆
襪套,襪套,襪套
溜溜筆,圓珠筆,螢光筆,圓珠筆,束口袋
桌墊,鋼珠筆,鋼珠筆
皺紋紙,彩帶,彩帶
螢光筆,卡紙,沐浴球,檯燈,標籤
洗衣網,鋁尺,洗衣網,瓦楞板,背心袋
標籤,不織布,包裝紙
中國結,貼紙,紙膠帶,貼紙
杯架,筆記,杯架
打氣筒,茶,童襪,原子筆,泡棉,鋼珠筆,童襪,充電線,泡棉,筆記
鋁尺,削筆器,洞洞尺
圓珠筆,手機支架,手機支架
貼紙,貼紙,筆記
筆芯,果汁筆,濕巾,果汁筆,筆芯
筆芯,口紅膠,筆芯
果汁筆,果汁筆,沐浴球,筆記本
螢光筆,滑鼠,奇異筆,修正帶,桌燈,螢光筆,資料本,充傳線
充電線,名片盒,名片,鋼珠筆
鋼珠筆,鋼珠筆,鋼珠筆,鋼珠筆,鋼珠筆,便條紙,鋼珠筆,鋼珠筆,鋼珠筆,筆袋
蠟燭,麥克筆,紙袋
白板筆,螢光筆,名片盒
螢光筆,筆芯,奇異筆
生日卡,生日卡,祝福卡
包裝紙,眼彩筆,桌墊
感謝卡,曬衣架,感謝卡
果汁筆,筆芯,便條,筆記,果汁筆,螢光筆
名片簿,鋼珠筆,計時器
滑鼠,手提袋,棒棒糖
眼線液,洗衣網,背心袋,禮卡
蠟筆,美工刀,行事曆
針筆,奇異筆,餅乾,果汁筆,水彩,資料本,文件夾,筆蓋,眼彩筆
螢光筆,原子筆,墨水匣,便條紙
膠帶,貼紙,奇異筆,紙膠帶
鋼珠筆,修正帶,白板筆
餅乾,插座,傳輸線
洗衣網,貼卡,筆套
紙膠帶,明信片,明信片,貼紙,眼線液,餅乾
手冊,扁梳,筆芯
禮卡,禮卡,眼彩筆
貼紙,貼紙,真順筆
攝影機,文件夾,餅乾
筆記,美工刀,筆記
剪刀,鋼珠筆,唇蜜,眉筆,餅乾,便條紙,鋼珠筆,沐浴球,計算機
眼彩筆,自動鉛筆,筆記,電池,筆芯
白板筆,貼紙,禮物袋,布膠帶,禮卡,奇異筆
貼紙,鉛筆,筆盒
修正帶,鋼珠筆,餐具
膠帶,氣球,不織布,皺紋紙
沐浴球,橡皮擦,便條紙,布膠帶,削筆器,貼紙
線圈本,感謝卡,感謝卡,感謝卡
筆袋,檯燈,紙膠帶,圓珠筆,紙膠帶,修正帶
螢光筆,紙膠帶,紙膠帶
壁貼,筆芯,筆管,電蚊拍
瓦楞板,氣球,隔熱墊
鋼珠筆,禮卡,標籤
筆記本,便利貼,包裝紙
筆芯,衣夾,禮卡,印泥
電池,鑰匙扣,眼彩筆
立體卡,口紅膠,手提袋,餅乾,感謝卡,紙膠帶,相框,相框,感謝卡
筆芯,果汁筆,信箋,筆芯
滑鼠,電蚊拍,背心袋,貼紙
包裝紙,相框,筆盒
禮卡,長枕,曬衣架,生日卡,白板筆,禮物卡
感謝卡,感謝卡,感謝卡,沐浴球,感謝卡,沐浴球
筆芯,曬衣架,螢光筆
卡片,果汁筆,圓筒,瓦楞板
奇異筆,布膠帶,感謝卡,紙膠帶,名片盒,真順筆
信套,修正帶,拼圖,白板
眉筆,鞋墊,內搭褲
鋼珠筆,鋼珠筆,筆記,鋼珠筆
色卡,空瓶,積木,標籤,鎖圈,空瓶
證件套,耳機,桌墊,桌墊,桌墊,桌墊,便條紙,螢光筆,螢光筆
鋼珠筆,鋼珠筆,修正帶,眉筆
貼紙,信套,貼紙
螢光筆,鑰匙扣,螢光筆,感謝卡,禮卡,紙膠帶,禮卡,包裝紙,曬衣架,感謝卡
圓珠筆,調理鍋,板夾,橡皮擦
橡皮擦,手機支架,手機支架
筆芯,筆芯,筆管,筆芯
牛皮紙,奇異筆,卡片
膠水,自動鉛筆,瓦楞板
鋼珠筆,鋼珠筆,白板筆,橡皮擦,筆芯
原子筆,奇異筆,標籤,沐浴球
修正帶,果汁筆,襪套,果汁筆
刮刀,沐浴球,空瓶
便條紙,耳塞,泡棉,泡棉,短襪
感謝卡,背心袋,提袋,筆袋,感謝卡,提袋,飾品
桌墊,紙膠帶,紙膠帶
筆記,鋼珠筆,白板筆
相框,提籃,生日卡
眼彩筆,白膠,白膠,桌遊,貼紙
鋼珠筆,奇異筆,眉筆,折傘
收納袋,收納袋,背心袋,麥克風
貼紙,修正帶,信套
畫本,圓珠筆,圓珠筆,圓珠筆,圓珠筆
圓珠筆,彩虹筆,圓珠筆,彩色筆
禮物袋,書籤,書籤,感謝卡,包裝紙,感謝卡,感謝卡
印章,滑鼠,生日卡
襪套,襪套,襪套
信套,禮物袋,卡片,生日卡
信套,貼紙,貼紙
收納盒,資料袋,原子筆
名片盒,保利龍,公文袋
內搭褲,襪套,襪套
白膠,存錢筒,冰棒,顏料
面紙,螢光筆,修正帶,零錢包,筆記
果汁筆,奇異筆,果汁筆
信紙,沐浴球,筆芯,橡皮擦,眼鏡架
螢光筆,沐浴球,眉筆
筆芯,生日卡,信套
字卡,感謝卡,感謝卡
筆蓋,邀請卡,杯架
撲克牌,訂書針,充電線,橡皮擦
筆記,筆記,原子筆
車充,自動鉛筆,奇異筆
筆芯,筆管,筆芯
眼鏡架,麻繩,手冊
文件袋,背心袋,原子筆
鋼珠筆,修正帶,鋼珠筆
筆芯,奇異筆,筆管,筆芯
提袋,收納袋,棒棒糖,收納袋,生日卡
包裝紙,衣夾,生日卡
名片卡,修正帶,膠水
筆記,果汁筆,鋼珠筆
感謝卡,貼紙,名片盒
