【買一送一】芙夏妮水水亮澤洗髮乳550ml【寶雅】芙夏妮 亮澤 洗髮乳,買一送一,芙夏妮,水水,亮澤,洗髮乳,550ml,寶雅,芙夏妮,亮澤,洗髮乳
【買一送一】味覺噗啾條糖50g(六款任選)【寶雅】UHA,買一送一,味覺噗啾,條糖,50g,六款,任選,寶雅,UHA
澡享男性沐浴乳1000ml雪松白麝香【寶雅】男性,澡享,男性,沐浴乳,1000ml,雪松,白,麝香,寶雅,男性
香蕉船運動系列防曬乳液SPF50(90ml)【寶雅】,香蕉船,運動,系列,防曬,乳液,SPF50,90ml,寶雅
曼秀雷敦SKINAQUA水潤肌美白水感防曬露80g【寶雅】,曼秀雷敦,SKINAQUA,水潤,肌,美白,水感,防曬露,80g,寶雅
韓國 海苔酥40g(兩款任選)【寶雅】,韓國,海苔,酥,40g,兩款,任選,寶雅
繽紛純色彈力行李箱束帶【寶雅】行李箱 束帶,繽紛,純色,彈力,行李箱,束帶,寶雅,行李箱,束帶
秘境安全防盜包【寶雅】旅行 腰包,秘境,安全,防盜包,寶雅,旅行,腰包
媚比琳FIT ME遮遮稱奇遮瑕膏 6.8ml(4色任選)【寶雅】FIT ME 寶雅獨家 媚比琳 遮瑕膏,媚比琳,FITME,遮,遮,稱奇,遮瑕膏,6.8,ml,4,色,任選,寶雅,FITME,寶雅,獨家,媚比琳,遮瑕膏
【現貨】媚比琳FIT ME反孔特霧粉底液30ml(8色任選)【寶雅】FIT ME 寶雅獨家 媚比琳 粉底液,現貨,媚比琳,FITME,反孔,特霧,粉底液,30ml,8,色,任選,寶雅,FITME,寶雅,獨家,媚比琳,粉底液
霓淨思冰河醣蛋白深層保濕面膜(10入)【寶雅】霓淨思 N3 面膜,霓淨思,冰河,醣蛋白,深層,保濕,面膜,10,入,寶雅,霓淨思,N3,面膜
【買一送一】Dr.FreeVenus藝群 玻尿酸精華液50ml【寶雅】FG特優 藝群 玻尿酸 精華液,買一送一,Dr,FreeVenus,藝群,玻尿酸,精華液,50ml,寶雅,FG,特優,藝群,玻尿酸,精華液
【買一送一】韓國漢方衛生棉量多26cm16片【寶雅】莉蓮,買一送一,韓國,漢方,衛生棉,量,多,26cm16,片,寶雅,莉蓮
【買一送一】韓國漢方衛生棉日用23cm18片【寶雅】,買一送一,韓國,漢方,衛生棉,日用,23cm18,片,寶雅
霓淨思神經醯胺潤澤保濕面膜【寶雅】霓淨思 N3 面膜,霓淨思,神經,醯胺,潤澤,保濕,面膜,寶雅,霓淨思,N3,面膜
【買一送一】韓國漢方衛生棉夜用29cm14片【寶雅】莉蓮,買一送一,韓國,漢方,衛生棉,夜用,29cm14,片,寶雅,莉蓮
【oserio歐瑟若】FLG-351時尚多彩中文體脂計【寶雅】,oserio,歐瑟若,FLG,351,時尚,多彩,中文,體脂計,寶雅
霓淨思深海藍藻補水保濕面膜10片【寶雅】霓淨思 N3 面膜,霓淨思,深海,藍藻,補水,保濕,面膜,10,片,寶雅,霓淨思,N3,面膜
歐森好立善鎂發泡錠(200mg)【寶雅】,歐森,好,立善鎂,發泡錠,200mg,寶雅
【買一送一】DR.WU杏仁酸亮白化妝水150ml【寶雅】昆凌 DR.WU 杏仁酸 亮白,買一送一,DR.WU,杏仁酸,亮白,化妝水,150ml,寶雅,昆凌,DR.WU,杏仁酸,亮白
【買一送一】韓國 Lilian 爽身粉香衛生棉(29cm/14片)【寶雅】/ 草本 韓國 Lilian,買一送一,韓國,Lilian,爽身粉,香,衛生棉,29cm,14,片,寶雅,草本,韓國,Lilian
霓淨思紅石榴清透瑩白面膜10入【寶雅】霓淨思 N3 面膜,霓淨思,紅,石榴,清透,瑩白,面膜,10,入,寶雅,霓淨思,N3,面膜
霓淨思杏仁酸淨膚亮白面膜10片【寶雅】霓淨思 N3 面膜,霓淨思,杏仁酸,淨膚,亮白,面膜,10,片,寶雅,霓淨思,N3,面膜
霓淨思N7自拍免修修亮白面膜4入【寶雅】面膜 霓淨思 N7,霓淨思,N7,自拍,免,修修,亮白,面膜,4,入,寶雅,面膜,霓淨思,N7
【買一送一】愛康抗菌衛生棉24cm日用型(8片/包)【寶雅】愛康 抗菌 衛生棉 日用,買一送一,愛康,抗菌,衛生棉,24cm,日用,型,8,片,包,寶雅,愛康,抗菌,衛生棉,日用
霓淨思N7跑趴超貼妝保濕面膜4入【寶雅】霓淨思 N7 面膜,霓淨思,N7,跑,趴超,貼,妝,保濕,面膜,4,入,寶雅,霓淨思,N7,面膜
凱婷零瑕肌密粉底液30ml(六色任選)【寶雅】凱婷 KATE 零瑕肌密 粉底液,凱婷,零,瑕,肌密,粉底液,30ml,六色,任選,寶雅,凱婷,KATE,零,瑕,肌密,粉底液
【買1送1】Dr.FreeVenus藝群Q10胺基酸洗面乳150ml【寶雅】胺基酸 洗面乳 Q10 藝群,買,1,送,1,Dr,FreeVenus,藝群,Q10,胺基酸,洗面乳,150ml,寶雅,胺基酸,洗面乳,Q10,藝群
凱婷零瑕肌密CC飾底霜【寶雅】凱婷 KATE 零瑕肌密 飾底霜,凱婷,零,瑕,肌密,CC飾底霜,寶雅,凱婷,KATE,零,瑕,肌密,飾底,霜
heme Baby Q 透明粉撲【寶雅】,hemeBabyQ,透明,粉撲,寶雅
Shelim高效保濕精華面膜-膠原蛋白25ml【寶雅】,Shelim,高效,保濕,精華,面膜,膠原,蛋白,25ml,寶雅
Shelim高效保濕精華面膜-綠茶25ml【寶雅】,Shelim,高效,保濕,精華,面膜,綠茶,25ml,寶雅
Shelim高效保濕精華面膜-黃瓜25ml【寶雅】,Shelim,高效,保濕,精華,面膜,黃瓜,25ml,寶雅
Shelim高效保濕精華面膜#珍珠25ml【寶雅】,Shelim,高效,保濕,精華,面膜,珍珠,25ml,寶雅
Bifesta碧菲絲特卸妝棉46張-兩款任選【寶雅】,Bifesta,碧菲絲特,卸妝棉,46,張,兩款,任選,寶雅
Shelim高效保濕精華面膜#蘆薈25ml【寶雅】,Shelim,高效,保濕,精華,面膜,蘆薈,25ml,寶雅
霓淨思N7低頭追劇緊實面膜4入【寶雅】面膜 霓淨思 N7,霓淨思,N7,低頭,追劇,緊實,面膜,4,入,寶雅,面膜,霓淨思,N7
【買一送一】愛康抗菌衛生棉28cm夜用型(7片/包)【寶雅】愛康 抗菌 衛生棉 夜用,買一送一,愛康,抗菌,衛生棉,28cm,夜用,型,7,片,包,寶雅,愛康,抗菌,衛生棉,夜用
霓淨思蜂萃緊緻抗皺面膜(10入)【寶雅】霓淨思 N3 面膜,霓淨思,蜂萃,緊緻,抗皺,面膜,10,入,寶雅,霓淨思,N3,面膜
【買一送一】韓國 Lilian 爽身粉香護墊(18cm/20片)【寶雅】/ 草本 韓國 Lilian,買一送一,韓國,Lilian,爽身粉,香,護墊,18cm,20,片,寶雅,草本,韓國,Lilian
歐森好立善綜合維他命發泡錠【寶雅】,歐森,好,立善,綜合,維他命,發泡錠,寶雅
柔綺衣物瞬涼噴霧100ml(Frozen)【寶雅】柔綺 衣物瞬涼 噴霧 涼感 夏天,柔,綺,衣物,瞬涼,噴霧,100ml,Frozen,寶雅,柔,綺,衣物,瞬涼,噴霧,涼感,夏天
【買一送一】韓國 Lilian 爽身粉香衛生棉(26cm/16片)【寶雅】/ 草本 韓國 Lilian,買一送一,韓國,Lilian,爽身粉,香,衛生棉,26cm,16,片,寶雅,草本,韓國,Lilian
澡享沐浴乳1000ml 白茶【寶雅】,澡享,沐浴乳,1000ml,白茶,寶雅
【買一送一】芙夏妮水水亮澤洗髮乳550ml【寶雅】芙夏妮 亮澤 洗髮乳,買一送一,芙夏妮,水水,亮澤,洗髮乳,550ml,寶雅,芙夏妮,亮澤,洗髮乳
【買一送一】韓國 Lilian 爽身粉香衛生棉(23cm/18片)【寶雅】/ 草本 韓國 Lilian,買一送一,韓國,Lilian,爽身粉,香,衛生棉,23cm,18,片,寶雅,草本,韓國,Lilian
【買一送一】愛康抗菌衛生棉15.5cm護墊(20片/包)【寶雅】愛康 抗菌 護墊,買一送一,愛康,抗菌,衛生棉,15.5,cm,護墊,20,片,包,寶雅,愛康,抗菌,護墊
慢拾光/手沖式不鏽鋼咖啡濾杯【寶雅】咖啡 手沖,慢拾,光,手沖,式,不鏽鋼,咖啡,濾杯,寶雅,咖啡,手沖
【買一送一】味覺噗啾雪色蘇打糖條 48g【寶雅】,買一送一,味覺噗啾,雪色,蘇打,糖條,48g,寶雅
麒麟生茶525ml【寶雅】,麒麟,生茶,525ml,寶雅
統一生機微氣泡綜合果醋(黑醋栗)200ml【寶雅】,統一,生機,微,氣泡,綜合,果醋,黑醋栗,200ml,寶雅
Beanies即溶咖啡(愛爾蘭奶酒風味)50g【寶雅】,Beanies,即溶,咖啡,愛爾蘭,奶酒,風味,50g,寶雅
盛香珍蒟蒻小椰果(綜合)420g【寶雅】,盛香珍,蒟蒻,小,椰果,綜合,420g,寶雅
蜂王無患子香皂80gX4入【寶雅】,蜂王,無患子,香皂,80gX4,入,寶雅
樂品4合1旅行化妝組【寶雅】,樂品,4,合,1,旅行,化妝組,寶雅
ALTO艾多曬全效防曬噴霧SPF50+ 75ml【寶雅】,ALTO,艾多,曬,全效,防曬,噴霧,SPF50,75ml,寶雅
纖Q好手藝紅豆水30入【寶雅】,纖,Q,好,手藝,紅豆水,30,入,寶雅
纖體腳踏拉力器【寶雅】纖體 腳踏 拉力,纖體,腳,踏,拉力,器,寶雅,纖體,腳,踏,拉力
SHILLS很耐曬防曬冰鎮噴霧SPF50+【寶雅】SHILLS 防曬 噴霧,SHILLS,很耐曬,防曬,冰鎮,噴霧,SPF50,寶雅,SHILLS,防曬,噴霧
慢拾光/手沖式不鏽鋼咖啡濾杯【寶雅】咖啡 手沖,慢拾,光,手沖,式,不鏽鋼,咖啡,濾杯,寶雅,咖啡,手沖
比利時DOMO ELEKTRO電動摩卡壺【寶雅】咖啡,比利時,DOMOELEKTRO,電動,摩卡壺,寶雅,咖啡
【買一送一】DR.WU杏仁酸亮白煥膚精華18% 30ML【寶雅】,買一送一,DR.WU,杏仁酸,亮白,煥膚,精華,18,30ML,寶雅
【買一送一】達特醫杏仁酸去痘調理化妝水120ml【寶雅】杏仁酸 達特醫,買一送一,達特醫,杏仁酸,去,痘,調理,化妝水,120ml,寶雅,杏仁酸,達特醫
霓淨思藜麥煥膚更新面膜10片【寶雅】霓淨思 N3 面膜,霓淨思,藜,麥,煥膚,更新,面膜,10,片,寶雅,霓淨思,N3,面膜
【買一送一】Dr.FreeVenus藝群#植物神經醯胺精華露#30ml【寶雅】,買一送一,Dr,FreeVenus,藝群,植物,神經,醯胺,精華露,30ml,寶雅
三養激辛火辣雞肉風味鐵板炒麵(2倍辣) 140g【寶雅】,三養,激辛,火辣,雞肉,風味,鐵板,炒麵,2,倍,辣,140g,寶雅
三養火辣雞肉咖哩風味鐵板炒麵 140g【寶雅】,三養,火辣,雞肉,咖哩,風味,鐵板,炒麵,140g,寶雅
凱婷零瑕肌密粉餅9.5g(六色任選)【寶雅】凱婷 KATE 零瑕肌密 粉餅,凱婷,零,瑕,肌密,粉餅,9.5,g,六色,任選,寶雅,凱婷,KATE,零,瑕,肌密,粉餅
霓淨思粉刺溶解精華 15ml【寶雅】,霓淨思,粉刺,溶解,精華,15ml,寶雅
雙層飲料製作杯【寶雅】咖啡 拿鐵 漸層,雙層,飲料,製作,杯,寶雅,咖啡,拿鐵,漸層
我的心機蘆薈修護舒緩水凝膠面膜1入【寶雅】,我的心機,蘆薈,修護,舒緩,水凝膠,面膜,1,入,寶雅
我的心機山茶花細緻保濕水凝膠面膜1入【寶雅】,我的心機,山茶花,細緻,保濕,水凝膠,面膜,1,入,寶雅
Shelim高效保濕精華面膜-維生素25ml【寶雅】,Shelim,高效,保濕,精華,面膜,維生素,25ml,寶雅
Shelim高效保濕精華面膜#蝸牛25ml【寶雅】,Shelim,高效,保濕,精華,面膜,蝸牛,25ml,寶雅
Lotus雙顯防水電子石英錶-四款任選【寶雅】手錶 30米 防水 日本機芯 運動錶 兩時區 鬧鈴 碼錶 LCD,Lotus,雙顯,防水,電子,石英錶,四款,任選,寶雅,手錶,30,米,防水,日本,機芯,運動錶,兩時,區,鬧鈴,碼錶,LCD
【買一送一】PushClean卸妝濕紙巾3錠裝【寶雅】,買一送一,PushClean,卸妝,濕紙巾,3,錠裝,寶雅
成功2KG-防滑塑身啞鈴【寶雅】,成功,2KG,防滑,塑身,啞鈴,寶雅
達特醫全效控油防曬CC液(潤色)SPF50+++50ml【寶雅】,達特醫,全效,控油,防曬,CC液,潤色,SPF50,+++,50ml,寶雅
Shelim高效保濕精華面膜-蜂王漿25ml【寶雅】,Shelim,高效,保濕,精華,面膜,蜂王,漿,25ml,寶雅
高彈力行李箱保護套 - 24吋【寶雅】,高,彈力,行李箱,保護套,24,吋,寶雅
【買一送一】味覺噗啾條糖50g(六款任選)【寶雅】UHA,買一送一,味覺噗啾,條糖,50g,六款,任選,寶雅,UHA
【買一送一】芙夏妮水水亮澤洗髮乳550ml(清透型)【寶雅】芙夏妮 亮澤 洗髮乳,買一送一,芙夏妮,水水,亮澤,洗髮乳,550ml,清透,型,寶雅,芙夏妮,亮澤,洗髮乳
Elastine bio 3合一空氣感護髮精華(三款任選)【寶雅】ES,Elastinebio3,合一,空氣感,護髮,精華,三款,任選,寶雅,ES
霓淨思妝前潤色隔離乳SPF50+/***50ml【寶雅】,霓淨思,妝前,潤色,隔離乳,SPF50,50ml,寶雅
高絲曬可皙高效防曬隔離凝露(防水型)100G【寶雅】高絲 曬可皙 防曬 凝露 防水,高絲,曬可皙,高效,防曬,隔離,凝露,防水型,100G,寶雅,高絲,曬可皙,防曬,凝露,防水
澡享沐浴乳1000ml 玫瑰風信子【寶雅】,澡享,沐浴乳,1000ml,玫瑰,風信子,寶雅
澡享男性沐浴乳1000ml雪松白麝香【寶雅】男性,澡享,男性,沐浴乳,1000ml,雪松,白,麝香,寶雅,男性
【買一送一】PSK極緻無瑕煥白精華30ml【寶雅】,買一送一,PSK,極,緻,無瑕,煥白,精華,30ml,寶雅
柔綺衣物瞬涼噴霧250ml【寶雅】柔綺 衣物瞬涼 噴霧 涼感 夏天,柔,綺,衣物,瞬涼,噴霧,250ml,寶雅,柔,綺,衣物,瞬涼,噴霧,涼感,夏天
【買一送一】芙夏妮水水亮澤潤髮乳550ml【寶雅】芙夏妮 花香5 潤髮,買一送一,芙夏妮,水水,亮澤,潤髮乳,550ml,寶雅,芙夏妮,花香,5,潤髮
KOSE 高絲曬可皙高效防曬隔離凝露 SPF50+ 100g【寶雅】,KOSE,高絲,曬可皙,高效,防曬,隔離,凝露,SPF50,100g,寶雅
【買一送一】好自在純肌絲薄日用24cm(10片)【寶雅】好自在 日用,買一送一,好自在,純肌,絲薄,日用,24cm,10,片,寶雅,好自在,日用
BEAUTYMAKER零油光晶漾持妝氣墊粉餅SPF40(2色任選)【寶雅】氣墊粉餅 新品 kevin,BEAUTYMAKER,零,油光,晶漾,持妝,氣墊粉餅,SPF40,2,色,任選,寶雅,氣墊粉餅,新品,kevin
S855涼感超彈性防曬袖套(2色)【寶雅】防曬袖套推薦 抗uv 涼感,S855,涼感,超,彈性,防曬,袖套,2,色,寶雅,防曬,袖套,推薦,抗,uv,涼感
【買一送一】樂品活性碳醫用口罩5枚【寶雅】樂品 活性碳 口罩,買一送一,樂品,活性碳,醫用,口罩,5,枚,寶雅,樂品,活性碳,口罩
【買一送一】芙夏妮能量嫩白沐浴乳550ml【寶雅】芙夏妮 花香5 嫩白 沐浴乳,買一送一,芙夏妮,能量,嫩白,沐浴乳,550ml,寶雅,芙夏妮,花香,5,嫩白,沐浴乳
楓葉屋陶瓷咖啡濾器2#4人(兩色任選)【寶雅】,楓葉,屋,陶瓷,咖啡,濾器,2,4,人,兩色,任選,寶雅
蜜妮Biore含水防曬保濕水凝乳SPF50 50g【寶雅】,蜜妮,Biore,含水,防曬,保濕,水凝乳,SPF5050g,寶雅
【買一送一】蜂王蜂蜜檸檬草滋養皂80g*4入【寶雅】蜂王 檸檬草 滋養皂,買一送一,蜂王,蜂蜜,檸檬草,滋養,皂,80g,4,入,寶雅,蜂王,檸檬草,滋養,皂
【買一送一】好自在純肌貼身日夜用28cm(10片)【寶雅】好自在 純肌 日夜用,買一送一,好自在,純肌,貼身,日夜,用,28cm,10,片,寶雅,好自在,純肌,日夜,用
DERMAL玫瑰膠原蛋白面膜【寶雅】韓國熱銷,DERMAL,玫瑰,膠原,蛋白,面膜,寶雅,韓國,熱銷
Ronever藍芽頸掛式耳機麥克風4.0版MOE208(二色任選)【寶雅】藍芽耳機,Ronever,藍芽,頸,掛式,耳機,麥克風,4.0,版,MOE208,二色,任選,寶雅,藍芽,耳機
日光生活 人體工學美足銼板【寶雅】美足 銼板,日光,生活,人體工學,美足,銼板,寶雅,美足,銼板
【買一送一】美吾髮卡樂芙泡沫染髮劑50g+50g亞麻棕【寶雅】泡沫 染髮 卡樂芙 美吾髮,買一送一,美吾,髮,卡樂芙,泡沫,染髮劑,50g,50g,亞麻,棕,寶雅,泡沫,染髮,卡樂芙,美吾,髮
【買一送一】美吾髮卡樂芙泡沫染髮劑50g+50g巧克力棕【寶雅】泡沫 染髮 卡樂芙 美吾髮,買一送一,美吾,髮,卡樂芙,泡沫,染髮劑,50g,50g,巧克力,棕,寶雅,泡沫,染髮,卡樂芙,美吾,髮
【買一送一】美吾髮卡樂芙泡沫染髮劑50g+50g栗子棕【寶雅】泡沫 染髮 卡樂芙 美吾髮,買一送一,美吾,髮,卡樂芙,泡沫,染髮劑,50g,50g,栗子,棕,寶雅,泡沫,染髮,卡樂芙,美吾,髮
香蕉船運動系列防曬乳液SPF50(90ml)【寶雅】,香蕉船,運動,系列,防曬,乳液,SPF50,90ml,寶雅
【買一送一】好自在純肌絲薄日夜用28cm(10片)【寶雅】好自在 日用,買一送一,好自在,純肌,絲薄,日夜,用,28cm,10,片,寶雅,好自在,日用
高絲曬可皙高效防曬噴霧(沁涼海洋)50g【寶雅】,高絲,曬可皙,高效,防曬,噴霧,沁涼,海洋,50g,寶雅
Medimix阿育吠陀美膚皂125g(百年經典)【寶雅】Medimix 印度神皂帆船飯店,Medimix,阿育吠陀,美膚皂,125g,百年,經典,寶雅,Medimix,印度,神皂,帆船,飯店
【買一送一】芙夏妮魅力舒活沐浴露550ml【寶雅】芙夏妮 沐浴露,買一送一,芙夏妮,魅力,舒活,沐浴露,550ml,寶雅,芙夏妮,沐浴露
霓淨思熊果素美白淡斑面膜【寶雅】霓淨思 N3 面膜,霓淨思,熊果素,美,白淡斑,面膜,寶雅,霓淨思,N3,面膜
【買一送一】達特醫杏仁酸抗痘潔顏慕斯150ml【寶雅】杏仁酸 達特醫,買一送一,達特醫,杏仁酸,抗痘,潔顏,慕斯,150ml,寶雅,杏仁酸,達特醫
快潔適SDC抗菌洗手乳300ml清新柑橘【寶雅】,快潔適,SDC,抗菌,洗手乳,300ml,清新,柑橘,寶雅
曼秀雷敦水潤肌瞬間清爽防曬噴霧(無香料)90【寶雅】,曼秀雷敦,水潤,肌,瞬間,清爽,防曬,噴霧,無,香料,90,寶雅
貝康口腔淨臭噴霧40ml【寶雅】貝康 寵物專用,貝康,口腔,淨,臭,噴霧,40ml,寶雅,貝康,寵物,專用
PADDY鞋環LED防水警示燈PD-ABL02【寶雅】纖體 健身 運動,PADDY,鞋環,LED,防水,警示燈,PD,ABL02,寶雅,纖體,健身,運動
貝康止癢抗菌淨臭香氛150ml【寶雅】貝康 寵物專用,貝康,止癢,抗菌,淨,臭,香氛,150ml,寶雅,貝康,寵物,專用
【買一送一】KAFEN還原酸系列保濕洗髮精250ml-藍【寶雅】保濕 洗髮精 KAFEN 白家綺 還原酸,買一送一,KAFEN,還原,酸,系列,保濕,洗髮精,250ml,藍,寶雅,保濕,洗髮精,KAFEN,白家綺,還原,酸
CASTELBEL春天緞帶香氛皂200g紫丁香盛開【寶雅】,CASTELBEL,春天,緞帶,香氛皂,200g,紫丁香,盛開,寶雅
貝康柔順亮麗護毛霜220ml【寶雅】貝康 寵物專用,貝康,柔順,亮麗,護毛霜,220ml,寶雅,貝康,寵物,專用
大王elleair小鴨抗菌濕紙巾攜帶包10抽【寶雅】,大王,elleair,小,鴨,抗菌,濕紙巾,攜帶,包,10,抽,寶雅
貝康增艷護色洗毛精(紅)330ml【寶雅】貝康 寵物專用,貝康,增艷,護色,洗毛精,紅,330ml,寶雅,貝康,寵物,專用
FB-5 KL韓國進口旋紋粉底刷【寶雅】,FB,5KL,韓國,進口,旋紋,粉底刷,寶雅
貝康防蚊淨臭香氛150ml【寶雅】貝康 寵物專用,貝康,防蚊,淨,臭,香氛,150ml,寶雅,貝康,寵物,專用
花王Flair香氛柔軟精花香協奏曲570ml【寶雅】柔軟精 花王 Flair,花王,Flair,香氛,柔軟精,花香,協奏曲,570ml,寶雅,柔軟精,花王,Flair
貝康柔亮白毛洗毛精330ml【寶雅】貝康 寵物專用,貝康,柔亮,白毛,洗毛精,330ml,寶雅,貝康,寵物,專用
DF925純銀耳環-三角珍珠【寶雅】耳環,DF925,純銀,耳環,三角,珍珠,寶雅,耳環
蜂王枸杞薏仁淨白美肌潔膚皂90g【寶雅】蜂王 淨白 皂,蜂王,枸杞,薏仁,淨白,美肌,潔膚,皂,90g,寶雅,蜂王,淨白皂
S855涼感超彈性防曬袖套【寶雅】防曬袖套推薦 抗uv 涼感,S855,涼感,超,彈性,防曬,袖套,寶雅,防曬,袖套,推薦,抗,uv,涼感
二合一電動美足機【寶雅】,二合一,電動,美足,機,寶雅
【買一送一】黎可詩蓮花舒紋緊緻眼霜15ml【寶雅】,買一送一,黎可詩,蓮花,舒紋,緊緻,眼霜,15ml,寶雅
S784抗UV防曬護指袖套(6色)【寶雅】防曬袖套推薦 抗uv 護指,S784,抗UV,防曬,護指,袖套,6,色,寶雅,防曬,袖套,推薦,抗,uv,護指
快潔適SDC抗菌洗手乳300ml天然草本【寶雅】,快潔適,SDC,抗菌,洗手乳,300ml,天然,草本,寶雅
Hello Kitty噴瓶75ml-愛心/蝴蝶/抱抱-款式隨機【寶雅】HELLO KITTY 旅行 噴瓶,HelloKitty,噴瓶,75ml,愛心,蝴蝶,抱抱,款式,隨機,寶雅,HELLOKITTY,旅行,噴瓶
大魚吃小魚-KOSMOS德國知名桌遊【寶雅】大魚吃小魚 桌遊,大魚,吃,小魚,KOSMOS,德國,知名,桌遊,寶雅,大魚,吃,小魚,桌遊
愛迪達男用制汗香體滾珠-品味透涼40ml【寶雅】adidas 止汗 香體滾珠,愛迪達,男用,制汗,香體,滾珠,品味,透涼,40ml,寶雅,adidas,止汗,香體,滾珠
【買一送一】霓淨思玻尿酸控油持妝乳50ml【寶雅】保濕 霓淨思 玻尿酸,買一送一,霓淨思,玻尿酸,控油,持妝乳,50ml,寶雅,保濕,霓淨思,玻尿酸
愛迪達男用制汗香體滾珠(典藏魅力)40ML【寶雅】adidas 止汗 香體滾珠,愛迪達,男用,制汗,香體,滾珠,典藏,魅力,40ML,寶雅,adidas,止汗,香體,滾珠
愛迪達男用制汗香體滾珠-青春活力40ml【寶雅】adidas 止汗 香體滾珠,愛迪達,男用,制汗,香體,滾珠,青春,活力,40ml,寶雅,adidas,止汗,香體,滾珠
S782抗UV防曬護指加長蓋肩袖套(3色)【寶雅】防曬袖套推薦 抗uv 護指,S782,抗UV,防曬,護指,加長,蓋,肩,袖套,3,色,寶雅,防曬,袖套,推薦,抗,uv,護指
愛迪達男用制汗香體滾珠-清新冰氛40ml【寶雅】adidas 止汗 香體滾珠,愛迪達,男用,制汗,香體,滾珠,清新,冰氛,40ml,寶雅,adidas,止汗,香體,滾珠
愛迪達男用制汗香體滾珠(極限挑戰)40ml【寶雅】adidas 止汗 香體滾珠,愛迪達,男用,制汗,香體,滾珠,極限,挑戰,40ml,寶雅,adidas,止汗,香體,滾珠
貝康止癢抗菌淨臭香氛150ml【寶雅】貝康 寵物專用,貝康,止癢,抗菌,淨,臭,香氛,150ml,寶雅,貝康,寵物,專用
不鏽鋼女孩項鍊-愛心吊牌【寶雅】簡約 時尚 項鍊 不鏽鋼  愛心 送禮 推薦,不鏽鋼,女孩,項鍊,愛心,吊牌,寶雅,簡約,時尚,項鍊,不鏽鋼,愛心,送禮,推薦
貝康增艷護色洗毛精(紅)330ml【寶雅】貝康 寵物專用,貝康,增艷,護色,洗毛精,紅,330ml,寶雅,貝康,寵物,專用
貝康防蚊淨臭香氛150ml【寶雅】貝康 寵物專用,貝康,防蚊,淨,臭,香氛,150ml,寶雅,貝康,寵物,專用
RUE 金宇彬單片面膜25ml-3款任選【寶雅】,RUE,金宇彬,單片,面膜,25ml,3,款,任選,寶雅
SMS濾氯去除氯沐浴器(內含濾心)【寶雅】,SMS,濾氯,去除,氯,沐浴,器,內含,濾心,寶雅
Le Pichet 舒活抗屑調理洗髮精500ml【寶雅】Le Pichet  抗屑 洗髮精,LePichet,舒活,抗屑,調理,洗髮精,500ml,寶雅,LePichet,抗屑,洗髮精
【買一送一】黎可詩蓮花舒紋緊緻眼霜15ml【寶雅】,買一送一,黎可詩,蓮花,舒紋,緊緻,眼霜,15ml,寶雅
高彈力行李箱保護套 - 20吋【寶雅】,高,彈力,行李箱,保護套,20,吋,寶雅
FB-5 KL韓國進口旋紋粉底刷【寶雅】,FB,5KL,韓國,進口,旋紋,粉底刷,寶雅
不鏽鋼女孩項鍊-V型【寶雅】簡約 時尚 項鍊 不鏽鋼  V型 送禮 推薦,不鏽鋼,女孩,項鍊,V,型,寶雅,簡約,時尚,項鍊,不鏽鋼,V,型,送禮,推薦
曼秀雷敦SKINAQUA水潤肌美白水感防曬露80g【寶雅】,曼秀雷敦,SKINAQUA,水潤,肌,美白,水感,防曬露,80g,寶雅
手指陀螺-三圓-款式隨機【寶雅】指尖陀螺,手指,陀螺,三圓,款式,隨機,寶雅,指尖,陀螺
DF925純銀耳環-三角珍珠【寶雅】耳環,DF925,純銀,耳環,三角,珍珠,寶雅,耳環
【買一送一】霓淨思玻尿酸控油持妝乳50ml【寶雅】保濕 霓淨思 玻尿酸,買一送一,霓淨思,玻尿酸,控油,持妝乳,50ml,寶雅,保濕,霓淨思,玻尿酸
CASTELBEL春天緞帶香氛皂200g小蒼蘭&梨子【寶雅】,CASTELBEL,春天,緞帶,香氛皂,200g,小蒼蘭,梨子,寶雅
愛迪達男用制汗香體滾珠-品味透涼40ml【寶雅】adidas 止汗 香體滾珠,愛迪達,男用,制汗,香體,滾珠,品味,透涼,40ml,寶雅,adidas,止汗,香體,滾珠
愛迪達男用制汗香體滾珠(典藏魅力)40ML【寶雅】adidas 止汗 香體滾珠,愛迪達,男用,制汗,香體,滾珠,典藏,魅力,40ML,寶雅,adidas,止汗,香體,滾珠
愛迪達男用制汗香體滾珠(極限挑戰)40ml【寶雅】adidas 止汗 香體滾珠,愛迪達,男用,制汗,香體,滾珠,極限,挑戰,40ml,寶雅,adidas,止汗,香體,滾珠
愛迪達男用制汗香體滾珠-清新冰氛40ml【寶雅】adidas 止汗 香體滾珠,愛迪達,男用,制汗,香體,滾珠,清新,冰氛,40ml,寶雅,adidas,止汗,香體,滾珠
愛迪達女用制汗香體滾珠(美白潔淨)40ML【寶雅】adidas 止汗 香體滾珠,愛迪達,女用,制汗,香體,滾珠,美白,潔淨,40ML,寶雅,adidas,止汗,香體,滾珠
愛迪達男用制汗香體滾珠-青春活力40ml【寶雅】adidas 止汗 香體滾珠,愛迪達,男用,制汗,香體,滾珠,青春,活力,40ml,寶雅,adidas,止汗,香體,滾珠
曼秀雷敦水潤肌瞬間清爽防曬噴霧50g【寶雅】,曼秀雷敦,水潤,肌,瞬間,清爽,防曬,噴霧,50g,寶雅
愛迪達男用制汗香體滾珠-運動勁能40ml【寶雅】adidas 止汗 香體滾珠,愛迪達,男用,制汗,香體,滾珠,運動,勁能,40ml,寶雅,adidas,止汗,香體,滾珠
愛迪達女用制汗香體滾珠(美白清爽)40ML【寶雅】adidas 止汗 香體滾珠,愛迪達,女用,制汗,香體,滾珠,美白,清爽,40ML,寶雅,adidas,止汗,香體,滾珠
愛迪達女用制汗香體滾珠(美白柔膚)40ML【寶雅】adidas 止汗 香體滾珠,愛迪達,女用,制汗,香體,滾珠,美白,柔膚,40ML,寶雅,adidas,止汗,香體,滾珠
愛迪達男用制汗香體滾珠-強效制汗40ml【寶雅】adidas 止汗 香體滾珠,愛迪達,男用,制汗,香體,滾珠,強效,制汗,40ml,寶雅,adidas,止汗,香體,滾珠
高絲高效防曬噴霧(清新柑橘)50g【寶雅】日本 防曬噴霧 kose,高絲,高效,防曬,噴霧,清新,柑橘,50g,寶雅,日本,防曬,噴霧,kose
【買一送一】美吾髮卡樂芙泡沫染髮劑50g+50g甜美杏桃棕【寶雅】泡沫 染髮 卡樂芙 美吾髮,買一送一,美吾,髮,卡樂芙,泡沫,染髮劑,50g,50g,甜美,杏桃,棕,寶雅,泡沫,染髮,卡樂芙,美吾,髮
愛迪達女用6效合一長效制汗爽身滾珠40ML【寶雅】adidas 止汗 爽身滾珠,愛迪達,女用,6,效,合一,長效,制汗,爽身,滾珠,40ML,寶雅,adidas,止汗,爽身,滾珠
愛迪達男用6效合一長效制汗爽身滾珠40ml【寶雅】adidas 止汗 爽身滾珠,愛迪達,男用,6,效,合一,長效,制汗,爽身,滾珠,40ml,寶雅,adidas,止汗,爽身,滾珠
日光生活 精細美足銼板【寶雅】美足 銼板,日光,生活,精細,美足,銼板,寶雅,美足,銼板
三詩達DO波浪型超潔淨牙刷-軟性-顏色隨機出貨【寶雅】SUNSTAR 牙刷,三詩達,DO,波浪型,超,潔淨,牙刷,軟性,顏色,隨機,出貨,寶雅,SUNSTAR,牙刷
愛迪達女用動能香氛長效制汗滾珠40ML【寶雅】,愛迪達,女用,動能,香氛,長效,制汗,滾珠,40ML,寶雅
1028 控油柔焦氣墊粉餅【寶雅】,1028,控油,柔焦,氣墊粉餅,寶雅
不鏽鋼女孩項鍊-鈕扣【寶雅】簡約 時尚 項鍊 不鏽鋼  鈕扣 送禮 推薦,不鏽鋼,女孩,項鍊,鈕扣,寶雅,簡約,時尚,項鍊,不鏽鋼,鈕扣,送禮,推薦
美吾髮快速染#自然褐6(補充包)40gm*2支【寶雅】,美吾,髮,快速,染,自然,褐,6,補充,包,40gm,2,支,寶雅
Hello Kitty 壓瓶75ml-愛心/蝴蝶/抱抱-款式隨機【寶雅】HELLO KITTY 旅行 壓瓶,HelloKitty,壓瓶,75ml,愛心,蝴蝶,抱抱,款式,隨機,寶雅,HELLOKITTY,旅行,壓瓶
日光生活 不銹鋼美足銼板【寶雅】美足 銼板,日光,生活,不銹鋼,美足,銼板,寶雅,美足,銼板
不鏽鋼女孩項鍊-圓形【寶雅】簡約 時尚 項鍊 不鏽鋼  圓形 送禮 推薦,不鏽鋼,女孩,項鍊,圓形,寶雅,簡約,時尚,項鍊,不鏽鋼,圓形,送禮,推薦
筋膜線按摩伸展書：沿著6條筋膜線，找出真【寶雅】,筋膜,線,按摩,伸展,書,：,沿著,6,條,筋膜,線,找出,真,寶雅
【買一送一】蕾妮亞舒膚Free超極薄日用一般量多22.5cm(16片)【寶雅】蕾妮亞 舒膚Free 日用 超極薄,買一送一,蕾妮,亞舒膚,Free,超極,薄,日用,一般,量,多,22.5,cm,16,片,寶雅,蕾妮,亞舒膚,Free,日用,超極,薄
桌遊 池塘躲貓貓 -魔磁隨身遊戲【寶雅】桌遊  魔磁 遊戲,桌遊,池塘,躲貓貓,魔磁,隨身,遊戲,寶雅,桌遊,魔磁,遊戲
桌遊 蟲蟲捉迷藏-魔磁隨身遊戲【寶雅】,桌遊,蟲蟲,捉迷藏,魔磁,隨身,遊戲,寶雅
Hello Kitty 噴瓶100ml-愛心/蝴蝶/抱抱-款式隨機【寶雅】HELLO KITTY 旅行 噴瓶,HelloKitty,噴瓶,100ml,愛心,蝴蝶,抱抱,款式,隨機,寶雅,HELLOKITTY,旅行,噴瓶
歌林20W亮度炫彩觸控護眼檯燈【寶雅】,歌林,20W,亮度,炫彩,觸控,護眼,檯燈,寶雅
不鏽鋼女孩項鍊-雙圓【寶雅】簡約 時尚 項鍊 不鏽鋼  送禮 推薦,不鏽鋼,女孩,項鍊,雙圓,寶雅,簡約,時尚,項鍊,不鏽鋼,送禮,推薦
愛迪達男用制汗香體滾珠-品味透涼40ml【寶雅】adidas 止汗 香體滾珠,愛迪達,男用,制汗,香體,滾珠,品味,透涼,40ml,寶雅,adidas,止汗,香體,滾珠
霓淨思淨瑕勻白精華30ml【寶雅】C+ 光感超淨白,霓淨思,淨,瑕,勻白,精華,30ml,寶雅,C,光感,超,淨白
大魚吃小魚-KOSMOS德國知名桌遊【寶雅】大魚吃小魚 桌遊,大魚,吃,小魚,KOSMOS,德國,知名,桌遊,寶雅,大魚,吃,小魚,桌遊
【買一送一】黎可詩蓮花舒紋緊緻眼霜15ml【寶雅】,買一送一,黎可詩,蓮花,舒紋,緊緻,眼霜,15ml,寶雅
高絲曬可皙高效防曬隔離凝露SPF50+ 100g【寶雅】,高絲,曬可皙,高效,防曬,隔離,凝露,SPF50,100g,寶雅
韓國Bogyung面紙60抽6包入-款式隨機【寶雅】,韓國,Bogyung,面紙,60,抽,6,包入,款式,隨機,寶雅
韓國YEEHYUN紙膠帶NO:MST-01【寶雅】韓國 紙膠帶 手作,韓國,YEEHYUN,紙膠帶,NO,MST,01,寶雅,韓國,紙膠帶,手作
MENTHOLATUM曼秀雷敦 水潤肌瞬間清爽防曬露40g【寶雅】,MENTHOLATUM,曼秀雷敦,水潤,肌,瞬間,清爽,防曬露,40g,寶雅
修腳美足工具3件套【寶雅】夏天 修腳 美足,修腳,美足,工具,3,件,套,寶雅,夏天,修腳,美足
達特醫全效控油防曬隔離液(白色)SPF50+++50【寶雅】,達特醫,全效,控油,防曬,隔離,液,白色,SPF50,+++,50,寶雅
愛迪達男用制汗香體滾珠(典藏魅力)40ML【寶雅】adidas 止汗 香體滾珠,愛迪達,男用,制汗,香體,滾珠,典藏,魅力,40ML,寶雅,adidas,止汗,香體,滾珠
成功粉彩瘦身跳繩【寶雅】瘦身 跳繩,成功,粉彩,瘦身,跳繩,寶雅,瘦身,跳繩
DERMAL熊果素美白緊實面膜【寶雅】韓國熱銷,DERMAL,熊果素,美白,緊實,面膜,寶雅,韓國,熱銷
霓淨思毛孔深層清潔泥100ml【寶雅】霓淨思,霓淨思,毛孔,深層,清潔,泥,100ml,寶雅,霓淨思
CASTELBEL情書系列香氛皂200g山竹果【寶雅】,CASTELBEL,情書,系列,香氛皂,200g,山竹,果,寶雅
CASTELBEL情書系列香氛皂200g洋梨花【寶雅】,CASTELBEL,情書,系列,香氛皂,200g,洋,梨花,寶雅
CASTELBEL春天緞帶香氛皂200g茉莉&荷花【寶雅】,CASTELBEL,春天,緞帶,香氛皂,200g,茉莉,荷花,寶雅
CASTELBEL情書系列香氛皂200g檸檬羅勒【寶雅】,CASTELBEL,情書,系列,香氛皂,200g,檸檬,羅勒,寶雅
蜂王艾草山藥保濕美肌潔膚皂90g【寶雅】蜂王 保濕 皂,蜂王,艾草,山藥,保濕,美肌,潔膚,皂,90g,寶雅,蜂王,保濕,皂
手指陀螺-三圓-款式隨機【寶雅】指尖陀螺,手指,陀螺,三圓,款式,隨機,寶雅,指尖,陀螺
DF925純銀耳環-三角珍珠【寶雅】耳環,DF925,純銀,耳環,三角,珍珠,寶雅,耳環
愛迪達男用6效合一長效制汗爽身滾珠40ml【寶雅】adidas 止汗 爽身滾珠,愛迪達,男用,6,效,合一,長效,制汗,爽身,滾珠,40ml,寶雅,adidas,止汗,爽身,滾珠
ES BiO黃金蜂膠護髮精華油80ml染燙款【寶雅】,ESBiO,黃金,蜂膠,護髮,精華油,80ml,染燙,款,寶雅
纖體拉力帶【寶雅】,纖體,拉力,帶,寶雅
韓國啵樂樂乳酸飲料235ml(四款任選)【寶雅】,韓國,啵,樂樂,乳酸,飲料,235ml,四款,任選,寶雅
成功粉彩計數跳繩【寶雅】纖體 健身 跳繩,成功,粉彩,計數,跳繩,寶雅,纖體,健身,跳繩
纖體扭扭盤【寶雅】纖體 扭扭盤,纖體,扭,扭盤,寶雅,纖體,扭,扭盤
蜜妮Biore含水防曬美白水凝露 90ml【寶雅】,蜜妮,Biore,含水,防曬,美白,水,凝露,90ml,寶雅
貝康柔順亮麗護毛霜220ml【寶雅】貝康 寵物專用,貝康,柔順,亮麗,護毛霜,220ml,寶雅,貝康,寵物,專用
【買一送一】樂品醫用口罩5枚(婦幼適用)【寶雅】,買一送一,樂品,醫用,口罩,5,枚,婦幼,適用,寶雅
貝康貓犬專用耳朵清潔液60ml【寶雅】貝康 寵物專用,貝康,貓犬,專用,耳朵,清潔液,60ml,寶雅,貝康,寵物,專用
貝康增艷護色洗毛精(黑)330ml【寶雅】貝康 寵物專用,貝康,增艷,護色,洗毛精,黑,330ml,寶雅,貝康,寵物,專用
美吾髮快速染#自然褐6(補充包)40gm*2支【寶雅】,美吾,髮,快速,染,自然,褐,6,補充,包,40gm,2,支,寶雅
美吾髮快速染#自然栗4(補充包)40gm*2支【寶雅】,美吾,髮,快速,染,自然,栗,4,補充,包,40gm,2,支,寶雅
貝康造型蓬鬆護毛霜220ml【寶雅】貝康 寵物專用,貝康,造型,蓬鬆,護毛霜,220ml,寶雅,貝康,寵物,專用
【買一送一】蕾妮亞舒膚Free超薄日用量多加長25cm10片【寶雅】/ 蕾妮亞 舒膚Free 超薄 日用 量多,買一送一,蕾妮,亞舒膚,Free,超薄,日,用量,多,加長,25cm10,片,寶雅,蕾妮,亞舒膚,Free,超薄,日,用量,多
若水粧 白金Q10植萃緊顏精華 30mL【寶雅】若水粧 精華 Q10,若水,粧,白金,Q10,植萃,緊顏,精華,30mL,寶雅,若水,粧,精華,Q10
蜜妮Biore含水防曬亮采裸粧霜33g【寶雅】/防曬 美白 裸粧 保濕,蜜妮,Biore,含水,防曬,亮采,裸,粧,霜,33g,寶雅,防曬,美白,裸,粧,保濕
貝康口腔淨臭噴霧40ml【寶雅】貝康 寵物專用,貝康,口腔,淨,臭,噴霧,40ml,寶雅,貝康,寵物,專用
美吾髮快速染#深栗5(補充包)40gm*2支【寶雅】,美吾,髮,快速,染,深栗,5,補充,包,40gm,2,支,寶雅
MG PU 24吋胖胖球棒套組【寶雅】樂樂棒球,MGPU24,吋,胖胖,球棒,套組,寶雅,樂樂,棒球
古寶無患子檸檬馬鞭草抗菌洗手乳330g【寶雅】,古寶,無患子,檸檬馬鞭,草,抗菌,洗手乳,330g,寶雅
小橄欖樹草本極致超柔香皂100g(四款任選)【寶雅】小橄欖樹 草本 香皂,小,橄欖樹,草本,極致,超柔,香皂,100g,四款,任選,寶雅,小,橄欖樹,草本,香皂
興太太草本平衡SPA香皂150g(3款任選)【寶雅】泰國香皂,興,太太,草本,平衡,SPA,香皂,150g,3,款,任選,寶雅,泰國,香皂
古寶無患子小黃瓜蘆薈抗菌洗手乳330g【寶雅】,古寶,無患子,小黃瓜,蘆薈,抗菌,洗手乳,330g,寶雅
愛迪達男用制汗香體滾珠-青春活力40ml【寶雅】adidas 止汗 香體滾珠,愛迪達,男用,制汗,香體,滾珠,青春,活力,40ml,寶雅,adidas,止汗,香體,滾珠
貝康控油除臭乾洗噴霧25g【寶雅】貝康 寵物專用,貝康,控油,除臭,乾洗,噴霧,25g,寶雅,貝康,寵物,專用
纖體仰臥起坐輔助器-門扣式【寶雅】纖體 運動 仰臥起坐,纖體,仰臥,起坐,輔助器,門,扣式,寶雅,纖體,運動,仰臥,起坐
美吾髮快速染#自然黑褐7(補充包)40gm*2支【寶雅】,美吾,髮,快速,染,自然,黑褐,7,補充,包,40gm,2,支,寶雅
愛迪達男用制汗香體滾珠(極限挑戰)40ml【寶雅】adidas 止汗 香體滾珠,愛迪達,男用,制汗,香體,滾珠,極限,挑戰,40ml,寶雅,adidas,止汗,香體,滾珠
韓國進口典藏玫瑰金蜜粉刷【寶雅】MHB-B5 KL,韓國,進口,典藏,玫瑰金,蜜,粉刷,寶雅,MHB,B5KL
男士美源簡單一按染髮霜40g+40g-4色任選【寶雅】,男士,美源,簡單,一,按,染髮霜,40g,40g,4,色,任選,寶雅
Hello Kitty噴瓶75ml-愛心/蝴蝶/抱抱-款式隨機【寶雅】HELLO KITTY 旅行 噴瓶,HelloKitty,噴瓶,75ml,愛心,蝴蝶,抱抱,款式,隨機,寶雅,HELLOKITTY,旅行,噴瓶
【買一送一】霓淨思玻尿酸保濕面膜6pc【寶雅】,買一送一,霓淨思,玻尿酸,保濕,面膜,6pc,寶雅
【買一送一】樂品醫用口罩5枚-成人【寶雅】口罩 PM2.5 霧霾 樂品 成人,買一送一,樂品,醫用,口罩,5,枚,成人,寶雅,口罩,PM2,5,霧霾,樂品,成人
ES BiO黃金蜂膠護髮精華油80ml染燙款【寶雅】,ESBiO,黃金,蜂膠,護髮,精華油,80ml,染燙,款,寶雅
Hello Kitty 壓瓶75ml-愛心/蝴蝶/抱抱-款式隨機【寶雅】HELLO KITTY 旅行 壓瓶,HelloKitty,壓瓶,75ml,愛心,蝴蝶,抱抱,款式,隨機,寶雅,HELLOKITTY,旅行,壓瓶
貝康增艷護色洗毛精(紅)330ml【寶雅】貝康 寵物專用,貝康,增艷,護色,洗毛精,紅,330ml,寶雅,貝康,寵物,專用
貝康防蚊淨臭香氛150ml【寶雅】貝康 寵物專用,貝康,防蚊,淨,臭,香氛,150ml,寶雅,貝康,寵物,專用
台鹽 黃金魚子潤澤面膜 5入【寶雅】台鹽 面膜 潤澤,台鹽,黃金,魚子,潤澤,面膜,5,入,寶雅,台鹽,面膜,潤澤
貝康問題皮膚專用洗毛精330ml【寶雅】貝康 寵物專用,貝康,問題,皮膚,專用,洗毛精,330ml,寶雅,貝康,寵物,專用
貝康柔亮白毛洗毛精330ml【寶雅】貝康 寵物專用,貝康,柔亮,白毛,洗毛精,330ml,寶雅,貝康,寵物,專用
可愛罐裝膠帶組【寶雅】,可愛,罐裝,膠帶,組,寶雅
MS3861蒂巴蕾運動機能健走襪【寶雅】,MS3861,蒂巴蕾,運動,機能,健走,襪,寶雅
MS3865蒂巴蕾運動機能慢跑襪【寶雅】,MS3865,蒂巴蕾,運動,機能,慢跑,襪,寶雅
合金手指陀螺-三圓-款式隨機【寶雅】指尖陀螺 鋁合金,合金,手指,陀螺,三圓,款式,隨機,寶雅,指尖,陀螺,鋁合金
美源花果香快速染髮霜-9色任選【寶雅】染髮 美源,美源,花,果香,快速,染髮霜,9,色,任選,寶雅,染髮,美源
Kyowa耳掛式咖啡紙 【寶雅】 咖啡 濾紙,Kyowa,耳掛式,咖啡,紙,寶雅,咖啡,濾紙
Hello Kitty 噴瓶100ml-愛心/蝴蝶/抱抱-款式隨機【寶雅】HELLO KITTY 旅行 噴瓶,HelloKitty,噴瓶,100ml,愛心,蝴蝶,抱抱,款式,隨機,寶雅,HELLOKITTY,旅行,噴瓶
DIY緞帶卡3米#5(100cm*3入)【寶雅】緞帶 手作,DIY,緞帶,卡,3,米,5,100cm,3,入,寶雅,緞帶,手作
霓淨思水感全效防曬乳 SPF50+/***50ml【寶雅】,霓淨思,水感,全效,防曬,乳,SPF50,50ml,寶雅
霓淨思純物理舒緩防曬乳 SPF50+/***50ml【寶雅】,霓淨思,純,物理,舒緩,防曬,乳,SPF50,50ml,寶雅
霓淨思瞬涼防曬噴霧SPF50+/***50ml【寶雅】,霓淨思,瞬涼,防曬,噴霧,SPF50,50ml,寶雅
貝康控油除臭洗毛精330ml【寶雅】貝康 寵物專用,貝康,控油,除臭,洗毛精,330ml,寶雅,貝康,寵物,專用
MS-21351W(女寶藍)瑪榭舒適萊卡透氣襪【寶雅】,MS,21351W,女,寶藍,瑪榭,舒適,萊卡,透氣,襪,寶雅
【買一送一】好自在純肌貼身日用24cm(10片)【寶雅】好自在 日用,買一送一,好自在,純肌,貼身,日用,24cm,10,片,寶雅,好自在,日用
【LoyoLa】蔬果烘乾機(共5層)(HL-1020)【寶雅】水果 乾 乾燥花 肉乾 天然 DIY,LoyoLa,蔬果,烘乾機,共,5,層,HL,1020,寶雅,水果,乾,乾燥花,肉乾,天然,DIY
極勁節能涼感巾(4028)-大-藍紅綠三款任選【寶雅】運動巾,極勁,節能,涼感,巾,4028,大,藍紅,綠三,款,任選,寶雅,運動,巾
NESTI DANTE 義大利手工皂250g快樂貝比【寶雅】NESTI DANTE 義大利,NESTIDANTE,義大利,手工皂,250g,快樂,貝比,寶雅,NESTIDANTE,義大利
福可肩頸舒壓按摩滾輪【寶雅】,福可,肩頸,舒壓,按摩,滾輪,寶雅
福可美腿塑身按摩器【寶雅】塑身 美腿 按摩,福可,美腿,塑身,按摩器,寶雅,塑身,美腿,按摩
蜂王純淨果油潤膚茶皂80g*4入【寶雅】蜂王 茶皂,蜂王,純淨,果油,潤膚,茶皂,80g,4,入,寶雅,蜂王,茶皂
蜂王純淨胚芽潤膚米皂80g*4入【寶雅】肥皂 蜂王,蜂王,純淨,胚芽,潤膚,米,皂,80g,4,入,寶雅,肥皂,蜂王
OMORY 手動式雙面磨腳皮器-附搓刀【寶雅】,OMORY,手動式,雙面,磨腳,皮器,附搓,刀,寶雅
貝康抗蚤制菌全效洗毛精330ml【寶雅】貝康 寵物專用,貝康,抗蚤,制菌,全效,洗毛精,330ml,寶雅,貝康,寵物,專用
muva 瑜珈美體雙享組【寶雅】,muva,瑜珈,美體,雙享,組,寶雅
【買一送一】蕾妮亞舒膚Free夜用40cm【寶雅】,買一送一,蕾妮,亞舒膚,Free,夜用,40cm,寶雅
【買一送一】妮傲絲翠高效Neotec淨顏水漾卸妝液200ml【寶雅】Neotec 卸妝,買一送一,妮傲絲翠,高效,Neotec,淨顏,水漾,卸妝液,200ml,寶雅,Neotec,卸妝
大王elleair抗菌濕紙巾攜帶包-加強版10抽【寶雅】,大王,elleair,抗菌,濕紙巾,攜帶,包,加強版,10,抽,寶雅
成功路跑用手機臂套(四色任選)【寶雅】運動 路跑,成功,路跑,用,手機,臂套,四色,任選,寶雅,運動,路跑
愛迪達男用制汗香體滾珠-清新冰氛40ml【寶雅】adidas 止汗 香體滾珠,愛迪達,男用,制汗,香體,滾珠,清新,冰氛,40ml,寶雅,adidas,止汗,香體,滾珠
MS-21351W(女鐵灰)瑪榭舒適萊卡透氣襪【寶雅】,MS,21351W,女,鐵灰,瑪榭,舒適,萊卡,透氣,襪,寶雅
台菱 吸入捕蚊燈(迷你)USB【寶雅】,台菱,吸入,捕蚊燈,迷你,USB,寶雅
FB-5 KL韓國進口旋紋粉底刷【寶雅】,FB,5KL,韓國,進口,旋紋,粉底刷,寶雅
1028 控油柔焦氣墊粉餅【寶雅】,1028,控油,柔焦,氣墊粉餅,寶雅
PADDY 電擊捕蚊燈6W【寶雅】,PADDY,電擊,捕蚊燈,6W,寶雅
手機防水運動腰包(二色任選)【寶雅】運動 路跑 防水,手機,防水,運動,腰包,二色,任選,寶雅,運動,路跑,防水
Medimix阿育吠陀美膚皂125g(香白美肌)【寶雅】Medimix 印度神皂帆船飯店,Medimix,阿育吠陀,美膚皂,125g,香白,美肌,寶雅,Medimix,印度,神皂,帆船,飯店
NESTI DANTE 義大利手工皂250g快樂貝比【寶雅】NESTI DANTE 義大利,NESTIDANTE,義大利,手工皂,250g,快樂,貝比,寶雅,NESTIDANTE,義大利
【買一送一】妮傲絲翠高效Neotec淨顏水漾卸妝液200ml【寶雅】Neotec 卸妝,買一送一,妮傲絲翠,高效,Neotec,淨顏,水漾,卸妝液,200ml,寶雅,Neotec,卸妝
【買一送一】美吾髮卡樂芙泡沫染髮劑50g+50g甜美杏桃棕【寶雅】泡沫 染髮 卡樂芙 美吾髮,買一送一,美吾,髮,卡樂芙,泡沫,染髮劑,50g,50g,甜美,杏桃,棕,寶雅,泡沫,染髮,卡樂芙,美吾,髮
足球門帳棚組(含球.打氣筒)【寶雅】,足球門,帳棚,組,含球,打氣筒,寶雅
【買一送一】美吾髮卡樂芙泡沫染髮劑50g+50g甜摩卡棕【寶雅】泡沫 染髮 卡樂芙 美吾髮,買一送一,美吾,髮,卡樂芙,泡沫,染髮劑,50g,50g,甜,摩卡棕,寶雅,泡沫,染髮,卡樂芙,美吾,髮
美吾髮快速染#自然黑褐7(補充包)40gm*2支【寶雅】,美吾,髮,快速,染,自然,黑褐,7,補充,包,40gm,2,支,寶雅
Le Pichet 舒活抗屑調理洗髮精500ml【寶雅】Le Pichet  抗屑 洗髮精,LePichet,舒活,抗屑,調理,洗髮精,500ml,寶雅,LePichet,抗屑,洗髮精
Le Pichet 養護蓬鬆強韌洗髮精500ml【寶雅】Le Pichet  洗髮精 強韌,LePichet,養護,蓬鬆,強韌,洗髮精,500ml,寶雅,LePichet,洗髮精,強韌
貝康控油除臭洗毛精330ml【寶雅】貝康 寵物專用,貝康,控油,除臭,洗毛精,330ml,寶雅,貝康,寵物,專用
桌遊 IQ XO排列大挑戰  SMART GAMES【寶雅】,桌遊,IQXO,排列,大,挑戰,SMARTGAMES,寶雅
Biore淨嫩沐浴乳1000ml(九款任選)【寶雅】Biore 沐浴乳,Biore,淨嫩,沐浴乳,1000ml,九款,任選,寶雅,Biore,沐浴乳
non-no螢光麻花運動胸衣(4色任選)(L-XL)(M-L)【寶雅】,non,no,螢光,麻花,運動,胸衣,4,色,任選,L,XL,M,L,寶雅
日本激落除菌清潔用濕紙巾24枚入【寶雅】,日本,激落,除菌,清潔,用,濕紙巾,24,枚,入,寶雅
5分鐘空檔減重!輕肌力運動:專業健身教練獨【寶雅】,5,分鐘,空檔,減重,輕,肌力,運動,專業,健身,教練,獨,寶雅
我的心機火山死海泥漿泡泡面膜5入【寶雅】,我的心機,火山,死海,泥漿,泡泡,面膜,5,入,寶雅
3天斷糖[圖解實踐版]:日本名醫的斷糖食譜大【寶雅】,3,天,斷糖,圖解,實踐,版,日本,名醫,的,斷糖,食譜,大,寶雅
高絲高效防曬噴霧50g【寶雅】防曬 噴霧 高絲,高絲,高效,防曬,噴霧,50g,寶雅,防曬,噴霧,高絲
曼秀雷敦SKINAQUA水潤肌美白水感防曬露80g【寶雅】,曼秀雷敦,SKINAQUA,水潤,肌,美白,水感,防曬露,80g,寶雅
蜜妮Biore含水防曬美白水凝露 90ml【寶雅】,蜜妮,Biore,含水,防曬,美白,水,凝露,90ml,寶雅
益智疊疊樂【寶雅】疊疊樂 桌遊 玩具,益智,疊疊樂,寶雅,疊疊樂,桌遊,玩具
歌林20W亮度炫彩觸控護眼檯燈【寶雅】,歌林,20W,亮度,炫彩,觸控,護眼,檯燈,寶雅
咖啡濾杯【寶雅】咖啡 濾杯,咖啡,濾杯,寶雅,咖啡,濾杯
鍋寶摩卡壺-6人份【寶雅】贈瓦斯爐母子爐架,鍋寶,摩卡壺,6,人份,寶雅,贈,瓦斯爐,母子,爐架
Kyowa咖啡濾紙1~2人(55枚)【寶雅】,Kyowa,咖啡,濾紙,1,2,人,55,枚,寶雅
花式奶泡咖啡拉花模具16件入【寶雅】,花式,奶泡,咖啡,拉花,模具,16,件,入,寶雅
古寶無患子玉容活膚晶100g【寶雅】古寶 無患子 活膚晶,古寶,無患子,玉容,活膚晶,100g,寶雅,古寶,無患子,活膚晶
古寶無患子蜂王乳蜂蜜活膚晶100g【寶雅】古寶 無患子 活膚晶,古寶,無患子,蜂王乳,蜂蜜,活膚晶,100g,寶雅,古寶,無患子,活膚晶
古寶無患子玫瑰玉容皂活膚晶100g【寶雅】古寶 無患子 活膚晶,古寶,無患子,玫瑰,玉容皂,活膚晶,100g,寶雅,古寶,無患子,活膚晶
DP7865蒂巴蕾運動機能慢跑襪【寶雅】,DP7865,蒂巴蕾,運動,機能,慢跑,襪,寶雅
DP7861蒂巴蕾運動機能健走襪【寶雅】,DP7861,蒂巴蕾,運動,機能,健走,襪,寶雅
MS3860蒂巴蕾運動機能氣墊襪【寶雅】,MS3860,蒂巴蕾,運動,機能,氣墊,襪,寶雅
MS-21351M(男軍綠)瑪榭舒適萊卡透氣襪【寶雅】,MS,21351M,男,軍綠,瑪榭,舒適,萊卡,透氣,襪,寶雅
MS-21351W(女紅)瑪榭舒適萊卡透氣襪【寶雅】,MS,21351W,女紅,瑪榭,舒適,萊卡,透氣,襪,寶雅
MS-21351W(女梅紅)瑪榭舒適萊卡透氣襪【寶雅】,MS,21351W,女,梅紅,瑪榭,舒適,萊卡,透氣,襪,寶雅
【買一送一】霓淨思杏葡酸肌光煥采精華30ml【寶雅】,買一送一,霓淨思,杏,葡酸,肌光,煥采,精華,30ml,寶雅
MS-21351M(男淺灰)瑪榭舒適萊卡透氣襪【寶雅】,MS,21351M,男,淺灰,瑪榭,舒適,萊卡,透氣,襪,寶雅
MS-21351M(男黑)瑪榭舒適萊卡透氣襪【寶雅】,MS,21351M,男黑,瑪榭,舒適,萊卡,透氣,襪,寶雅
MS-21351W(女深紫)瑪榭舒適萊卡透氣襪【寶雅】,MS,21351W,女,深紫,瑪榭,舒適,萊卡,透氣,襪,寶雅
大王elleair抗菌濕紙巾攜帶包-加強版10抽【寶雅】,大王,elleair,抗菌,濕紙巾,攜帶,包,加強版,10,抽,寶雅
V075-纖體健身夾【寶雅】,V075,纖體,健身,夾,寶雅
泰國OMO White Plus彩虹皂100g【寶雅】泰國香皂 彩虹皂,泰國,OMOWhitePlus,彩虹,皂,100g,寶雅,泰國,香皂,彩虹,皂
茶山房艾草香茅皂100g【寶雅】香茅皂 艾草 茶山房,茶山,房,艾草,香茅,皂,100g,寶雅,香茅,皂,艾草,茶山,房
逸萱秀修護系列美型抗蓬亂洗髮乳750ml【寶雅】逸萱秀 抗蓬亂 洗髮乳,逸萱秀,修護,系列,美型,抗,蓬亂,洗髮乳,750ml,寶雅,逸萱秀,抗,蓬亂,洗髮乳
逸萱秀修護系列美型抗蓬亂潤髮乳750ml【寶雅】逸萱秀 修護 美型 抗蓬亂 潤髮乳,逸萱秀,修護,系列,美型,抗,蓬亂,潤髮乳,750ml,寶雅,逸萱秀,修護,美型,抗,蓬亂,潤髮乳
茶山房茶樹皂100g【寶雅】茶樹皂 茶山房,茶山,房,茶樹,皂,100g,寶雅,茶樹,皂,茶山,房
茶山房綠茶皂100g【寶雅】茶山房 綠茶皂,茶山,房,綠茶,皂,100g,寶雅,茶山,房,綠茶,皂
茶山房清新柑橘皂100g【寶雅】柑橘皂 茶山房,茶山,房,清新,柑橘,皂,100g,寶雅,柑橘,皂,茶山,房
【買一送一】蜂王黑砂糖香皂80g*4入【寶雅】,買一送一,蜂王,黑,砂糖,香皂,80g,4,入,寶雅
【買一送一】芙夏妮靚采瑩嫩沐浴露550ml【寶雅】芙夏妮 沐浴露,買一送一,芙夏妮靚,采瑩,嫩,沐浴露,550ml,寶雅,芙夏妮,沐浴露
【買一送一】KAFEN還原酸系列深層護髮素(黃)250ml【寶雅】KAFEN 白家綺 還原酸 護髮,買一送一,KAFEN,還原,酸,系列,深層,護髮素,黃,250ml,寶雅,KAFEN,白家綺,還原,酸,護髮
桌遊 IQ 圍城大挑戰 SMART GAMES【寶雅】,桌遊,IQ,圍城,大,挑戰,SMARTGAMES,寶雅
泰國OMO White Plus藍寶石煥白皂100g【寶雅】泰國香皂,泰國,OMOWhitePlus,藍寶石,煥白,皂,100g,寶雅,泰國,香皂
泰國興太太阿婆香皂160g【寶雅】泰國香皂 Madame Heng,泰國,興,太太,阿婆,香皂,160g,寶雅,泰國,香皂,MadameHeng
On the body秘密誘惑香水香皂90g【寶雅】韓國 On the body 秀智 香皂,Onthebody,秘密,誘惑,香水,香皂,90g,寶雅,韓國,Onthebody,秀智,香皂
慢拾光/手沖式不鏽鋼咖啡組【寶雅】咖啡 手沖,慢拾,光,手沖,式,不鏽鋼,咖啡組,寶雅,咖啡,手沖
絲蘊精油養護染髮系列2P優雅珍珠紅【寶雅】,絲蘊,精油,養護,染髮,系列,2P,優雅,珍珠,紅,寶雅
炫豔護髮染髮40mlG4魅惑酒紅【寶雅】,炫,豔,護髮,染髮,40mlG4,魅惑,酒紅,寶雅
On the body愛戀香氛香水香皂90g【寶雅】秀智 On the body 香皂,Onthebody,愛戀,香氛,香水,香皂,90g,寶雅,秀智,Onthebody,香皂
跳跳猴大挑戰【寶雅】,跳跳,猴大,挑戰,寶雅
UNO遊戲卡【寶雅】,UNO,遊戲卡,寶雅
粉紅豬小妹 聰明疊疊樂【寶雅】,粉紅,豬,小妹,聰明,疊疊樂,寶雅
【 法國桌神 Gigamic】Quixo Pocket 你推我擠口袋版【寶雅】,法國,桌神,Gigamic,QuixoPocket,你,推,我,擠,口袋,版,寶雅
聰明疊疊樂 冰雪奇緣【寶雅】,聰明,疊疊樂,冰雪,奇緣,寶雅
聰明疊疊樂 CARS【寶雅】,聰明,疊疊樂,CARS,寶雅
福可瘦腰推脂按摩器【寶雅】,福可,瘦腰,推脂,按摩器,寶雅
【買一送一】樂品醫用口罩5枚(婦幼適用)【寶雅】,買一送一,樂品,醫用,口罩,5,枚,婦幼,適用,寶雅
桌遊 IQ 大連線 SMART GAMES【寶雅】,桌遊,IQ,大,連線,SMARTGAMES,寶雅
沙宣32毫米陶瓷捲髮夾VSCD95W【寶雅】沙宣 陶瓷 捲髮夾,沙宣,32,毫米,陶瓷,捲髮,夾,VSCD95W,寶雅,沙宣,陶瓷,捲髮,夾
若水粧 白金Q10全效生物纖維面膜 3PCS【寶雅】若水粧 面膜,若水,粧,白金,Q10,全效,生物,纖維,面膜,3PCS,寶雅,若水,粧,面膜
NESTI DANTE 義大利手工皂250g紅豔奢華【寶雅】NESTI DANTE 義大利,NESTIDANTE,義大利,手工皂,250g,紅豔,奢華,寶雅,NESTIDANTE,義大利
Hello Kitty噴瓶50ml-愛心/蝴蝶/抱抱-款式隨機【寶雅】HELLO KITTY 旅行 噴瓶,HelloKitty,噴瓶,50ml,愛心,蝴蝶,抱抱,款式,隨機,寶雅,HELLOKITTY,旅行,噴瓶
貝康控油除臭乾洗噴霧25g【寶雅】貝康 寵物專用,貝康,控油,除臭,乾洗,噴霧,25g,寶雅,貝康,寵物,專用
筋膜線按摩伸展書：沿著6條筋膜線，找出真【寶雅】,筋膜,線,按摩,伸展,書,：,沿著,6,條,筋膜,線,找出,真,寶雅
Performance x-bike X2000騎馬機健身車 【寶雅】,Performancex,bikeX2000,騎馬機,健身車,寶雅
PADDY環臂帶LED防水警示燈PD-ABL01【寶雅】纖體 健身 運動,PADDY,環,臂帶,LED,防水,警示燈,PD,ABL01,寶雅,纖體,健身,運動
日本M&B無漂白濾咖啡紙 1-2入 55枚【寶雅】無漂白 咖啡 濾紙,日本,M,B,無,漂白,濾,咖啡,紙,1,2,入,55,枚,寶雅,無,漂白,咖啡,濾紙
尋秘單色密碼行李箱束帶【寶雅】行李箱 束帶,尋秘,單色,密碼,行李箱,束帶,寶雅,行李箱,束帶
繽紛純色彈力行李箱束帶【寶雅】行李箱 束帶,繽紛,純色,彈力,行李箱,束帶,寶雅,行李箱,束帶
秘境安全防盜包【寶雅】旅行 腰包,秘境,安全,防盜包,寶雅,旅行,腰包
悠閒貼身隱密腰包【寶雅】旅行 腰包,悠閒,貼身,隱密,腰包,寶雅,旅行,腰包
歐美桌遊超級媬姆【寶雅】,歐美,桌遊,超級,媬,姆,寶雅
MS-21351W(女淺灰)瑪榭舒適萊卡透氣襪【寶雅】,MS,21351W,女,淺灰,瑪榭,舒適,萊卡,透氣,襪,寶雅
non-no彩棉拉鍊胸衣(3色任選)【寶雅】nonno 拉鍊 運動胸衣,non,no,彩棉,拉鍊,胸衣,3,色,任選,寶雅,nonno,拉鍊,運動,胸衣
若水粧 白金Q10植萃亮采精華乳 50ml【寶雅】若水粧 精華乳 Q10,若水,粧,白金,Q10,植萃,亮采,精華乳,50ml,寶雅,若水,粧,精華乳,Q10
若水粧 白金Q10植萃活顏化粧水 150mL【寶雅】若水粧 化妝水 Q10,若水,粧,白金,Q10,植,萃活顏,化粧水,150mL,寶雅,若水,粧,化妝水,Q10
【買一送一】蕾妮亞舒膚Free超極薄日用量多加長25cm(15片)【寶雅】蕾妮亞 舒膚Free 量多 超極薄,買一送一,蕾妮,亞舒膚,Free,超極,薄,日,用量,多,加長,25cm,15,片,寶雅,蕾妮,亞舒膚,Free,量,多,超極,薄
霓淨思玻尿酸保濕原液30ml【寶雅】保濕 玻尿酸 原液 霓淨思,霓淨思,玻尿酸,保濕,原液,30ml,寶雅,保濕,玻尿酸,原液,霓淨思
貝康問題皮膚專用洗毛精330ml【寶雅】貝康 寵物專用,貝康,問題,皮膚,專用,洗毛精,330ml,寶雅,貝康,寵物,專用
DF925純銀耳環-鋯石芭蕾女孩【寶雅】耳環,DF925,純銀,耳環,鋯石,芭蕾,女孩,寶雅,耳環
美源花果香快速染髮霜-9色任選【寶雅】染髮 美源,美源,花,果香,快速,染髮霜,9,色,任選,寶雅,染髮,美源
Kor Nava Filter隨身濾水瓶650ml(三色任選)【寶雅】,KorNavaFilter,隨身,濾水,瓶,650ml,三色,任選,寶雅
專為華人設計的終極核心訓練:高醫運動醫學【寶雅】瘦身 書 核心訓練,專為,華人,設計,的,終極,核心,訓練,高醫,運動,醫學,寶雅,瘦身書,核心,訓練
纖體仰臥起坐輔助器-門扣式【寶雅】纖體 運動 仰臥起坐,纖體,仰臥,起坐,輔助器,門,扣式,寶雅,纖體,運動,仰臥,起坐
貝康止癢抗菌淨臭香氛150ml【寶雅】貝康 寵物專用,貝康,止癢,抗菌,淨,臭,香氛,150ml,寶雅,貝康,寵物,專用
【買一送一】CureCare潤澤活顏精華水 200ml【寶雅】,買一送一,CureCare,潤澤,活顏,精華水,200ml,寶雅
歌林LED捕蚊燈【寶雅】歌林 捕蚊燈 LED 寶雅獨家,歌林,LED,捕蚊燈,寶雅,歌林,捕蚊燈,LED,寶雅,獨家
MS-21351M(男藍綠)瑪榭舒適萊卡透氣襪【寶雅】,MS,21351M,男,藍綠,瑪榭,舒適,萊卡,透氣,襪,寶雅
MS-21351W(女紫)瑪榭舒適萊卡透氣襪【寶雅】,MS,21351W,女,紫,瑪榭,舒適,萊卡,透氣,襪,寶雅
瑪榭舒適萊卡透氣襪-男-丈【寶雅】MS-21351M,瑪榭,舒適,萊卡,透氣,襪,男,丈,寶雅,MS,21351M
MS-21351M(男土藍)瑪榭舒適萊卡透氣襪【寶雅】,MS,21351M,男土,藍,瑪榭,舒適,萊卡,透氣,襪,寶雅
MS-21351M(男白)瑪榭舒適萊卡透氣襪【寶雅】,MS,21351M,男白,瑪榭,舒適,萊卡,透氣,襪,寶雅
MS-21351M(男紅)瑪榭舒適萊卡透氣襪【寶雅】,MS,21351M,男紅,瑪榭,舒適,萊卡,透氣,襪,寶雅
MS-21351M(男寶藍)瑪榭舒適萊卡透氣襪【寶雅】,MS,21351M,男,寶藍,瑪榭,舒適,萊卡,透氣,襪,寶雅
MS-21351M(男鐵灰)瑪榭舒適萊卡透氣襪【寶雅】,MS,21351M,男,鐵灰,瑪榭,舒適,萊卡,透氣,襪,寶雅
瑪榭舒適萊卡透氣襪-女-丈【寶雅】MS-21351W,瑪榭,舒適,萊卡,透氣,襪,女,丈,寶雅,MS,21351W
MS-21351W(女白)瑪榭舒適萊卡透氣襪【寶雅】,MS,21351W,女白,瑪榭,舒適,萊卡,透氣,襪,寶雅
MS-21351W(女黑)瑪榭舒適萊卡透氣襪【寶雅】,MS,21351W,女黑,瑪榭,舒適,萊卡,透氣,襪,寶雅
MS-21351W(女藍綠)瑪榭舒適萊卡透氣襪【寶雅】,MS,21351W,女,藍綠,瑪榭,舒適,萊卡,透氣,襪,寶雅
1028 控油柔焦氣墊粉餅【寶雅】,1028,控油,柔焦,氣墊粉餅,寶雅
鍋寶電動磨豆機【寶雅】鍋寶 咖啡 磨豆機,鍋寶,電動,磨豆機,寶雅,鍋寶,咖啡,磨豆機
真空保溫濾茶咖啡壺組【寶雅】咖啡,真空,保溫,濾茶,咖啡壺,組,寶雅,咖啡
鍋寶義式濃縮咖啡機【寶雅】鍋寶 咖啡 義式,鍋寶,義式,濃縮,咖啡機,寶雅,鍋寶,咖啡,義式
慢拾光/冰滴咖啡壺組【寶雅】咖啡 冰滴,慢拾,光,冰滴,咖啡壺,組,寶雅,咖啡,冰滴
MHB-B2 KL韓國進口典藏玫瑰金遮瑕刷【寶雅】,MHB,B2KL,韓國,進口,典藏,玫瑰金,遮瑕,刷,寶雅
蜜妮Biore含水防曬亮采裸粧霜33g【寶雅】/防曬 美白 裸粧 保濕,蜜妮,Biore,含水,防曬,亮采,裸,粧,霜,33g,寶雅,防曬,美白,裸,粧,保濕
好餓的毛毛蟲遊戲卡(改裝)【寶雅】桌遊,好餓,的,毛毛蟲,遊戲卡,改裝,寶雅,桌遊
歐美桌遊堆比思中文版 Dweebies【寶雅】桌遊,歐美,桌遊,堆比思,中文版,Dweebies,寶雅,桌遊
歐美桌遊醜娃娃:八寶的餅乾中文版 UGLYDOLL【寶雅】桌遊,歐美,桌遊,醜,娃娃,八寶,的,餅乾,中文版,UGLYDOLL,寶雅,桌遊
NESTI DANTE 義大利手工皂250g玫瑰牡丹【寶雅】NESTI DANTE 義大利,NESTIDANTE,義大利,手工皂,250g,玫瑰,牡丹,寶雅,NESTIDANTE,義大利
成功可調強度防滑握力器【寶雅】纖體 運動 握力,成功,可調,強度,防滑,握力器,寶雅,纖體,運動,握力
SHILLS很耐曬防曬冰鎮噴霧SPF50+ 180ml【寶雅】SHILLS 防曬 噴霧,SHILLS,很耐曬,防曬,冰鎮,噴霧,SPF50,180ml,寶雅,SHILLS,防曬,噴霧
CLOVER 火山灰溫和去角質皂 80g【寶雅】CLOVER 去角質皂 火山灰,CLOVER,火山灰,溫和,去角質皂,80g,寶雅,CLOVER,去角質皂,火山灰
高絲曬可皙高效防曬噴霧(極效防水型)50G【寶雅】高絲 曬可皙 防曬 噴霧 防水,高絲,曬可皙,高效,防曬,噴霧,極效,防水型,50G,寶雅,高絲,曬可皙,防曬,噴霧,防水
CLOVER 保濕洗顏皂 80g【寶雅】CLOVER 保濕 洗顏皂,CLOVER,保濕,洗顏皂,80g,寶雅,CLOVER,保濕,洗顏皂
極勁節能涼感巾4029-小-藍紅綠三款任選【寶雅】運動巾,極勁,節能,涼感,巾,4029,小,藍紅,綠三,款,任選,寶雅,運動,巾
Kyowa耳掛式咖啡紙 【寶雅】 咖啡 濾紙,Kyowa,耳掛式,咖啡,紙,寶雅,咖啡,濾紙
高絲曬可皙高效防曬隔離凝露(極效防水型)【寶雅】高絲 曬可皙 防曬 凝露 極效防水,高絲,曬可皙,高效,防曬,隔離,凝露,極效,防水型,寶雅,高絲,曬可皙,防曬,凝露,極效,防水
DF925純銀耳環-鋯石閃亮【寶雅】耳環,DF925,純銀,耳環,鋯石,閃亮,寶雅,耳環
日本最強體型矯正師教你：3分鐘重整核心肌【寶雅】瘦身 書 矯正 核心肌,日本,最,強,體型,矯正,師教,你,：,3,分鐘,重整,核心,肌,寶雅,瘦身書,矯正,核心,肌
[E．Heart](涼感顯瘦款)高透氣抗UV防曬外套-L(5色)【寶雅】E．Heart  防曬 外套 涼感 顯瘦,E,Heart,涼感,顯瘦,款,高,透氣,抗UV,防曬,外套,L,5,色,寶雅,E,Heart,防曬,外套,涼感,顯瘦
[E．Heart](涼感顯瘦款)高透氣抗UV防曬外套-M(5色)【寶雅】E．Heart  防曬 外套 涼感 顯瘦,E,Heart,涼感,顯瘦,款,高,透氣,抗UV,防曬,外套,M,5,色,寶雅,E,Heart,防曬,外套,涼感,顯瘦
美源花果香快速染髮霜-9色任選【寶雅】染髮 美源,美源,花,果香,快速,染髮霜,9,色,任選,寶雅,染髮,美源
韓國進口典藏玫瑰金蜜粉刷【寶雅】MHB-B5 KL,韓國,進口,典藏,玫瑰金,蜜,粉刷,寶雅,MHB,B5KL
手指陀螺-三葉-款式隨機【寶雅】指尖陀螺,手指,陀螺,三葉,款式,隨機,寶雅,指尖,陀螺
三詩達DO波浪型超潔淨牙刷-中性-顏色隨機出貨【寶雅】SUNSTAR 牙刷,三詩達,DO,波浪型,超,潔淨,牙刷,中性,顏色,隨機,出貨,寶雅,SUNSTAR,牙刷
成功路跑用手機臂套(四色任選)【寶雅】運動 路跑,成功,路跑,用,手機,臂套,四色,任選,寶雅,運動,路跑
Hello Batty蒟蒻果園350g【寶雅】,HelloBatty,蒟蒻,果園,350g,寶雅
晶晶心型椰果蒟蒻400g【寶雅】,晶晶,心型,椰果,蒟蒻,400g,寶雅
Kettle薄切洋芋片(蜂蜜芥末)56g【寶雅】,Kettle,薄切,洋芋片,蜂蜜,芥末,56g,寶雅
紅牛蔓越莓風味能量飲料250ml【寶雅】,紅牛,蔓越莓,風味,能量,飲料,250ml,寶雅
Kettle波浪洋芋片(胡椒鹽味)56g【寶雅】,Kettle,波浪,洋芋片,胡椒鹽,味,56g,寶雅
晶晶30%水果凍(綜合)380g【寶雅】,晶晶,30,水,果凍,綜合,380g,寶雅
紅牛無糖能量飲料125ml【寶雅】,紅牛,無糖,能量,飲料,125ml,寶雅
陳老爹原味腰果(80g)【寶雅】,陳,老爹,原味,腰果,80g,寶雅
DYDO世界一無糖黑咖啡275ml【寶雅】,DYDO,世界,一,無糖,黑,咖啡,275ml,寶雅
SMS濾氯去除氯沐浴器替換濾芯【寶雅】,SMS,濾氯,去除,氯,沐浴,器,替換,濾芯,寶雅
紅牛能量飲料250ml【寶雅】,紅牛,能量,飲料,250ml,寶雅
爭鮮蜜桃姬膠原蛋白凍飲180ml【寶雅】,爭鮮,蜜桃,姬,膠原,蛋白,凍,飲,180ml,寶雅
盛香珍蒟蒻果凍(荔枝)400g【寶雅】,盛香珍,蒟蒻,果凍,荔枝,400g,寶雅
老虎牙子自然有氧飲料320cc【寶雅】,老虎,牙子,自然,有氧,飲料,320cc,寶雅
PowerBOMB能量飲料225ml【寶雅】,PowerBOMB,能量,飲料,225ml,寶雅
立夢水果蒟蒻果凍條 5支入【寶雅】,立夢,水果,蒟蒻,果凍,條,5,支入,寶雅
Hello Betty綜合蒟蒻條400g【寶雅】,HelloBetty,綜合,蒟蒻,條,400g,寶雅
Beanies即溶咖啡(榛果風味)50g【寶雅】,Beanies,即溶,咖啡,榛果,風味,50g,寶雅
HAITAI 可可粒椰子香桃汁 240ml【寶雅】,HAITAI,可可粒,椰子,香桃汁,240ml,寶雅
歐美桌遊 迴轉壽司 Sushi Go!【寶雅】桌遊,歐美,桌遊,迴轉,壽司,SushiGo,寶雅,桌遊
成功KITTY炫彩跳繩/1【寶雅】纖體 健身 跳繩,成功,KITTY,炫彩,跳繩,1,寶雅,纖體,健身,跳繩
爭鮮蘋果果醋140g【寶雅】,爭鮮,蘋果,果醋,140g,寶雅
Beanies即溶咖啡(香草風味)50g【寶雅】,Beanies,即溶,咖啡,香草,風味,50g,寶雅
味丹多喝水600ml【寶雅】,味丹,多,喝水,600ml,寶雅
Beanies即溶咖啡(巧克力風味)50g【寶雅】,Beanies,即溶,咖啡,巧克力,風味,50g,寶雅
爭鮮葡萄果醋140g【寶雅】,爭鮮,葡萄,果醋,140g,寶雅
Beanies即溶咖啡(香橙巧克力風味)50g【寶雅】,Beanies,即溶,咖啡,香橙,巧克力,風味,50g,寶雅
舒跑鹼性水850ml【寶雅】,舒跑,鹼性,水,850ml,寶雅
爭鮮日式煎茶600ml【寶雅】,爭鮮,日式,煎茶,600ml,寶雅
花王New Beads Neo濃縮洗衣精400g【寶雅】濃縮洗衣精 花王 New Beads Neo,花王,NewBeadsNeo,濃縮,洗衣精,400g,寶雅,濃縮,洗衣精,花王,NewBeadsNeo
統一生機微氣泡綜合果醋(熱帶水果)200ml【寶雅】,統一,生機,微,氣泡,綜合,果醋,熱帶,水果,200ml,寶雅
Volvic富維克礦泉水500ml【寶雅】,Volvic,富,維克,礦泉水,500ml,寶雅
貝康抗蚤制菌全效洗毛精330ml【寶雅】貝康 寵物專用,貝康,抗蚤,制菌,全效,洗毛精,330ml,寶雅,貝康,寵物,專用
法國 evian天然礦泉水500ml【寶雅】,法國,evian,天然,礦泉水,500ml,寶雅
麒麟檸檬紅茶500ml【寶雅】,麒麟,檸檬,紅茶,500ml,寶雅
NAIPIS KAROMIS乳酸菌飲料290ml【寶雅】,NAIPISKAROMIS,乳酸菌,飲料,290ml,寶雅
麒麟午後奶茶500ml【寶雅】,麒麟,午後,奶茶,500ml,寶雅
麒麟午後紅茶500ml【寶雅】,麒麟,午後,紅茶,500ml,寶雅
NAIPIS KAROMIS乳酸菌飲料(水蜜桃)290ml【寶雅】,NAIPISKAROMIS,乳酸菌,飲料,水蜜桃,290ml,寶雅
海洋之星#魔法泡泡棒【寶雅】泡泡,海洋,之星,魔法,泡泡,棒,寶雅,泡泡
【買一送一】味覺噗啾條糖50g-橘子【寶雅】,買一送一,味覺噗啾,條糖,50g,橘子,寶雅
MARUKA炸花枝餅乾瀨戶內檸檬味90g【寶雅】,MARUKA,炸,花枝,餅乾,瀨戶,內,檸檬,味,90g,寶雅
CASTELBEL情書系列香氛皂200g檸檬羅勒【寶雅】,CASTELBEL,情書,系列,香氛皂,200g,檸檬,羅勒,寶雅
ChoJung椒井天然氣泡礦泉水1500ml【寶雅】,ChoJung,椒,井,天然氣,泡,礦泉水,1500ml,寶雅
固力果迪士尼飲料棒棒糖(新包裝)9.5g【寶雅】,固力果,迪士尼,飲料,棒棒糖,新,包裝,9.5,g,寶雅
【買一送一】法國沛綠雅氣泡天然礦泉水(二款任選)330ml【寶雅】原味 檸檬,買一送一,法國,沛綠雅,氣泡,天然,礦泉水,二款,任選,330ml,寶雅,原味,檸檬
寶礦力水得ION WATER 580ml【寶雅】,寶礦力水,得,IONWATER580ml,寶雅
紀州梅匠梅片 15g【寶雅】,紀州,梅匠,梅片,15g,寶雅
纖Q好手藝薏仁水30入【寶雅】,纖,Q,好,手藝,薏仁水,30,入,寶雅
BOSS咖啡歐蕾 185g【寶雅】,BOSS,咖啡,歐蕾,185g,寶雅
日清TOMICA汽車餅乾 55g【寶雅】,日清,TOMICA,汽車,餅乾,55g,寶雅
BOSS濃縮咖啡(彩虹罐) 185g【寶雅】,BOSS,濃縮,咖啡,彩虹,罐,185g,寶雅
【買一送一】賽萊斯角鯊分子酊保濕精華乳5% 70ml【寶雅】,買一送一,賽,萊斯,角,鯊,分子,酊,保濕,精華乳,5,70ml,寶雅
盛香珍純果凍(綜合)600g【寶雅】,盛香珍,純,果凍,綜合,600g,寶雅
明治果汁膠原QQ軟糖(紅石榴)81g【寶雅】,明治,果汁,膠原,QQ,軟糖,紅,石榴,81g,寶雅
韓國頂級龍蝦馬鈴薯麵 141g【寶雅】,韓國,頂級,龍蝦,馬鈴薯,麵,141g,寶雅
舒跑運動飲料590ml【寶雅】,舒跑,運動,飲料,590ml,寶雅
卡滋心爆薯球-嫩感雞汁【寶雅】,卡滋,心爆薯球,嫩感,雞汁,寶雅
卡滋心爆薯球-鮮脆海苔【寶雅】,卡滋,心爆薯球,鮮脆,海苔,寶雅
土耳其Taris天然無花果乾200g【寶雅】,土耳其,Taris,天然,無花果,乾,200g,寶雅
Kettle薄切洋芋片(海味)56g【寶雅】,Kettle,薄切,洋芋片,海味,56g,寶雅
Beanies即溶咖啡(杏仁甜酒風味)50g【寶雅】,Beanies,即溶,咖啡,杏仁,甜酒,風味,50g,寶雅
樂天摩卡拿鐵咖啡 200ml【寶雅】,樂天,摩卡,拿鐵,咖啡,200ml,寶雅
Beanies即溶咖啡(香濃焦糖風味)50g【寶雅】,Beanies,即溶,咖啡,香濃,焦糖,風味,50g,寶雅
名屋水果牛乳500ml(四款任選)【寶雅】芒果 蘋果 木瓜 香蕉 牛奶,名屋,水果,牛乳,500ml,四款,任選,寶雅,芒果,蘋果,木瓜,香蕉,牛奶
美國樹頂100%純蘋果汁320ml鋁罐【寶雅】Treetop,美國,樹頂,100,純,蘋果汁,320ml,鋁罐,寶雅,Treetop
二合一電動美足機【寶雅】,二合一,電動,美足,機,寶雅
Lotte 柑橘飲料 240ml【寶雅】,Lotte,柑橘,飲料,240ml,寶雅
伊藤園蜜桃紅茶530ml【寶雅】,伊藤園,蜜桃,紅茶,530ml,寶雅
Lotte 葡萄飲料 240ml【寶雅】,Lotte,葡萄,飲料,240ml,寶雅
Lotte 草莓拿鐵 240ml【寶雅】,Lotte,草莓,拿鐵,240ml,寶雅
伊藤園抹茶茉莉綠茶530ml【寶雅】,伊藤,園抹茶,茉莉,綠茶,530ml,寶雅
伊藤園蘋果紅茶530ml【寶雅】,伊藤園,蘋果,紅茶,530ml,寶雅
Medimix阿育吠陀美膚皂125g(香白美肌)【寶雅】Medimix 印度神皂帆船飯店,Medimix,阿育吠陀,美膚皂,125g,香白,美肌,寶雅,Medimix,印度,神皂,帆船,飯店
妮傲絲翠高效Neotec甘草酸舒緩活膚乳霜50ML【寶雅】Neotec,妮傲絲翠,高效,Neotec,甘草,酸,舒緩,活膚,乳霜,50ML,寶雅,Neotec
【買一送一】賽萊斯DNA多胜太抗皺保濕霜8%30mL【寶雅】,買一送一,賽,萊斯,DNA,多胜,太,抗皺,保濕,霜,8,30mL,寶雅
三養韓式泡菜鍋風味拉麵 115g【寶雅】,三養,韓式,泡菜,鍋,風味,拉麵,115g,寶雅
寶礦力水得580ml【寶雅】,寶礦力水,得,580ml,寶雅
【買一送一】霓淨思玻尿酸能量水凍膜100ml【寶雅】霓淨思,買一送一,霓淨思,玻尿酸,能量水,凍膜,100ml,寶雅,霓淨思
台鹽ALL IN ONE 全效極緻賦活精華EX 30ml【寶雅】台鹽 精華,台鹽,ALLINONE,全效,極,緻,賦活,精華,EX30ml,寶雅,台鹽,精華
台鹽 激因賦活精華EX 40ml【寶雅】台鹽 精華,台鹽,激因,賦活,精華,EX40ml,寶雅,台鹽,精華
【買一送一】赫蒂法G3 晶透控油竹炭面膜/5片【寶雅】赫蒂法 控油,買一送一,赫蒂法,G3,晶透,控油,竹炭,面膜,5,片,寶雅,赫蒂法,控油
【買一送一】赫蒂法G4 晶透無暇亮白面膜/5片【寶雅】赫蒂法 亮白,買一送一,赫蒂法,G4,晶透,無暇,亮白,面膜,5,片,寶雅,赫蒂法,亮白
【買一送一】赫蒂法G5 晶透EGF超導修護面膜/5片【寶雅】赫蒂法 修護,買一送一,赫蒂法,G5,晶透,EGF,超導,修護,面膜,5,片,寶雅,赫蒂法,修護
【買一送一】赫蒂法G6 晶透無齡彈力面膜5片【寶雅】赫蒂法 彈力,買一送一,赫蒂法,G6,晶透,無齡,彈力,面膜,5,片,寶雅,赫蒂法,彈力
【買一送一】赫蒂法G1 晶透水嫩纖柔面膜5片【寶雅】赫蒂法 水嫩,買一送一,赫蒂法,G1,晶透,水嫩,纖柔,面膜,5,片,寶雅,赫蒂法,水嫩
Medimix阿育吠陀美膚皂125g(天然草本)【寶雅】Medimix 印度神皂帆船飯店,Medimix,阿育吠陀,美膚皂,125g,天然,草本,寶雅,Medimix,印度,神皂,帆船,飯店
【買一送一】赫蒂法G2 晶透敏若呵護面膜5片【寶雅】赫蒂法,買一送一,赫蒂法,G2,晶透,敏若,呵護,面膜,5,片,寶雅,赫蒂法
霓淨思肌源更新煥膚霜60ml【寶雅】霓淨思,霓淨思,肌源,更新,煥膚,霜,60ml,寶雅,霓淨思
霓淨思粉刺溶解精華 15ml【寶雅】,霓淨思,粉刺,溶解,精華,15ml,寶雅
台鹽 傳明酸透亮黑面膜 5入【寶雅】台鹽 面膜,台鹽,傳明酸,透亮,黑,面膜,5,入,寶雅,台鹽,面膜
快潔適SDC抗菌洗手乳300ml山茶花香【寶雅】,快潔適,SDC,抗菌,洗手乳,300ml,山茶花,香,寶雅
澳寶一分鐘焗油225ml深層修護-極速修護【寶雅】澳寶,澳寶,一分鐘,焗油,225ml,深層,修護,極速,修護,寶雅,澳寶
NESTI DANTE 義大利手工皂250g薰衣草【寶雅】NESTI DANTE 義大利,NESTIDANTE,義大利,手工皂,250g,薰衣草,寶雅,NESTIDANTE,義大利
NESTI DANTE 義大利手工皂250g香柏木【寶雅】NESTI DANTE 義大利,NESTIDANTE,義大利,手工皂,250g,香柏木,寶雅,NESTIDANTE,義大利
NESTI DANTE 義大利手工皂250g櫻花蝶戀【寶雅】NESTI DANTE 義大利,NESTIDANTE,義大利,手工皂,250g,櫻花,蝶戀,寶雅,NESTIDANTE,義大利
NESTI DANTE 義大利手工皂250g膠原彈力【寶雅】NESTI DANTE 義大利,NESTIDANTE,義大利,手工皂,250g,膠原,彈力,寶雅,NESTIDANTE,義大利
NESTI DANTE 義大利手工皂250g紫藤紫丁【寶雅】NESTI DANTE 義大利,NESTIDANTE,義大利,手工皂,250g,紫藤,紫丁,寶雅,NESTIDANTE,義大利
NESTI DANTE 義大利手工皂250g柏金菁萃【寶雅】NESTI DANTE 義大利,NESTIDANTE,義大利,手工皂,250g,柏金,菁萃,寶雅,NESTIDANTE,義大利
NESTI DANTE 義大利手工皂250g黃金能量【寶雅】NESTI DANTE 義大利,NESTIDANTE,義大利,手工皂,250g,黃金,能量,寶雅,NESTIDANTE,義大利
綠貝陶瓷咖啡濾杯1~2人份【寶雅】咖啡,綠貝,陶瓷,咖啡,濾杯,1,2,人份,寶雅,咖啡
NESTI DANTE 義大利手工皂250g柏金菁萃【寶雅】NESTI DANTE 義大利,NESTIDANTE,義大利,手工皂,250g,柏金,菁萃,寶雅,NESTIDANTE,義大利
鮮封二號兩用封口機【寶雅】,鮮封二號,兩用,封口機,寶雅
韓國YEEHYUN紙膠帶NO:MST-01【寶雅】韓國 紙膠帶 手作,韓國,YEEHYUN,紙膠帶,NO,MST,01,寶雅,韓國,紙膠帶,手作
小熊壽司模【寶雅】 壽司 野餐 飯糰,小熊,壽司,模,寶雅,壽司,野餐,飯糰
簡單飯糰模型#附匙【寶雅】 壽司 野餐 飯糰,簡單,飯糰,模型,附匙,寶雅,壽司,野餐,飯糰
壽司押型#細卷用【寶雅】 壽司 野餐 飯糰 細捲,壽司,押型,細卷,用,寶雅,壽司,野餐,飯糰,細,捲
ALTO艾多曬全效防曬噴霧SPF50+ 35ml【寶雅】,ALTO,艾多,曬,全效,防曬,噴霧,SPF50,35ml,寶雅
花王Humming衣物柔軟精玫瑰花園570ml【寶雅】柔軟精 花王 Humming,花王,Humming,衣物,柔軟精,玫瑰,花園,570ml,寶雅,柔軟精,花王,Humming
我的心機-黑珍珠淨白無瑕水凝膠面膜1入【寶雅】,我的心機,黑,珍珠,淨白,無瑕,水凝膠,面膜,1,入,寶雅
台鹽 多胜肽撫紋面膜 5入【寶雅】台鹽 面膜,台鹽,多胜,肽,撫紋,面膜,5,入,寶雅,台鹽,面膜
GATSBY體用抗菌濕巾冰涼果香超值包30張【寶雅】,GATSBY,體用,抗菌,濕巾,冰涼,果香,超值,包,30,張,寶雅
美膚娜娜-痘煞噴霧【寶雅】,美膚,娜娜,痘,煞,噴霧,寶雅
桌遊 IQ 大連線 SMART GAMES【寶雅】,桌遊,IQ,大,連線,SMARTGAMES,寶雅
福可瘦腰推脂按摩器【寶雅】,福可,瘦腰,推脂,按摩器,寶雅
L EGERE光透白植萃淨顏卸妝膏100g【寶雅】,LEGERE,光透白,植萃,淨顏,卸妝膏,100g,寶雅
花王Flair香氛柔軟精花香協奏曲570ml【寶雅】柔軟精 花王 Flair,花王,Flair,香氛,柔軟精,花香,協奏曲,570ml,寶雅,柔軟精,花王,Flair
美膚娜娜-轟痘泥膜【寶雅】,美膚,娜娜,轟痘,泥膜,寶雅
Biore兒童溫和防曬乳液90g【寶雅】,Biore,兒童,溫和,防曬,乳液,90g,寶雅
Farm Stay果凍保濕噴霧-膠原蛋白【寶雅】,FarmStay,果凍,保濕,噴霧,膠原,蛋白,寶雅
歌林20W亮度炫彩觸控護眼檯燈【寶雅】,歌林,20W,亮度,炫彩,觸控,護眼,檯燈,寶雅
GATSBY潔面濕紙巾-玻尿酸15枚【寶雅】,GATSBY,潔面,濕紙巾,玻尿酸,15,枚,寶雅
Farm Stay果凍保濕噴霧-蘆薈【寶雅】,FarmStay,果凍,保濕,噴霧,蘆薈,寶雅
花王New Beads Neo濃縮洗衣精400g【寶雅】濃縮洗衣精 花王 New Beads Neo,花王,NewBeadsNeo,濃縮,洗衣精,400g,寶雅,濃縮,洗衣精,花王,NewBeadsNeo
GATSBY體用抗菌濕巾極凍冰橙超值包30張【寶雅】,GATSBY,體用,抗菌,濕巾,極凍,冰,橙,超值,包,30,張,寶雅
IMJU薏仁清潤保濕凝露180g【寶雅】,IMJU,薏仁,清潤,保濕,凝露,180g,寶雅
【寶雅獨家】heme泥膜 50g【寶雅】肌膚美味佐醬 粉刺,寶雅,獨家,heme,泥膜,50g,寶雅,肌膚,美味,佐醬,粉刺
PADDY鞋環LED防水警示燈PD-ABL02【寶雅】纖體 健身 運動,PADDY,鞋環,LED,防水,警示燈,PD,ABL02,寶雅,纖體,健身,運動
海洋之星#魔法泡泡棒【寶雅】泡泡,海洋,之星,魔法,泡泡,棒,寶雅,泡泡
手機防水運動腰包(二色任選)【寶雅】運動 路跑 防水,手機,防水,運動,腰包,二色,任選,寶雅,運動,路跑,防水
蜂王銀杏燕麥緊緻美肌潔膚皂90g【寶雅】,蜂王,銀杏,燕麥,緊緻,美肌,潔膚,皂,90g,寶雅
美膚娜娜-糾痘乳膏【寶雅】,美膚,娜娜,糾痘,乳膏,寶雅
泡泡盤【寶雅】泡泡,泡泡,盤,寶雅,泡泡
曼秀雷敦水潤肌瞬間清爽防曬噴霧(無香料)90【寶雅】,曼秀雷敦,水潤,肌,瞬間,清爽,防曬,噴霧,無,香料,90,寶雅
【買一送一】霓淨思玻尿酸控油持妝乳50ml【寶雅】保濕 霓淨思 玻尿酸,買一送一,霓淨思,玻尿酸,控油,持妝乳,50ml,寶雅,保濕,霓淨思,玻尿酸
KD260B速乾手型袖套(4色)【寶雅】防曬袖套推薦 抗uv 速乾,KD260B,速乾,手型,袖套,4,色,寶雅,防曬,袖套,推薦,抗,uv,速乾
拉拉熊 絨布束口袋【寶雅】,拉拉熊,絨布,束口袋,寶雅
高彈力行李箱保護套 - 28吋【寶雅】,高,彈力,行李箱,保護套,28,吋,寶雅
卡娜赫拉 絨布束口袋【寶雅】,卡娜赫拉,絨布,束口袋,寶雅
卡娜赫拉 帆布手提袋【寶雅】便當袋,卡娜赫拉,帆布,手提袋,寶雅,便當袋
目元美人保濕眼罩【寶雅】,目元,美人,保濕,眼罩,寶雅
指尖陀螺-白色藍色紅色-三色任選【寶雅】指尖 手指 陀螺 舒壓,指尖,陀螺,白色,藍色,紅色,三色,任選,寶雅,指尖,手指,陀螺,舒壓
韓國YEEHYUN紙膠帶NO:MST-02【寶雅】韓國 紙膠帶 手作,韓國,YEEHYUN,紙膠帶,NO,MST,02,寶雅,韓國,紙膠帶,手作
韓國YEEHYUN紙膠帶NO:MST-03【寶雅】韓國 紙膠帶 手作,韓國,YEEHYUN,紙膠帶,NO,MST,03,寶雅,韓國,紙膠帶,手作
韓國YEEHYUN紙膠帶NO:MST-04【寶雅】韓國 紙膠帶 手作,韓國,YEEHYUN,紙膠帶,NO,MST,04,寶雅,韓國,紙膠帶,手作
韓國YEEHYUN紙膠帶NO:MST-05【寶雅】韓國 紙膠帶 手作,韓國,YEEHYUN,紙膠帶,NO,MST,05,寶雅,韓國,紙膠帶,手作
韓國YEEHYUN紙膠帶NO:MST-06【寶雅】韓國 紙膠帶 手作,韓國,YEEHYUN,紙膠帶,NO,MST,06,寶雅,韓國,紙膠帶,手作
韓國YEEHYUN紙膠帶NO:MST-07【寶雅】韓國 紙膠帶 手作,韓國,YEEHYUN,紙膠帶,NO,MST,07,寶雅,韓國,紙膠帶,手作
韓國YEEHYUN紙膠帶NO:MST-09【寶雅】韓國 紙膠帶 手作,韓國,YEEHYUN,紙膠帶,NO,MST,09,寶雅,韓國,紙膠帶,手作
韓國YEEHYUN紙膠帶NO:MST-08【寶雅】韓國 紙膠帶 手作,韓國,YEEHYUN,紙膠帶,NO,MST,08,寶雅,韓國,紙膠帶,手作
DIY緞帶卡3米#1(100cm*3入)【寶雅】緞帶 手作,DIY,緞帶,卡,3,米,1,100cm,3,入,寶雅,緞帶,手作
韓國YEEHYUN紙膠帶NO:MST-10【寶雅】韓國 紙膠帶 手作,韓國,YEEHYUN,紙膠帶,NO,MST,10,寶雅,韓國,紙膠帶,手作
DIY緞帶卡3米#3(100cm*3入)【寶雅】緞帶 手作,DIY,緞帶,卡,3,米,3,100cm,3,入,寶雅,緞帶,手作
DIY緞帶卡3米#2(100cm*3入)【寶雅】緞帶 手作,DIY,緞帶,卡,3,米,2,100cm,3,入,寶雅,緞帶,手作
DIY緞帶卡3米#4(100cm*3入)【寶雅】緞帶 手作,DIY,緞帶,卡,3,米,4,100cm,3,入,寶雅,緞帶,手作
Hello Kitty壓瓶50ml-愛心/蝴蝶/抱抱-隨機出貨【寶雅】kitty 壓瓶,HelloKitty,壓瓶,50ml,愛心,蝴蝶,抱抱,隨機,出貨,寶雅,kitty,壓瓶
樂品酷炫黑四層醫用口罩30+3枚盒裝【寶雅】 樂品 口罩,樂品,酷炫,黑四層,醫用,口罩,30,3,枚,盒裝,寶雅,樂品,口罩
日本P&G Bold護色防縮柔軟洗衣精500ml【寶雅】濃縮洗衣精 花王 New Beads Neo,日本,P,GBold,護色,防縮,柔軟,洗衣精,500ml,寶雅,濃縮,洗衣精,花王,NewBeadsNeo
