卡辣姆久洋芋片-勁辣唐辛子【美華泰】78g,卡辣姆久,洋芋片,勁辣,唐辛子,美華泰,78g
卡辣姆久洋芋片-卡辣海苔【美華泰】78g,卡辣姆久,洋芋片,卡辣,海苔,美華泰,78g
嗄嗄叫嗄嗄叫麥香雞翅- 紐奧良雞翅【美華泰】110g,嗄嗄叫,嗄嗄叫,麥香,雞翅,紐奧良,雞翅,美華泰,110g
嗄嗄叫麥香雞塊-黑胡椒【美華泰】125g,嗄嗄叫,麥香,雞塊,黑胡椒,美華泰,125g
華元波的多蚵仔煎-原味【美華泰】78g,華元,波的多,蚵仔煎,原味,美華泰,78g
華元野菜園 (全素)【美華泰】45g,華元,野,菜園,全素,美華泰,45g
嗄嗄叫帝王蟹風味餅【美華泰】100g,嗄嗄叫,帝王蟹,風味,餅,美華泰,100g
卡滋心爆薯球鮮脆 - 海苔口味(全素)【美華泰】50g,卡滋,心爆薯球,鮮脆,海苔,口味,全素,美華泰,50g
可樂果 - 芥末【美華泰】57g,可樂果,芥末,美華泰,57g
卡滋心爆薯球鮮脆 - 卡滋心爆薯球嫩感雞汁【美華泰】50g,卡滋,心爆薯球,鮮脆,卡滋,心爆薯球,嫩感,雞汁,美華泰,50g
可樂果 - 九層塔【美華泰】57g,可樂果,九層塔,美華泰,57g
可樂果 - 古早味【美華泰】105g,可樂果,古早味,美華泰,105g
可樂果 - 原味【美華泰】105g,可樂果,原味,美華泰,105g
可樂果-辛起司口味【美華泰】95g,可樂果,辛,起司,口味,美華泰,95g
白蘭洗衣精補充包(強效/陽光/蘆薈)【美華泰】1.6g x2包,白蘭,洗衣精,補充,包,強效,陽光,蘆薈,美華泰,1.6,gx2,包
LOTTE 樂天蛋黃派【美華泰】10入,LOTTE,樂天,蛋黃,派,美華泰,10,入
LOTTE 樂天蛋黃派【美華泰】6入,LOTTE,樂天,蛋黃,派,美華泰,6,入
拭拭樂酷爽潔膚巾【美華泰】20枚 買一送一,拭拭樂,酷爽,潔膚巾,美華泰,20,枚,買一送一
森永蛋黃哥巧克力球【美華泰】30g,森永,蛋黃哥,巧克力球,美華泰,30g
拭拭樂防蚊氏清爽潔膚巾【美華泰】20枚 買一送一,拭拭樂,防蚊,氏,清爽,潔膚巾,美華泰,20,枚,買一送一
Lumina零死角曲面粉底刷,Lumina,零死角,曲面,粉底刷
SNAKE BRAND 泰國蛇牌爽身粉(薰衣草香/海洋清新)【美華泰】150g,SNAKEBRAND,泰國,蛇牌,爽身粉,薰衣草,香,海洋,清新,美華泰,150g
妮維雅止汗爽身噴霧清新舒涼系列【美華泰】150ml 買一送一,妮維雅,止汗,爽身,噴霧,清新,舒涼,系列,美華泰,150ml,買一送一
SNAKE BRAND 泰國蛇牌爽身粉 -極地酷涼【美華泰】150g,SNAKEBRAND,泰國,蛇牌,爽身粉,極地,酷涼,美華泰,150g
Dr.Piz  膠原滋潤美足膜【美華泰】3盒,Dr,Piz,膠原,滋潤,美,足膜,美華泰,3,盒
Deary水感保濕防曬水凝乳SPF50+【美華泰】50ml 買一送一,Deary,水感,保濕,防曬,水凝乳,SPF50,美華泰,50ml,買一送一
KOSE高絲曬可皙高效防曬噴霧(沁涼海洋) SPF50+【美華泰】50g,KOSE,高絲,曬可皙,高效,防曬,噴霧,沁涼,海洋,SPF50,美華泰,50g
Australian Gold 金色澳洲強效黝黑助曬油【美華泰】237ml,AustralianGold,金色,澳洲,強效,黝黑,助曬油,美華泰,237ml
Australian Gold 金色澳洲古銅防護助曬凝膠 SPF4【美華泰】237ml,AustralianGold,金色,澳洲,古銅,防護,助曬,凝膠,SPF4,美華泰,237ml
Australian Gold 金色澳洲防護胡蘿蔔助曬油 SPF4【美華泰】237ml,AustralianGold,金色,澳洲,防護,胡蘿蔔,助曬油,SPF4,美華泰,237ml
廣源良修護噴霧水-極淨舒活【美華泰】100ml,廣源良,修護,噴霧水,極淨,舒活,美華泰,100ml
廣源良修護噴霧水-清新水感【美華泰】100ml,廣源良,修護,噴霧水,清新,水感,美華泰,100ml
BANANA BOAT 香蕉船曬後專用凝露 ( 蘆薈/酷涼)  【美華泰】240ml,BANANABOAT,香蕉船,曬,後,專用,凝露,蘆薈,酷涼,美華泰,240ml
L'EGERE 蘭吉兒防曬噴霧 SPF50 (運動/水感)【美華泰】150ml 買一送一,L,EGERE,蘭,吉兒,防曬,噴霧,SPF50,運動,水感,美華泰,150ml,買一送一
日本CB特大型消臭珠補充包-晨露清香【美華泰】300g x3包,日本,CB,特大型,消臭珠,補充,包,晨露,清香,美華泰,300gx3,包
廣源良綠食晶礦潤色防曬乳 SPF50【美華泰】50ml,廣源良,綠食,晶礦,潤色,防曬,乳,SPF50,美華泰,50ml
廣源良綠食舒敏呵護防曬乳兒童 SPF35【美華泰】50ml,廣源良,綠食,舒敏,呵護,防曬,乳,兒童,SPF35,美華泰,50ml
廣源良綠食極致淨白防曬水凝乳SPF50【美華泰】50ml,廣源良,綠食,極致,淨白,防曬,水凝乳,SPF50,美華泰,50ml
廣源良綠食零油感防曬水凝乳SPF50【美華泰】50ml,廣源良,綠食,零油感,防曬,水凝乳,SPF50,美華泰,50ml
廣源良綠食抗老精萃防曬乳SPF50【美華泰】50ml,廣源良,綠食,抗老,精萃,防曬,乳,SPF50,美華泰,50ml
UNO 強勢塑型霧【美華泰】100ml,UNO,強勢,塑型,霧,美華泰,100ml
Aji特濃鮮乳片【美華泰】150g,Aji,特濃,鮮乳片,美華泰,150g
日本日本豆乳威化餅【美華泰】112.8g,日本,日本,豆乳,威化餅,美華泰,112.8,g
日本天然酵母餅乾【美華泰】147.2g,日本,天然,酵母,餅乾,美華泰,147.2,g
Lucido - L 樂絲朵百變綁髮R型腊【美華泰】20g,Lucido,L,樂絲朵,百變,綁髮,R,型腊,美華泰,20g
Lucido - L 樂絲朵躍動髮流A型腊【美華泰】20g,Lucido,L,樂絲朵,躍動,髮流,A型,腊,美華泰,20g
Lucido - L 樂絲朵彈力捲度Q型腊【美華泰】20g,Lucido,L,樂絲朵,彈力,捲度,Q,型腊,美華泰,20g
Lucido - L 樂絲朵明顯層次J型腊【美華泰】20g,Lucido,L,樂絲朵,明顯,層次,J,型腊,美華泰,20g
Lucido - L 樂絲朵輕盈塑捲S型腊【美華泰】20g,Lucido,L,樂絲朵,輕盈,塑捲,S,型腊,美華泰,20g
Lucido - L 樂絲朵蓬鬆持久O型腊【美華泰】20g,Lucido,L,樂絲朵,蓬鬆,持久,O型,腊,美華泰,20g
Lucido - L 樂絲朵捲度復活髮妝水【美華泰】250ML,Lucido,L,樂絲朵,捲度,復活,髮妝水,美華泰,250ML
Lucido樂絲朵 - 雙效乳(共四種任選) 【美華泰】200ml,Lucido,樂絲朵,雙效乳,共四種,任選,美華泰,200ml
Lucido -L 樂絲朵保濕防護髮妝水【美華泰】200ml,Lucido,L,樂絲朵,保濕,防護,髮妝水,美華泰,200ml
Lucido 樂絲朵-L 蓬鬆捲度髮妝水【美華泰】200ml,Lucido,樂絲朵,L,蓬鬆,捲度,髮妝水,美華泰,200ml
Lucido-L 樂絲朵-捲髮造型泡泡【美華泰】150ml,Lucido,L,樂絲朵,捲髮,造型,泡泡,美華泰,150ml
Silver Ash野爺髮泥(多色任選)【美華泰】100g,SilverAsh,野爺,髮泥,多色,任選,美華泰,100g
舒妃護髮定型液【美華泰】280g,舒妃,護髮,定型,液,美華泰,280g
莉婕持久定型噴霧【美華泰】180g,莉婕,持久,定型,噴霧,美華泰,180g
media 媚點晶透唇膏(多款顏色任選)【美華泰】2.5g,media,媚點,晶透,唇膏,多款,顏色,任選,美華泰,2.5,g
碧菲絲碳酸泡洗顏(清爽/保濕/抗暗沉)【美華泰】180g,碧菲絲,碳酸,泡,洗顏,清爽,保濕,抗,暗沉,美華泰,180g
露得清深層淨化洗面乳(亮白/淨化/抗痘)【美華泰】100g,露得清,深層,淨化,洗面乳,亮白,淨化,抗痘,美華泰,100g
3M Nexcare潔淨抗痘洗面乳(深層/美白)【美華泰】,3MNexcare,潔淨,抗痘,洗面乳,深層,美白,美華泰
馬鈴薯蔬果旋轉切片器【美華泰】,馬鈴薯,蔬果,旋轉,切片,器,美華泰
綠的抗菌精油沐浴乳補充包(六款任選)【美華泰】700ml,綠,的,抗菌,精油,沐浴乳,補充,包,六款,任選,美華泰,700ml
綠的抗菌精油沐浴乳(四款任選)【美華泰】1000ml,綠,的,抗菌,精油,沐浴乳,四款,任選,美華泰,1000ml
嬌生嬰兒草本舒活沐浴精【美華泰】1000ml,嬌生,嬰兒,草本,舒活,沐浴精,美華泰,1000ml
潘柔-乳油木果精質髮膜【美華泰】550ml,潘柔,乳油木果,精質,髮膜,美華泰,550ml
潘柔-摩洛哥精質髮膜【美華泰】550ml,潘柔,摩洛哥,精質,髮膜,美華泰,550ml
潘柔-蜂蜜修護精質髮膜【美華泰】550ml,潘柔,蜂蜜,修護,精質,髮膜,美華泰,550ml
廣源良天然蘆薈敷臉凝露【美華泰】200ml,廣源良,天然,蘆薈,敷臉,凝露,美華泰,200ml
嬌生嬰兒力亮澤洗髮露【美華泰】500ml,嬌生,嬰兒,力,亮澤,洗髮露,美華泰,500ml
上山採藥沐浴精(保濕/潤白)【美華泰】1000ml,上山採藥,沐浴精,保濕,潤白,美華泰,1000ml
上山採藥純淨洗髮精(蕺草均衡/青柚籽純淨)【美華泰】1000ml,上山採藥,純淨,洗髮精,蕺草,均衡,青柚籽,純淨,美華泰,1000ml
毛寶小蘇打液體皂-抗菌補充包【美華泰】1800g,毛寶,小蘇打,液體,皂,抗菌,補充,包,美華泰,1800g
毛寶低泡沫小蘇打洗衣液體皂【美華泰】1800g,毛寶,低,泡沫,小蘇打,洗衣,液體,皂,美華泰,1800g
中祥巧心蘇打-牛軋餅乾15枚入 【美華泰】218g,中祥,巧心,蘇打,牛軋,餅乾,15,枚,入,美華泰,218g
中祥巧心蘇打牛軋餅乾日式抹茶15枚入 【美華泰】218g,中祥,巧心,蘇打,牛軋,餅乾,日式,抹茶,15,枚,入,美華泰,218g
櫻桃爺爺特級牛軋糖原味(蛋奶素)【美華泰】150g,櫻桃,爺爺,特級,牛軋糖,原味,蛋奶素,美華泰,150g
老楊鹹蛋黃餅【美華泰】100g,老楊,鹹蛋,黃餅,美華泰,100g
相撲手烤海苔(原味/香辣海鮮)【美華泰】XL大包裝48g,相撲,手烤,海苔,原味,香辣,海鮮,美華泰,XL,大,包裝,48g
悠貝莉日本多功能離子梳【美華泰】,悠貝莉,日本,多功能,離子梳,美華泰
悠貝莉夢幻2合1兩用造型棒-特大2mm【美華泰】,悠貝莉,夢幻,2,合,1,兩用,造型棒,特大,2mm,美華泰
國際牌EHHW18K多功能光觸媒直髮捲髮器【美華泰】,國際牌,EHHW18K,多功能,光,觸媒,直髮,捲髮器,美華泰
沙宣高效透氣溫控捲髮器VSCD119PIW【美華泰】32mm,沙宣,高效,透氣,溫控,捲髮器,VSCD119PIW,美華泰,32mm
沙宣1200W摺攜吹風機 VS908W【美華泰】,沙宣,1200W,摺,攜,吹風機,VS908W,美華泰
依必朗-牙周保健漱口水(綠茶清新/香檸芬芳)【美華泰】500ml,依必朗,牙周,保健,漱口水,綠茶,清新,香檸,芬芳,美華泰,500ml
白蘭含熊寶洗衣精補充包(溫和/清新/馨香)【美華泰】1.65kg,白蘭含,熊寶,洗衣精,補充,包,溫和,清新,馨香,美華泰,1.65,kg
蘇菲超熟睡超薄乾爽瞬吸層35cm【美華泰】8片3入裝,蘇菲,超,熟睡,超薄,乾爽,瞬吸層,35cm,美華泰,8,片,3,入裝
蘇菲超熟睡超薄細緻棉柔28cm【美華泰】15片3入裝,蘇菲,超,熟睡,超薄,細緻,棉柔,28cm,美華泰,15,片,3,入裝
蘇菲超熟睡超薄細緻棉柔35cm【美華泰】8片3入裝,蘇菲,超,熟睡,超薄,細緻,棉柔,35cm,美華泰,8,片,3,入裝
蘇菲清爽淨肌超薄潔翼日用16片 【美華泰】25cm 2入裝,蘇菲,清爽,淨肌,超薄,潔翼,日用,16,片,美華泰,25cm2,入裝
蘇菲天然草本衛生棉【美華泰】25cm 12片,蘇菲,天然,草本,衛生棉,美華泰,25cm12,片
蘇菲天然草本衛生棉【美華泰】33cm 12片,蘇菲,天然,草本,衛生棉,美華泰,33cm12,片
蘇菲繽紛香氣沐浴清新超薄護墊【美華泰】80片,蘇菲,繽紛,香氣,沐浴,清新,超薄,護墊,美華泰,80,片
蘇菲繽紛香氣淡雅香氛超薄護墊【美華泰】80片,蘇菲,繽紛,香氣,淡雅,香氛,超薄,護墊,美華泰,80,片
蘇菲繽紛香氣甜心玫瑰超薄護墊【美華泰】80片,蘇菲,繽紛,香氣,甜心,玫瑰,超薄,護墊,美華泰,80,片
蘇菲天然草本護墊15.5cm【美華泰】38片,蘇菲,天然,草本,護墊,15.5,cm,美華泰,38,片
蘇菲天然草本護墊17.5cm【美華泰】38片,蘇菲,天然,草本,護墊,17.5,cm,美華泰,38,片
CLEAR淨日本專業頭皮養護系列瑩韌養護高浸透護髮乳【美華泰】180g,CLEAR,淨,日本,專業,頭皮,養護,系列,瑩韌,養護,高,浸透,護髮乳,美華泰,180g
CLEAR淨日本專業頭皮護系列無矽靈瑩韌養護洗髮乳【美華泰】370g,CLEAR,淨,日本,專業,頭皮,護,系列,無,矽靈,瑩韌,養護,洗髮乳,美華泰,370g
CLEAR淨日本專業頭皮護系列無矽靈瑩韌養護潤髮乳【美華泰】370g,CLEAR,淨,日本,專業,頭皮,護,系列,無,矽靈,瑩韌,養護,潤髮乳,美華泰,370g
CLEAR淨日本專業頭皮養護系列無矽靈瑩韌養護洗髮乳補充包【美華泰】300g,CLEAR,淨,日本,專業,頭皮,養護,系列,無,矽靈,瑩韌,養護,洗髮乳,補充,包,美華泰,300g
JR-CLUB馬桶潔廁錠【美華泰】50g x4入,JR,CLUB,馬桶,潔廁錠,美華泰,50gx4,入
一匙靈制菌洗衣精補充包【美華泰】1.9kg,一匙,靈制菌,洗衣精,補充,包,美華泰,1.9,kg
康乃馨超薄棉(夜用型)14片【美華泰】3入裝,康乃馨,超薄棉,夜用,型,14,片,美華泰,3,入裝
康乃馨超薄棉(一般型)20片【美華泰】3入裝,康乃馨,超薄棉,一般型,20,片,美華泰,3,入裝
康乃馨超薄棉(量多型)16片【美華泰】3入裝,康乃馨,超薄棉,量,多型,16,片,美華泰,3,入裝
OP花香清潔袋垃圾袋(大) 3入【美華泰】( 薰衣草 / 檸檬 / 玫瑰),OP,花香,清潔袋,垃圾袋,大,3,入,美華泰,薰衣草,檸檬,玫瑰
OP花香清潔袋垃圾袋(中) 3入【美華泰】( 薰衣草 / 檸檬 / 玫瑰),OP,花香,清潔袋,垃圾袋,中,3,入,美華泰,薰衣草,檸檬,玫瑰
OP花香清潔袋垃圾袋(小) 3入【美華泰】( 薰衣草 / 檸檬 / 玫瑰),OP,花香,清潔袋,垃圾袋,小,3,入,美華泰,薰衣草,檸檬,玫瑰
歌林插電式吸入捕蚊燈【美華泰】不挑色,歌林,插電,式,吸入,捕蚊燈,美華泰,不,挑色
心型手機美拍神器【美華泰】,心型,手機,美拍,神器,美華泰
鱷魚噴水風扇【美華泰】不挑色,鱷魚,噴水,風扇,美華泰,不,挑色
Biore深潤水面膜化粧露(滋潤型/極潤型)【美華泰】180ml,Biore,深潤水,面膜,化粧露,滋潤型,極潤型,美華泰,180ml
優姿腳跟龜裂膏【美華泰】 50g,優姿,腳跟,龜裂膏,美華泰,50g
露得清水活保濕晚間凝膜【美華泰】50g,露得清,水活,保濕,晚間,凝膜,美華泰,50g
NAF 3D持久旋轉眉筆一字型筆蕊(全二色)【美華泰】,NAF3D,持久,旋轉,眉筆,一,字型,筆蕊,全二色,美華泰
M超濃翹女王睫毛膏【美華泰】6g,M,超,濃翹,女王,睫毛膏,美華泰,6g
澳寶一分鐘焗油經典護理組合包【美華泰】,澳寶,一分鐘,焗油,經典,護理,組合包,美華泰
澳寶一分鐘焗油臻萃修復組合包【美華泰】,澳寶,一分鐘,焗油,臻,萃,修復,組合包,美華泰
多芬水氧淨透卸妝水(高保濕/高透亮)【美華泰】235ml,多芬,水氧,淨透,卸妝水,高,保濕,高,透亮,美華泰,235ml
LEGERE 光透白雪肌素顏霜【美華泰】60g,LEGERE,光透,白雪,肌,素顏,霜,美華泰,60g
LEGERE光透白植萃淨顏卸妝膏【美華泰】100g,LEGERE,光透白,植萃,淨顏,卸妝膏,美華泰,100g
Biore深層卸粧精華露寵愛玫瑰香【美華泰】230ml,Biore,深層,卸粧,精華露,寵愛,玫瑰,香,美華泰,230ml
願望阿里山手工皂(多款任選)【美華泰】,願望,阿里山,手工皂,多款,任選,美華泰
聲寶電動去硬皮美足機【美華泰】(不挑色隨機出貨),聲寶,電動,去,硬皮,美足,機,美華泰,不,挑色,隨機,出貨
Love Ways羅威詩電熱直髮神器(白/粉)【美華泰】,LoveWays,羅威,詩,電熱,直髮,神器,白,粉,美華泰
洗顏專科超微米洗卸兩用潔淨乳【美華泰】,洗顏,專科,超,微米,洗卸,兩用,潔淨乳,美華泰
蘭韻口袋甜心化妝棉【美華泰】80片,蘭韻,口袋,甜心,化妝棉,美華泰,80,片
瑪宣妮戀櫻香氛限定組(洗髮/潤髮)【美華泰】450ml,瑪宣妮,戀櫻,香氛,限定組,洗髮,潤髮,美華泰,450ml
KOSE 高絲恆耀精淬潤肌精六效植淬彈力精華組【美華泰】50ml,KOSE,高絲,恆耀精,淬潤,肌精,六效植,淬,彈力,精華組,美華泰,50ml
KOSE高絲潤肌精恆耀精淬潤澤雙效面膜【美華泰】5片入(上下式面膜),KOSE,高絲,潤,肌精,恆耀精,淬,潤澤,雙效,面膜,美華泰,5,片入,上下,式,面膜
蒂沐蝶茶樹清爽植萃洗髮精【美華泰】500g,蒂沐蝶,茶樹,清爽,植萃,洗髮精,美華泰,500g
KOSE 植萃白潤肌精基礎美白保養組【美華泰】,KOSE,植萃,白潤,肌精,基礎,美白,保養組,美華泰
蒂沐蝶綠茶深層純淨潤髮乳【美華泰】500g,蒂沐蝶,綠茶,深層,純淨,潤髮乳,美華泰,500g
蒂沐蝶玫瑰保濕植萃護髮乳【美華泰】500g,蒂沐蝶,玫瑰,保濕,植萃,護髮乳,美華泰,500g
蒂沐蝶綠茶深層純淨洗髮精【美華泰】500g,蒂沐蝶,綠茶,深層,純淨,洗髮精,美華泰,500g
蒂沐蝶茶樹清爽植萃洗髮精【美華泰】500g,蒂沐蝶,茶樹,清爽,植萃,洗髮精,美華泰,500g
LT白薔薇馬油瞬間護髮素【美華泰】200ml,LT,白薔薇,馬油,瞬間,護髮素,美華泰,200ml
蒂沐蝶玫瑰保濕植萃洗髮精【美華泰】500g,蒂沐蝶,玫瑰,保濕,植萃,洗髮精,美華泰,500g
古寶無患子草本抗菌洗手乳小黃瓜蘆薈【美華泰】330g,古寶,無患子,草本,抗菌,洗手乳,小黃瓜,蘆薈,美華泰,330g
EROS馬卡龍沐浴乳(愛戀石榴/ 英式伯爵)【美華泰】500ml,EROS,馬卡龍,沐浴乳,愛戀,石榴,英式,伯爵,美華泰,500ml
驅塵氏乾濕鑽石拖把【美華泰】,驅塵氏,乾濕,鑽石,拖把,美華泰
無塵氏高效釋水濕拖布(柑橘檸檬/薰衣草)【美華泰】,無塵,氏,高效,釋水濕,拖布,柑橘,檸檬,薰衣草,美華泰
毛寶FEVO纖物機能添加劑保養防潑水【美華泰】450g,毛寶,FEVO,纖物,機能,添加劑,保養,防,潑水,美華泰,450g
毛寶FEVO纖物機能添加劑(任二種不同功效)【美華泰】450g,毛寶,FEVO,纖物,機能,添加劑,任二種,不同,功效,美華泰,450g
3皇檸檬酸【美華泰】300g,3皇,檸檬酸,美華泰,300g
EMOTION鞋臭專家(飄香乾粉 / 強力消臭劑)【美華泰】220ml,EMOTION,鞋,臭,專家,飄香,乾粉,強力,消臭劑,美華泰,220ml
台塑Dr’s Formula沐浴乳(共四款任選)【美華泰】800g,台塑,Dr,’,sFormula,沐浴乳,共四款,任選,美華泰,800g
SHANJI善肌香水沐浴乳(甜蜜愛情 / 絲滑奇蹟)【美華泰】600ml,SHANJI,善肌,香水,沐浴乳,甜蜜,愛情,絲滑,奇蹟,美華泰,600ml
LOREAL 巴黎萊雅金緻護髮精油護髮霜【美華泰】180g,LOREAL,巴黎萊雅,金,緻,護髮精油,護髮霜,美華泰,180g
LOREAL 巴黎萊雅金緻護髮精油玫瑰護髮霜【美華泰】180G,LOREAL,巴黎萊雅,金,緻,護髮精油,玫瑰,護髮霜,美華泰,180G
LOREAL 巴黎萊雅金緻護髮精油玫瑰髮膜【美華泰】30ml,LOREAL,巴黎萊雅,金,緻,護髮精油,玫瑰,髮膜,美華泰,30ml
LOREAL 巴黎萊雅金緻護髮精油玫瑰精華【美華泰】100ml,LOREAL,巴黎萊雅,金,緻,護髮精油,玫瑰,精華,美華泰,100ml
范倫鐵諾豐盈造型露（捲髮適用)【美華泰】200ml,范倫鐵諾,豐盈,造型露,（,捲髮,適用,美華泰,200ml
Biore淨嫩沐浴乳(抗菌清爽/抗菌保濕)【美華泰】1000ml,Biore,淨嫩,沐浴乳,抗菌,清爽,抗菌,保濕,美華泰,1000ml
Biore淨嫩沐浴乳(浪漫保濕型/淨亮光澤型)【美華泰】1000ml,Biore,淨嫩,沐浴乳,浪漫,保濕,型,淨亮,光澤,型,美華泰,1000ml
Biore淨嫩沐浴乳(水采清爽/彈嫩清爽)【美華泰】1000ml,Biore,淨嫩,沐浴乳,水采,清爽,彈嫩,清爽,美華泰,1000ml
adidas愛迪達女用制汗香體滾珠(美白潔淨)【美華泰】40ml,adidas,愛迪達,女用,制汗,香體,滾珠,美白,潔淨,美華泰,40ml
addidas 愛迪達男用制汗香體滾珠(運動勁量)【美華泰】 40ml,addidas,愛迪達,男用,制汗,香體,滾珠,運動,勁量,美華泰,40ml
堤瑪露洗髮精(茉莉/百合/薰衣草)【美華泰】700ml,堤瑪露,洗髮精,茉莉,百合,薰衣草,美華泰,700ml
Keyra奇拉洗髮精(亮澤/氨基酸/平衡) 【美華泰】500ml,Keyra,奇拉,洗髮精,亮澤,氨基酸,平衡,美華泰,500ml
台塑清潔劑 (玻璃/浴室/廚房) 500g,台塑,清潔劑,玻璃,浴室,廚房,500g
GATSBY 爽快修鬍泡【美華泰】190g,GATSBY,爽快,修鬍泡,美華泰,190g
美國Barbasol刮鬍泡 (蘆薈/香草)【美華泰】283g,美國,Barbasol,刮鬍泡,蘆薈,香草,美華泰,283g
LOREAL萊雅男士水能量保濕潔面霜【美華泰】100ml,LOREAL,萊雅,男士,水,能量,保濕,潔面霜,美華泰,100ml
愛迪達男用雙效洗髮沐浴露(青春活力/典藏魅力)【美華泰】250ml,愛迪達,男用,雙效,洗髮,沐浴露,青春,活力,典藏,魅力,美華泰,250ml
愛迪達男用雙效洗髮沐浴露(極限挑戰)【美華泰】250ml,愛迪達,男用,雙效,洗髮,沐浴露,極限,挑戰,美華泰,250ml
UNO新炭洗顏洗面乳【美華泰】130g,UNO,新炭,洗顏,洗面乳,美華泰,130g
愛迪達男用三效能量潔顏洗髮沐浴露【美華泰】250ml,愛迪達,男用,三效,能量,潔顏,洗髮,沐浴露,美華泰,250ml
UNO新潤洗顏洗面乳【美華泰】130g,UNO,新潤,洗顏,洗面乳,美華泰,130g
LOREAL 巴黎萊雅男士水能量洗面乳(極緻淨化 /冰振醒膚)【美華泰】100ml,LOREAL,巴黎萊雅,男士,水,能量,洗面乳,極,緻,淨化,冰振,醒膚,美華泰,100ml
LOREAL 巴黎萊雅男士火山泥抗痘洗面乳【美華泰】100ml,LOREAL,巴黎萊雅,男士,火山,泥,抗痘,洗面乳,美華泰,100ml
LOREAL 巴黎萊雅男士雙效淨化抗暗沉洗面乳【美華泰】100ml,LOREAL,巴黎萊雅,男士,雙效淨,化抗,暗沉,洗面乳,美華泰,100ml
LOREAL 巴黎萊雅男士火山泥冰感抗痘潔面乳【美華泰】100ml,LOREAL,巴黎萊雅,男士,火山,泥冰感,抗痘,潔面乳,美華泰,100ml
LOREAL 萊雅男士水能量保濕精華【美華泰】50ml,LOREAL,萊雅,男士,水,能量,保濕,精華,美華泰,50ml
LOREAL 巴黎萊雅專業男士水能量保濕全效【美華泰】50ml,LOREAL,巴黎萊雅,專業,男士,水,能量,保濕,全效,美華泰,50ml
巴黎萊雅專業男士水能量保濕修護霜【美華泰】,巴黎萊雅,專業,男士,水,能量,保濕,修護霜,美華泰
箭牌馬草本洗髮精【美華泰】27.05oz,箭牌馬,草本,洗髮精,美華泰,27.05,oz
FINO高效滲透護髮膜230G【美華泰】230g,FINO,高效,滲透,護髮膜,230G,美華泰,230g
澳寶一分鐘焗油深層修護極速修護【美華泰】225ml,澳寶,一分鐘,焗油,深層,修護,極速,修護,美華泰,225ml
澳寶一分鐘焗油(經典護理)【美華泰】225ml,澳寶,一分鐘,焗油,經典,護理,美華泰,225ml
萊雅男士水能量保濕機能水【美華泰】120ml,萊雅,男士,水,能量,保濕,機能水,美華泰,120ml
Salon Selectives 沙龍三分鐘瞬效髮膜【美華泰】177ml,SalonSelectives,沙龍,三分鐘,瞬效,髮膜,美華泰,177ml
Keyra亮澤雙向修護液【美華泰】200ml,Keyra,亮澤,雙向,修護,液,美華泰,200ml
舒妃摩洛哥堅果護髮油【美華泰】100ml,舒妃,摩洛哥,堅果,護髮,油,美華泰,100ml
DLP光觸媒吸入式捕蚊器【美華泰】,DLP,光,觸媒,吸入,式,捕蚊器,美華泰
日本獅王濃縮洗衣精(酵素/香氛柔軟)【美華泰】900ml,日本,獅王,濃縮,洗衣精,酵素,香氛,柔軟,美華泰,900ml
Eggshell小鹿山丘雙效防蚊液精油(甜橙/迷迭香)精油【美華泰】120g,Eggshell,小鹿,山丘,雙效,防蚊液,精油,甜橙,迷迭香,精油,美華泰,120g
COTA寶貝嫩足去繭蛋-經典白【美華泰】,COTA,寶貝,嫩足,去,繭,蛋,經典,白,美華泰
Love Ways羅崴詩五合一隨身美甲去繭儀 【美華泰】,LoveWays,羅,崴,詩五,合一,隨身,美甲,去,繭,儀,美華泰
魔法蛋型磨腳皮器【美華泰】,魔法,蛋型,磨腳,皮器,美華泰
悠貝莉4合1磨腳器【美華泰】,悠貝莉,4,合,1,磨腳器,美華泰
小黑蚊充電蚊拍【美華泰】,小黑蚊,充,電蚊拍,美華泰
迷你電池電蚊拍【美華泰】,迷你,電池,電蚊拍,美華泰
HL4埠流光溢彩HB234【美華泰】,HL4,埠,流光,溢彩,HB234,美華泰
手機平板五段式摺疊之架【美華泰】,手機,平板,五段式,摺疊,之架,美華泰
貝仕達行動電源【美華泰】12000mAh,貝仕達,行動,電源,美華泰,12000mAh
IPhone7專用音源轉換器【美華泰】,IPhone7,專用,音源,轉換器,美華泰
磁鐵式車用冷氣孔手機架【美華泰】,磁鐵,式,車用,冷氣,孔,手機架,美華泰
晶冠小腳架手機夾【美華泰】,晶冠,小,腳架,手機,夾,美華泰
森永嘟歐雙層QQ軟糖(葡萄/蘋果)【美華泰】40g,森永,嘟歐,雙層,QQ,軟糖,葡萄,蘋果,美華泰,40g
HI-CHEW 森永嗨啾軟糖(多款任選)【美華泰】,HI,CHEW,森永,嗨啾,軟糖,多款,任選,美華泰
比菲多軟糖 (原味/草莓/葡萄)【美華泰】 30g,比,菲多,軟糖,原味,草莓,葡萄,美華泰,30g
義美磚型QQ巧克球 (全四款任選)【美華泰】50g,義美,磚型,QQ,巧克球,全四款,任選,美華泰,50g
Pocky 固力果蕃茄棒 【美華泰】9袋入 134g,Pocky,固力果,蕃茄,棒,美華泰,9,袋入,134g
Pocky 固力果沙拉棒 【美華泰】9袋入 153g,Pocky,固力果,沙拉,棒,美華泰,9,袋入,153g
Pocky 固力果草莓棒 【美華泰】9袋入 119g,Pocky,固力果,草莓,棒,美華泰,9,袋入,119g
Pocky 固力果巧克力棒 【美華泰】9袋入 127g,Pocky,固力果,巧克力棒,美華泰,9,袋入,127g
馬玉山碳香紅奶茶【美華泰】20g x16入,馬玉山,碳香紅,奶茶,美華泰,20gx16,入
馬玉山抹綠奶茶【美華泰】20g x16入,馬玉山,抹綠,奶茶,美華泰,20gx16,入
御之味餅乾(蛋黃 / 起司)【美華泰】100g,御之味,餅乾,蛋黃,起司,美華泰,100g
T世家拿鐵系列(四款任選)【美華泰】18g 6入裝,T,世家,拿鐵,系列,四款,任選,美華泰,18g6,入裝
水平衡超抗痘雙效洗面乳(全三款)【美華泰】100g,水,平衡,超,抗痘,雙效,洗面乳,全三款,美華泰,100g
馬玉山黑豆抹茶【美華泰】30g x14入,馬玉山,黑豆,抹茶,美華泰,30gx14,入
美麗日記高效極淨保濕卸妝水【美華泰】400ml,美麗日記,高效,極淨,保濕,卸妝水,美華泰,400ml
MAYBELINE 媚比琳一拭即淨深層保濕卸妝水 【美華泰】400ml,MAYBELINE,媚比琳,一拭,即淨,深層,保濕,卸妝水,美華泰,400ml
Za即淨清爽卸妝水【美華泰】300ml,Za,即淨,清爽,卸妝水,美華泰,300ml
萊雅三合一卸妝潔顏水保濕型 【美華泰】400ml,萊雅,三合一,卸妝,潔顏,水,保濕,型,美華泰,400ml
莎啦莎啦西西里檸檬沐浴乳補充包【美華泰】800g,莎,啦,莎,啦,西西里,檸檬,沐浴乳,補充,包,美華泰,800g
莎啦莎啦茉莉保濕沐浴乳補充包【美華泰】800g,莎,啦,莎,啦,茉莉,保濕,沐浴乳,補充,包,美華泰,800g
莎啦莎啦玫瑰嫩白沐浴乳補充包【美華泰】800g,莎,啦,莎,啦,玫瑰,嫩白,沐浴乳,補充,包,美華泰,800g
莎啦莎啦琥珀緊緻沐浴乳補充包【美華泰】800g,莎,啦,莎,啦,琥珀,緊緻,沐浴乳,補充,包,美華泰,800g
莎啦莎啦櫻花彈力沐浴乳補充包【美華泰】800g,莎,啦,莎,啦,櫻花,彈力,沐浴乳,補充,包,美華泰,800g
莎啦莎啦櫻花彈力沐浴乳【美華泰】1000g,莎,啦,莎,啦,櫻花,彈力,沐浴乳,美華泰,1000g
莎啦莎啦西西里檸檬沐浴乳【美華泰】1000g,莎,啦,莎,啦,西西里,檸檬,沐浴乳,美華泰,1000g
莎啦莎啦琥珀緊緻沐浴乳【美華泰】1000g,莎,啦,莎,啦,琥珀,緊緻,沐浴乳,美華泰,1000g
莎啦莎啦玫瑰嫩白沐浴乳【美華泰】1000g,莎,啦,莎,啦,玫瑰,嫩白,沐浴乳,美華泰,1000g
莎啦莎啦茉莉保濕沐浴乳【美華泰】1000g,莎,啦,莎,啦,茉莉,保濕,沐浴乳,美華泰,1000g
雪芙蘭時間保養面膜 (九款任選)【美華泰】5入一盒,雪芙蘭,時間,保養,面膜,九款,任選,美華泰,5,入,一盒
MONSA 夢娜麗莎面膜(抗皺/亮白/保濕)【美華泰】10入盒裝,MONSA,夢娜,麗莎,面膜,抗皺,亮白,保濕,美華泰,10,入,盒裝
1028終極抗暈人魚眼線液 01濃烈爆黑【美華泰】,1028,終極,抗暈,人魚,眼線液,01,濃烈,爆黑,美華泰
范倫鐵諾旋轉持久眼線膠筆 (任選6色)【美華泰】,范倫鐵諾,旋轉,持久,眼線,膠筆,任選,6,色,美華泰
百齡護牙周到牙膏一牙齦護理(抗敏/修護配方)【美華泰】,百齡,護,牙周,到,牙膏,一,牙齦,護理,抗敏,修護,配方,美華泰
MAYBELINE 媚比琳純淨礦物水凝BB氣墊粉餅 SPF29 +++ (2色任選)【美華泰】14g,MAYBELINE,媚比琳,純淨,礦物,水凝,BB,氣墊粉餅,SPF29,+++,2,色,任選,美華泰,14g
范倫鐵諾 絕色恆采豐漾翹唇筆(全八色任選)【美華泰】3g,范倫鐵諾,絕色,恆采,豐漾,翹唇,筆,全八色,任選,美華泰,3g
nini Monica 透感保濕漸變咬唇雙色唇彩膏(共8色任選)【美華泰】2g,niniMonica,透感,保濕,漸變,咬唇,雙色,唇彩,膏,共,8,色,任選,美華泰,2g
Holika水潤果凍CC唇彩蠟筆(全三色任選)【美華泰】,Holika,水潤,果凍,CC,唇彩,蠟筆,全三色,任選,美華泰
古寶無患子洗髮精華露(二種任選)【美華泰】 450g,古寶,無患子,洗髮,精華露,二種,任選,美華泰,450g
森田玻尿酸護手霜【美華泰】120ml,森田,玻尿酸,護手霜,美華泰,120ml
沙威隆抗菌潔淨洗手乳(天然茶樹/天然金盞花)【美華泰】250ml,沙威隆,抗菌,潔淨,洗手乳,天然,茶樹,天然,金盞花,美華泰,250ml
元氣生活鞋內芳香吸濕包花香【美華泰】60ml 4入,元氣,生活,鞋內,芳香,吸濕,包,花香,美華泰,60ml4,入
Micro伸縮傳輸充電線【美華泰】,Micro,伸縮,傳輸,充電線,美華泰
妮維雅防曬淨白乳液SPF30PA++【美華泰】75ml,妮維雅,防曬,淨白,乳液,SPF30PA,++,美華泰,75ml
蘇菲日用( 極緻柔感/ 動感記形) 23cm 18片【美華泰】3入,蘇菲,日用,極,緻,柔,感,動感,記形,23cm18,片,美華泰,3,入
蘇超熟睡超薄乾爽瞬吸層28cm 15片【美華泰】 3入,蘇超,熟睡,超薄,乾爽,瞬吸層,28cm15,片,美華泰,3,入
蘇菲超熟睡超薄乾爽瞬吸層35cm 8片【美華泰】3入,蘇菲,超,熟睡,超薄,乾爽,瞬吸層,35cm8,片,美華泰,3,入
蘇菲超熟睡超薄細緻棉柔35cm 【美華泰】3入,蘇菲,超,熟睡,超薄,細緻,棉柔,35cm,美華泰,3,入
康乃馨御守棉超薄夜33cm12片【美華泰】2入,康乃馨,御守,棉,超薄,夜,33cm12,片,美華泰,2,入
康乃馨御守棉超薄夜28cm14片【美華泰】2入,康乃馨,御守,棉,超薄,夜,28cm14,片,美華泰,2,入
蘇超熟睡超薄細緻棉柔28cm 15片【美華泰】2入,蘇超,熟睡,超薄,細緻,棉柔,28cm15,片,美華泰,2,入
康乃馨御守棉超薄量多16片25.5cm【美華泰】2入,康乃馨,御守,棉,超薄,量,多,16,片,25.5,cm,美華泰,2,入
康乃馨御守棉超薄一般18片21.5cm【美華泰】2入,康乃馨,御守,棉,超薄,一般,18,片,21.5,cm,美華泰,2,入
康乃馨寶寶潔膚巾濕紙巾-超厚補充包80片【美華泰】,康乃馨,寶寶,潔膚巾,濕紙巾,超厚,補充,包,80,片,美華泰
康乃馨御守棉夜用超長40cm【美華泰】7片2入裝,康乃馨,御守,棉夜,用,超長,40cm,美華泰,7,片,2,入裝
康乃馨御守棉夜用超長36.9cm【美華泰】9片2入裝,康乃馨,御守,棉夜,用,超長,36.9,cm,美華泰,9,片,2,入裝
香花蕾垃圾廚餘桶專用(檸檬萊姆/蘋果薄荷)【美華泰】2.7ml,香,花蕾,垃圾,廚餘桶,專用,檸檬,萊姆,蘋果,薄荷,美華泰,2.7,ml
香花蕾一滴消臭(薄荷/玫瑰)【美華泰】20ml,香,花蕾,一滴,消臭,薄荷,玫瑰,美華泰,20ml
泡舒洗潔精補充包(檸檬/綠茶)【美華泰】 800g,泡舒,洗潔精,補充,包,檸檬,綠茶,美華泰,800g
嬌生嬰兒純水柔濕巾-加厚型 【美華泰】3入80張,嬌生,嬰兒,純水,柔濕巾,加厚,型,美華泰,3,入,80,張
獅王極淨白牙膏直立型(清涼/酷涼)【美華泰】,獅王,極,淨白,牙膏,直立型,清涼,酷涼,美華泰
Lises 絲逸歡髮妝水(水潤保濕)補充瓶【美華泰】340ml,Lises,絲逸歡,髮妝水,水潤,保濕,補充瓶,美華泰,340ml
Liese 絲逸歡髮妝水(水潤保濕)【美華泰】200ml,Liese,絲逸歡,髮妝水,水潤,保濕,美華泰,200ml
Liese 絲逸歡髮妝水(保濕修護)補充瓶【美華泰】340ml,Liese,絲逸歡,髮妝水,保濕,修護,補充瓶,美華泰,340ml
春泥抗熱護髮亮霜(免沖洗)【美華泰】120g,春泥,抗熱,護髮,亮霜,免,沖洗,美華泰,120g
Liese 絲逸歡髮妝水(保濕修護)【美華泰】200ml,Liese,絲逸歡,髮妝水,保濕,修護,美華泰,200ml
古寶無患子玫瑰玉蓉活膚晶【美華泰】100g,古寶,無患子,玫瑰,玉蓉,活膚晶,美華泰,100g
澳寶一分鐘焗油深層修護極速修護【美華泰】225ml,澳寶,一分鐘,焗油,深層,修護,極速,修護,美華泰,225ml
古寶無患子玉容活膚晶【美華泰】100g,古寶,無患子,玉容,活膚晶,美華泰,100g
古寶無患子蜂王乳蜂蜜活膚晶【美華泰】100g,古寶,無患子,蜂王乳,蜂蜜,活膚晶,美華泰,100g
巴黎萊雅金緻護髮精油玫瑰精華【美華泰】100ml,巴黎萊雅,金,緻,護髮精油,玫瑰,精華,美華泰,100ml
巴黎萊雅金緻護髮精油玫瑰護髮霜【美華泰】180g,巴黎萊雅,金,緻,護髮精油,玫瑰,護髮霜,美華泰,180g
巴黎萊雅金緻護髮精油玫瑰髮膜【美華泰】250g,巴黎萊雅,金,緻,護髮精油,玫瑰,髮膜,美華泰,250g
多芬日本輕感修護(修護/保溼洗髮精/護髮乳)【美華泰】480g,多芬,日本,輕感,修護,修護,保溼,洗髮精,護髮乳,美華泰,480g
多芬潔膚塊4塊(清爽水嫩/乳木果香草)【美華泰】x4入,多芬,潔膚塊,4,塊,清爽,水嫩,乳木果,香草,美華泰,x4,入
卡碧絲淨嫩沐浴乳【美華泰】900ml,卡碧絲淨,嫩,沐浴乳,美華泰,900ml
FEAZAC即援救護髮素(免沖洗)【美華泰】300ml,FEAZAC,即,援救,護髮素,免,沖洗,美華泰,300ml
帕瑪氏深沐浴乳(深層去角質/極緻保濕)【美華泰】400ml,帕瑪氏,深,沐浴乳,深層,去,角質,極,緻,保濕,美華泰,400ml
樹澤草本植萃沐浴乳方瓶【美華泰】1000ml,樹澤,草本,植萃,沐浴乳,方瓶,美華泰,1000ml
PLAYBOY世代男用香體噴霧【美華泰】150ml,PLAYBOY,世代,男用,香體,噴霧,美華泰,150ml
PLAYBOY VIP男用香體噴霧【美華泰】150ml,PLAYBOYVIP,男用,香體,噴霧,美華泰,150ml
Acne抗痘UV潤色隔離乳 SPF50(美白/抗痘)【美華泰】30g,Acne,抗痘,UV,潤色,隔離乳,SPF50,美白,抗痘,美華泰,30g
Keyra 夢幻五合一【美華泰】250ml,Keyra,夢幻,五,合一,美華泰,250ml
ORIS+歐詩3號強效定型噴霧【美華泰】600ml,ORIS,歐詩,3,號,強效,定型,噴霧,美華泰,600ml
沙宣電氣石陶瓷直髮夾【美華泰】25mm,沙宣,電氣,石,陶瓷,直髮夾,美華泰,25mm
摺疊隨身梳【美華泰】,摺疊,隨身,梳,美華泰
國際牌EHHW18K多功能光觸媒直髮捲髮器【美華泰】,國際牌,EHHW18K,多功能,光,觸媒,直髮,捲髮器,美華泰
日系大容量消臭珠(全四種香味)【美華泰】400g,日系,大,容量,消臭珠,全四種,香味,美華泰,400g
依必朗消臭劑 (冰箱/鞋櫃/驅蚊)【美華泰】,依必朗,消臭劑,冰箱,鞋櫃,驅蚊,美華泰
EMO吊掛式集水除濕劑(竹炭/芳香除蟲)【美華泰】500ml,EMO,吊掛式,集水,除濕劑,竹炭,芳香,除蟲,美華泰,500ml
花仙子香氛凍(水蜜桃/薰衣草/檸檬)【美華泰】,花仙子,香氛凍,水蜜桃,薰衣草,檸檬,美華泰
毛寶除蹣抗菌冷洗精補充包【美華泰】800g,毛寶,除蹣,抗菌,冷洗精,補充,包,美華泰,800g
毛寶洗衣精補充包 (除璊抗菌/天然植物)【美華泰】2000g,毛寶,洗衣精,補充,包,除璊,抗菌,天然,植物,美華泰,2000g
毛寶小蘇打廚房清潔劑【美華泰】500g,毛寶,小蘇打,廚房,清潔劑,美華泰,500g
ZA 油光BYE2清透粧前乳【美華泰】,ZA,油光,BYE2,清透,粧前乳,美華泰
森田藥粧活炭粉刺拔除黑膜【美華泰】60g,森田藥粧,活炭,粉刺,拔除,黑膜,美華泰,60g
露得清深層卸妝油(淨化保濕/淨透)【美華泰】200g,露得清,深層,卸妝油,淨化,保濕,淨透,美華泰,200g
HARIBO小熊軟糖兒童牙刷(全四色)【美華泰】13cm,HARIBO,小熊,軟糖,兒童,牙刷,全四色,美華泰,13cm
乾濕兩用葫蘆海棉粉撲【美華泰】2入,乾濕,兩用,葫蘆,海棉,粉撲,美華泰,2,入
妮維雅保濕深層眼部卸妝液【美華泰】125ml,妮維雅,保濕,深層,眼部,卸妝液,美華泰,125ml
3M Nexcare新抗痘美白洗面乳【美華泰】,3MNexcare,新,抗痘,美白,洗面乳,美華泰
多芬洗面乳(全三款任選)【美華泰】 130g,多芬,洗面乳,全三款,任選,美華泰,130g
BIONEO百妮魚子蜂萃完美緊緻精華【美華泰】50ml,BIONEO,百妮,魚子,蜂萃,完美,緊緻,精華,美華泰,50ml
NAF36H超防水旋轉眼線膠筆(極黑/深棕)【美華泰】0.3g,NAF36H,超,防水,旋轉,眼線,膠筆,極黑,深棕,美華泰,0.3,g
KATE 凱婷潤彩立體唇蜜(全六色任選)【美華泰】,KATE,凱婷,潤彩,立體,唇蜜,全六色,任選,美華泰
KATE 凱婷奢光燦魅眼影盒(全六色任選)【美華泰】,KATE,凱婷,奢,光燦,魅眼,影盒,全六色,任選,美華泰
L'EGERE水透亮CC霜雙效遮瑕組【美華泰】40g+2.5g,L,EGERE,水,透亮,CC霜,雙效,遮瑕組,美華泰,40g,2.5,g
L'EGERE 水透亮CC霜【美華泰】45g,L,EGERE,水,透亮,CC霜,美華泰,45g
HM旋轉口紅筆 (共三色任選)【美華泰】,HM,旋轉,口紅筆,共三色,任選,美華泰
MAYBELINE媚比琳挺濃翹U型防水睫毛膏【美華泰】,MAYBELINE,媚比琳,挺,濃翹,U,型,防水,睫毛膏,美華泰
YM雅詩黛美去光水【美華泰】120ml,YM,雅詩,黛美去,光水,美華泰,120ml
MEKO保濕玫瑰去光水【美華泰】120ml,MEKO,保濕,玫瑰,去,光水,美華泰,120ml
Lumina超捲翹睫毛夾【美華泰】,Lumina,超,捲翹,睫毛,夾,美華泰
婦潔矢車菊除毛貼片-粗毛根專用 【美華泰】,婦潔,矢車,菊,除毛貼片,粗,毛根,專用,美華泰
雪曼妮抗菌防霉壓縮敷面罩 【美華泰】24入,雪曼妮,抗菌,防霉,壓縮,敷,面罩,美華泰,24,入
絲花潤澤化妝棉【美華泰】,絲花,潤澤,化妝棉,美華泰
媚比琳超激細24HR抗暈眼線液抗手震版(黑色/棕色)【美華泰】0.01mm,媚比琳,超,激細,24HR,抗暈,眼線液,抗,手震,版,黑色,棕色,美華泰,0.01,mm
康乃馨香草花園護墊(三種香味)2入裝【美華泰】15cm,康乃馨,香草,花園,護墊,三種,香味,2,入裝,美華泰,15cm
蘇菲清爽淨肌夜用40cm 【美華泰】8片,蘇菲,清爽,淨肌夜,用,40cm,美華泰,8,片
樂扣樂扣合家歡PP水壺-藍色【美華泰】1.5L,樂扣樂,扣合,家歡,PP,水壺,藍色,美華泰,1.5,L
PERFECT日式316真空保溫杯【美華泰】700cc,PERFECT,日式,316,真空,保溫杯,美華泰,700cc
五月花極柔袖珍包面紙10抽【美華泰】36入,五月花,極柔,袖珍,包,面紙,10,抽,美華泰,36,入
上山採藥洗髮精(豐盈絲柔/護色) 【美華泰】全二款,上山採藥,洗髮精,豐盈,絲柔,護色,美華泰,全二款
舒酸定速效抗敏牙膏【美華泰】120g,舒酸定,速效,抗敏,牙膏,美華泰,120g
上山採藥沐浴精(嫩白/潤澤)二種香味【美華泰】,上山採藥,沐浴精,嫩白,潤澤,二種,香味,美華泰
UNO新淨洗顏【美華泰】130g,UNO,新淨,洗顏,美華泰,130g
牙周適牙齦護理牙膏溫和美白【美華泰】90g,牙周,適,牙齦,護理,牙膏,溫和,美白,美華泰,90g
UNO溫感洗顏凝膠【美華泰】130g,UNO,溫感,洗顏,凝膠,美華泰,130g
GATSBY造型髮雕霜【美華泰】60g,GATSBY,造型,髮雕霜,美華泰,60g
GATSBY強粘造型慕絲【美華泰】65ml,GATSBY,強粘,造型,慕絲,美華泰,65ml
GATSBY霧感定型噴霧(小)【美華泰】65ml,GATSBY,霧感,定型,噴霧,小,美華泰,65ml
GATSBY塑型噴霧(小)【美華泰】45g,GATSBY,塑型,噴霧,小,美華泰,45g
GATSBY強粘造型噴霧【美華泰】45g,GATSBY,強粘,造型,噴霧,美華泰,45g
吉列proglide無感刮鬍刀【美華泰】電動電池,吉列,proglide,無感,刮鬍刀,美華泰,電動,電池
吉列proglide無感刮鬍刀【美華泰】,吉列,proglide,無感,刮鬍刀,美華泰
吉列鋒護潤滑系列刮鬍刀【美華泰】,吉列鋒護,潤滑,系列,刮鬍刀,美華泰
吉列鋒護冰爽系列刮鬍刀【美華泰】,吉列鋒護,冰爽,系列,刮鬍刀,美華泰
吉列鋒速3突破刮鬍刀【美華泰】,吉列鋒速,3,突破,刮鬍刀,美華泰
舒適超捍輕便刀2+1入裝【美華泰】,舒適,超,捍,輕便刀,2,1,入裝,美華泰
舒適防滑輕便刀一般款【美華泰】6入,舒適,防滑,輕便刀,一般,款,美華泰,6,入
吉列長柄潤滑輕便刀【美華泰】6入,吉列,長柄,潤滑,輕便刀,美華泰,6,入
吉利長柄雙層輕便刀【美華泰】2入,吉利,長柄,雙層,輕便刀,美華泰,2,入
舒適超鋒3輕便刀2+1入裝【美華泰】,舒適,超鋒,3,輕便刀,2,1,入裝,美華泰
舒適雙層潤滑刀支【美華泰】,舒適,雙層,潤滑,刀支,美華泰
舒適創4紀4刀片刮鬍刀支【美華泰】,舒適,創,4,紀,4,刀片,刮鬍刀,支,美華泰
吉列鋒速3 瘋狂刮鬍刀架【美華泰】,吉列鋒速,3,瘋狂,刮鬍刀,架,美華泰
舒適悍將3刀支【美華泰】,舒適,悍將,3,刀支,美華泰
舒適鈦型男刀支(2刀片)【美華泰】,舒適,鈦,型男,刀支,2,刀片,美華泰
吉列Fusion鋒隱瘋狂刀架【美華泰】,吉列,Fusion,鋒隱,瘋狂,刀架,美華泰
舒妃活力髮雕液【美華泰】220ml,舒妃,活力,髮雕液,美華泰,220ml
舒妃活氧力子雕(葉綠素/淡雅)【美華泰】200g,舒妃,活氧,力子,雕,葉綠素,淡雅,美華泰,200g
逸萱秀(去毛燥/強韌防斷裂)護髮膜 【美華泰】200g,逸萱秀,去,毛燥,強韌,防,斷裂,護髮膜,美華泰,200g
Essential逸萱秀修護系列亮澤(去毛燥/強韌防斷裂)【美華泰】180g,Essential,逸萱秀,修護,系列,亮澤,去,毛燥,強韌,防,斷裂,美華泰,180g
Za MEN高效抗油光保濕凝膠【美華泰】50g,ZaMEN,高效,抗,油光,保濕,凝膠,美華泰,50g
ZA Man高效抗倦容保濕凝膠【美華泰】50g,ZAMan,高效,抗,倦容,保濕,凝膠,美華泰,50g
妮維雅男士水活保濕精華乳液【美華泰】50ml,妮維雅,男士,水活,保濕,精華,乳液,美華泰,50ml
ZA Man高效抗乾澀保濕凝膠【美華泰】50g,ZAMan,高效,抗,乾澀,保濕,凝膠,美華泰,50g
妮維雅男性活力保濕乳液【美華泰】75ml,妮維雅,男性,活力,保濕,乳液,美華泰,75ml
妮維雅男士全效潤膚霜【美華泰】75ml,妮維雅,男士,全效,潤膚霜,美華泰,75ml
妮維雅男士潔面乳(控油 / 亮白 / 保溼)【美華泰】150ml,妮維雅,男士,潔面乳,控油,亮白,保溼,美華泰,150ml
妮維雅男士潔面泥(控油淨涼/亮白控油)【美華泰】100g,妮維雅,男士,潔面泥,控油,淨涼,亮白,控油,美華泰,100g
UNO強硬作風定型膠【美華泰】180g,UNO,強硬,作風,定型膠,美華泰,180g
UNO 完效男人保濕凍【美華泰】90g,UNO,完效,男人,保濕凍,美華泰,90g
UNO 俐落至上機能水 (保濕/ 敏感 / 控油)【美華泰】160ml,UNO,俐落,至上,機能水,保濕,敏感,控油,美華泰,160ml
UNO勁速潔顏慕斯【美華泰】150ml,UNO,勁速,潔顏,慕斯,美華泰,150ml
UNO強硬作風定型慕斯【美華泰】180g,UNO,強硬,作風,定型,慕斯,美華泰,180g
UNO 隨意塑型霧【美華泰】100ml,UNO,隨意,塑型,霧,美華泰,100ml
巧趣多KT牛奶糖【美華泰】35g,巧趣多,KT,牛奶糖,美華泰,35g
義美知心軟糖(全四種口味)【美華泰】,義美,知心,軟糖,全四種,口味,美華泰
巧趣多KT黑巧克力【美華泰】30g,巧趣多,KT,黑,巧克力,美華泰,30g
巧趣多KT牛奶糖【美華泰】,巧趣多,KT,牛奶糖,美華泰
巧趣多KT黑巧克力【美華泰】40g,巧趣多,KT,黑,巧克力,美華泰,40g
巧趣多KT黑巧克力(粉/藍) 【美華泰】30g,巧趣多,KT,黑,巧克力,粉,藍,美華泰,30g
珍珍魷魚絲系列【美華泰】,珍珍,魷魚絲,系列,美華泰
巧趣多KT黑巧克力(莓紅/藍色)【美華泰】30g,巧趣多,KT,黑,巧克力,莓紅,藍色,美華泰,30g
Essential逸萱秀修護系列美型抗蓬亂(洗髮/潤髮乳)【美華泰】750ml,Essential,逸萱秀,修護,系列,美型,抗,蓬亂,洗髮,潤髮乳,美華泰,750ml
手摘果物(全六種口味)【美華泰】,手摘果物,全六種,口味,美華泰
Essential逸萱秀修護系列亮澤去毛躁(洗髮乳/潤髮乳)750ml,Essential,逸萱秀,修護,系列,亮澤,去,毛躁,洗髮乳,潤髮乳,750ml
Essential逸萱秀修護系列潔淨不乾澀(洗髮/潤髮乳)【美華泰】750ml,Essential,逸萱秀,修護,系列,潔淨,不,乾澀,洗髮,潤髮乳,美華泰,750ml
Essential逸萱秀修護系列強韌防斷裂(洗髮/潤髮乳)【美華泰】750ml,Essential,逸萱秀,修護,系列,強韌,防,斷裂,洗髮,潤髮乳,美華泰,750ml
Essential逸萱秀修護系列絲滑不扁塌(洗髮精/潤髮乳)【美華泰】750ml,Essential,逸萱秀,修護,系列,絲滑,不,扁塌,洗髮精,潤髮乳,美華泰,750ml
VS 沙宣細圓捲髮梳【美華泰】大支,VS,沙宣,細圓,捲髮梳,美華泰,大支
VS 沙宣立體通風髮梳【美華泰】,VS,沙宣,立體,通風,髮梳,美華泰
VS 沙宣萬用造型髮梳【美華泰】,VS,沙宣,萬用,造型,髮梳,美華泰
VS 沙宣軟膠墊髮梳【美華泰】,VS,沙宣,軟膠,墊,髮梳,美華泰
VS 沙宣纖巧軟墊髮梳【美華泰】,VS,沙宣,纖巧,軟墊,髮梳,美華泰
VS 沙宣圓捲髮梳【美華泰】小支,VS,沙宣,圓,捲髮梳,美華泰,小支
三洋負離子吹風機【美華泰】HD-309N,三洋,負離子,吹風機,美華泰,HD,309N
巧思美髮造型組【美華泰】,巧思,美髮,造型組,美華泰
神奇魔髮T型炫風罩【美華泰】,神奇,魔,髮,T,型,炫風罩,美華泰
悠貝莉陶瓷護髮捲髮棒【美華泰】大 25mm,悠貝莉,陶瓷,護髮,捲髮棒,美華泰,大,25mm
寶貝芭詩紅寶石離子夾【美華泰】,寶貝,芭詩,紅寶石,離子夾,美華泰
Easy Life蘆薈超柔嬰兒柔濕巾【美華泰】80張,EasyLife,蘆薈,超柔,嬰兒,柔濕巾,美華泰,80,張
EasyLife嬰兒柔濕巾80+20抽(加量包)【美華泰】清倉即期品,EasyLife,嬰兒,柔濕巾,80,20,抽,加量,包,美華泰,清倉,即期品
ACE營養餅(六種口味)【美華泰】200g,ACE,營養,餅,六種,口味,美華泰,200g
良澔片烤海苔(共二種口味)【美華泰】36g,良澔,片,烤,海苔,共二種,口味,美華泰,36g
良澔海苔(全三種口味)【美華泰】35g,良澔,海苔,全三種,口味,美華泰,35g
77蜜蘭諾醇黑千層【美華泰】128g,77,蜜蘭諾,醇,黑千層,美華泰,128g
77蜜蘭諾楓糖葡萄【美華泰】128g,77,蜜蘭諾,楓糖,葡萄,美華泰,128g
比薩莉餅乾 (共三種口味)【美華泰】200g,比薩,莉,餅乾,共三種,口味,美華泰,200g
薯片先生(六種口味)【美華泰】160g,薯片,先生,六種,口味,美華泰,160g
77蜜蘭諾鬆塔【美華泰】128g,77,蜜蘭諾,鬆塔,美華泰,128g
77新貴派(花生)【美華泰】144g,77,新貴派,花生,美華泰,144g
樂天田園巧克力軟糖 (柑橘/蘋果)【美華泰】48g,樂天,田園,巧克力,軟糖,柑橘,蘋果,美華泰,48g
德芙巧克力 (共四款)【美華泰】43g,德芙,巧克力,共四款,美華泰,43g
安迪士精裝巧克力【美華泰】236g,安迪士,精裝,巧克力,美華泰,236g
森永-黑糖牛奶糖(袋)【美華泰】110g,森永,黑糖,牛奶糖,袋,美華泰,110g
安迪士雙薄荷巧克力【美華泰】132g,安迪士,雙,薄荷,巧克力,美華泰,132g
森永嗨啾軟糖-綜合水果 【美華泰】130g,森永,嗨啾,軟糖,綜合,水果,美華泰,130g
森永牛奶糖-原味(袋)【美華泰】130g,森永,牛奶糖,原味,袋,美華泰,130g
冬之戀字母黑巧克力【美華泰】170g,冬之戀,字母,黑,巧克力,美華泰,170g
meiji明治草莓洋洋棒杯【美華泰】50g,meiji,明治,草莓,洋洋,棒杯,美華泰,50g
馬湛kitty草莓巧克力(黑巧克力/白巧克力)3入【美華泰】12g,馬湛,kitty,草莓,巧克力,黑,巧克力,白,巧克力,3,入,美華泰,12g
77巧菲斯(牛奶)【美華泰】190g,77,巧菲斯,牛奶,美華泰,190g
77新貴派-白巧克力(花生)【美華泰】160g,77,新貴派,白,巧克力,花生,美華泰,160g
樂天小熊餅(巧克力口味)【美華泰】37g,樂天,小熊,餅,巧克力,口味,美華泰,37g
曼秀雷敦維潤唇凍膏(共三款)【美華泰】8g,曼秀雷敦,維,潤唇,凍膏,共三款,美華泰,8g
可瑞絲珂夢洗髮精 (快乾柔順/豐盈彈動)【美華泰】180ml,可瑞絲,珂夢,洗髮精,快乾,柔順,豐盈,彈動,美華泰,180ml
白鴿天然酵素洗衣精(全二款)【美華泰】1500g,白鴿,天然,酵素,洗衣精,全二款,美華泰,1500g
3M隨手黏居家用補充包【美華泰】2入,3M,隨手黏,居家,用,補充,包,美華泰,2,入
3M隨手黏毛絮粘把【美華泰】,3M,隨手黏,毛絮,粘,把,美華泰
優品洗衣槽去污防霉劑【美華泰】150gx4入,優品,洗衣槽,去污防霉劑,美華泰,150gx4,入
奈米樂超濃縮洗衣精-促銷組(附洗藍寶洗衣槽)【美華泰】500g,奈米樂,超,濃縮,洗衣精,促銷,組,附洗,藍寶,洗衣槽,美華泰,500g
室飄香香茅油家庭號【美華泰】550ml,室飄香,香茅油,家庭號,美華泰,550ml
EMO芳香劑 (驅蚊/驅蟑)【美華泰】,EMO,芳香劑,驅蚊,驅,蟑,美華泰
日本CB特大消臭珠珠(共四款)【美華泰】,日本,CB,特大,消臭珠,珠,共四款,美華泰
日系大容量消臭珠補充包(共四款)【美華泰】400g,日系,大,容量,消臭珠,補充,包,共四款,美華泰,400g
諾淨低敏濃縮洗衣精(一般/ 護色)【美華泰】750ml,諾淨,低敏,濃縮,洗衣精,一般,護色,美華泰,750ml
麗奇潔牙線(含腊/薄荷)【美華泰】3入,麗奇,潔牙線,含腊,薄荷,美華泰,3,入
Protis普麗斯高效牙齒美白貼片-7天份【美華泰】,Protis,普麗斯,高效,牙齒,美白,貼片,7,天份,美華泰
Protis普麗斯高效牙齒美白貼片 - 3天【美華泰】,Protis,普麗斯,高效,牙齒,美白,貼片,3,天,美華泰
GREEN DAY牙線棒【美華泰】800支,GREENDAY,牙線,棒,美華泰,800,支
舒酸定強化琺瑯質牙膏-清涼薄荷【美華泰】110g,舒酸定,強化,琺瑯質,牙膏,清涼,薄荷,美華泰,110g
KINCHO貼式暖暖包(生薑香/艾草香)【美華泰】,KINCHO,貼式,暖暖包,生薑,香,艾草,香,美華泰
Solone異想追逐潤色腮紅(共三色)【美華泰】,Solone,異想,追逐,潤色,腮紅,共三色,美華泰
Solone 24小時持久美型旋轉眉筆 (共三色)【美華泰】,Solone,24,小時,持久,美型,旋轉,眉筆,共三色,美華泰
媚比琳極深V小顏雙效修修筆 (全三色)【美華泰】,媚比琳極,深V,小顏,雙效,修修,筆,全三色,美華泰
HM驚豔流暢眼線液-黑色【美華泰】,HM,驚豔,流暢,眼線液,黑色,美華泰
雪芙蘭倍潤肌乳液(共三款)【美華泰】300ml,雪芙蘭,倍潤肌,乳液,共三款,美華泰,300ml
肌研極潤金緻特濃保濕(精華水/精華乳)【美華泰】170ml,肌研,極潤,金,緻,特,濃,保濕,精華水,精華乳,美華泰,170ml
森田藥粧馬油Q10修護護手霜【美華泰】70ml,森田藥粧,馬油,Q10,修護,護手霜,美華泰,70ml
葛妮絲甘菊護手霜(無香味/淡雅清香)【美華泰】50ml,葛妮絲,甘菊,護手霜,無,香味,淡雅,清香,美華泰,50ml
Deary 水感手足霜 (全三款)【美華泰】50ml,Deary,水感,手足,霜,全三款,美華泰,50ml
GoGoQueen眉來眼趣雙效眼線膠筆(全三色)【美華泰】3g,GoGoQueen,眉來,眼趣,雙效,眼線,膠筆,全三色,美華泰,3g
絲花化妝棉2B【美華泰】,絲花,化妝棉,2B,美華泰
曼秀雷敦Misstiara淡彩果凍潤唇蜜(全三款)【美華泰】,曼秀雷敦,Misstiara,淡彩,果凍,潤,唇蜜,全三款,美華泰
080沐浴乳(全三款)【美華泰】850ml,080,沐浴乳,全三款,美華泰,850ml
牙周適護理牙膏-清新薄荷【美華泰】,牙周,適,護理,牙膏,清新,薄荷,美華泰
高露潔纖柔三尖端牙刷【美華泰】,高露潔,纖柔,三,尖端,牙刷,美華泰
黑人亮白含氟牙膏【美華泰】160g,黑人,亮白,含氟,牙膏,美華泰,160g
媚比琳一拭即淨深層保濕卸妝水【美華泰】400ml,媚比琳,一拭,即淨,深層,保濕,卸妝水,美華泰,400ml
1028 pH7.5深層清潔眼唇卸妝液【美華泰】85ml,1028pH7,5,深層,清潔,眼唇,卸妝液,美華泰,85ml
Biore深層卸粧油【美華泰】150ml,Biore,深層,卸粧油,美華泰,150ml
台塑-抗菌淨味潔手乳【美華泰】300g,台塑,抗菌,淨味潔,手乳,美華泰,300g
橘子工坊浴廁清潔劑【美華泰】480ml,橘子工坊,浴廁,清潔劑,美華泰,480ml
橘子工坊廚房清潔劑-金橘【美華泰】480ml,橘子工坊,廚房,清潔劑,金橘,美華泰,480ml
植淨美草本濃縮洗衣精馬鞭草香味【美華泰】2250ml,植淨美,草本,濃縮,洗衣精,馬鞭草,香味,美華泰,2250ml
植淨美草本兩倍超濃縮洗衣精萊姆柑橘香氛【美華泰】800ml,植淨美,草本,兩倍,超,濃縮,洗衣精,萊姆,柑橘,香氛,美華泰,800ml
浴室魔術靈除霉漂潔噴槍瓶【美華泰】500ml,浴室,魔術靈,除霉,漂潔,噴槍,瓶,美華泰,500ml
浴室魔術靈除霉漂潔更替瓶【美華泰】500ml,浴室,魔術靈,除霉,漂潔,更替,瓶,美華泰,500ml
尼龍刷毛褲襪【美華泰】(九分/踩腳/連身),尼龍,刷毛,褲襪,美華泰,九分,踩,腳,連身
180丹天鵝絨翹臀全足褲襪【美華泰】(全三色),180,丹,天鵝絨,翹臀,全足,褲襪,美華泰,全三色
120丹天鵝絨(九分/全足)褲襪【美華泰】(全三色),120,丹,天鵝絨,九分,全足,褲襪,美華泰,全三色
絲薇工坊(九分/十分)刷毛褲襪 【美華泰】,絲薇,工坊,九分,十分,刷毛,褲襪,美華泰
赫蕾絲180丹保健襪【美華泰】一般長度黑色,赫,蕾絲,180,丹,保健,襪,美華泰,一般,長度,黑色
赫蕾絲140丹保健襪【美華泰】一般尺寸黑色,赫,蕾絲,140,丹,保健,襪,美華泰,一般,尺寸,黑色
240丹健康毛褲襪 【美華泰】一般尺寸黑色,240,丹,健康,毛,褲襪,美華泰,一般,尺寸,黑色
赫蕾絲保健襪120丹【美華泰】一般長度,赫,蕾絲,保健,襪,120,丹,美華泰,一般,長度
嘉莉詩超細天鵝絨內搭褲(120丹/150丹/180丹)【美華泰】黑色,嘉莉,詩超細,天鵝絨,內搭褲,120,丹,150,丹,180,丹,美華泰,黑色
防潑水全彈褲襪 -加大尺寸【美華泰】L~XXL,防,潑水,全彈,褲襪,加大,尺寸,美華泰,L,XXL
OP 天然茶酚廚房清潔劑【美華泰】500ml,OP,天然,茶酚,廚房,清潔劑,美華泰,500ml
防潑水全彈褲襪 -一般尺寸【美華泰】S~L,防,潑水,全彈,褲襪,一般,尺寸,美華泰,S,L
OP 天然茶酚浴廁清潔劑【美華泰】500ml,OP,天然,茶酚,浴廁,清潔劑,美華泰,500ml
OP 天然茶酚衣物去漬劑【美華泰】450g,OP,天然,茶酚,衣物,去漬劑,美華泰,450g
韓國MKH無窮花襪子衣領去汙皂【美華泰】150g,韓國,MKH,無窮,花,襪子,衣領,去汙,皂,美華泰,150g
韓國MKH無窮花女性貼身衣物去汙皂【美華泰】150g,韓國,MKH,無窮,花,女性,貼身,衣物,去汙,皂,美華泰,150g
韓國MKH無窮花抹布去油汙家事皂【美華泰】150g,韓國,MKH,無窮,花,抹布,去,油汙,家事,皂,美華泰,150g
潔而亮特強去污液廚房/浴室專用(清香芬芳/清新檸檬)【美華泰】500ml,潔而亮,特強,去污液,廚房,浴室,專用,清香,芬芳,清新,檸檬,美華泰,500ml
EMO芳香消臭噴霧罐(全三種香味)【美華泰】220ml,EMO,芳香,消臭,噴霧罐,全三種,香味,美華泰,220ml
衣桔棒橘子精油還原素去汙膏【美華泰】180g,衣桔,棒,橘子,精油,還原素,去汙,膏,美華泰,180g
浴廁魔術靈日本原裝去霉劑噴槍瓶【美華泰】400ml,浴廁,魔術靈,日本,原裝,去霉劑,噴槍,瓶,美華泰,400ml
浴廁魔術靈日本原裝除霉劑(更替瓶)【美華泰】400ml,浴廁,魔術靈,日本,原裝,除霉劑,更替,瓶,美華泰,400ml
碧麗珠傢俱護理噴蠟(檸檬/百花)【美華泰】330ml,碧麗,珠,傢俱,護理,噴蠟,檸檬,百花,美華泰,330ml
百齡潔克牙粉【美華泰】130g,百齡,潔克牙粉,美華泰,130g
花漾美姬零阻力【美華泰】 (全二色) 0.1mm,花漾,美姬,零,阻力,美華泰,全二色,0.1,mm
DOMESTOS日本多霸道廚房居家除菌清潔劑【美華泰】500ml,DOMESTOS,日本,多,霸道,廚房,居家,除菌,清潔劑,美華泰,500ml
KISS ME 花漾美姬閃耀淚眼深邃眼線筆【美華泰】漆黑色 2mm,KISSME,花漾,美姬,閃耀,淚眼,深邃,眼線筆,美華泰,漆,黑色,2mm
KISS ME Heavy Rotation眉彩膠筆(全2色)【美華泰】0.1g,KISSMEHeavyRotation,眉彩,膠筆,全,2,色,美華泰,0.1,g
Kiss Me Heavy Rotation炫彩2way眼線& 眼影筆(全2色)【美華泰】0.7g,KissMeHeavyRotation,炫彩,2way,眼線,眼影筆,全,2,色,美華泰,0.7,g
Kiss Me Heavy Rotation超持色眉彩筆(全2色)【美華泰】0.2g,KissMeHeavyRotation,超持色,眉彩筆,全,2,色,美華泰,0.2,g
專科日台人氣限量組(洗顏乳/化粧水)【美華泰】120g /200ml,專科,日台,人氣,限量組,洗顏乳,化粧水,美華泰,120g,200ml
樂天Ghana巧克力泡芙【美華泰】42g,樂天,Ghana,巧克力,泡芙,美華泰,42g
77歐維氏榛果巧克力(袋)【美華泰】120g,77,歐維氏,榛果,巧克力,袋,美華泰,120g
鹽事業家庭食用鹽【美華泰】800g,鹽,事業,家庭,食用,鹽,美華泰,800g
77松露巧克力球【美華泰】100g,77,松露,巧克力球,美華泰,100g
泡舒天然洗潔精瓶裝(綠茶/檸檬)【美華泰】1000g,泡舒,天然,洗潔精,瓶裝,綠茶,檸檬,美華泰,1000g
毛寶兔超酵素植物性奶瓶蔬果洗滌液【美華泰】350g,毛寶,兔超,酵素,植物性,奶瓶,蔬果,洗滌液,美華泰,350g
毛寶電鍋專用清潔劑【美華泰】200ml,毛寶,電鍋,專用,清潔劑,美華泰,200ml
77迷你乳加巧克力(袋)【美華泰】144g,77,迷你,乳加,巧克力,袋,美華泰,144g
毛寶小蘇打洗碗精-無香精【美華泰】1000g,毛寶,小蘇打,洗碗精,無,香精,美華泰,1000g
熱水瓶洗淨劑 25g x3入【美華泰】,熱水瓶,洗淨劑,25gx3,入,美華泰
舒摩兒貼心隨身組(三件組合)【美華泰】,舒摩兒,貼心,隨身,組,三件,組合,美華泰
婦潔私密精油沐浴露(舒緩淨護)【美華泰】180ml,婦潔,私密,精油,沐浴露,舒緩,淨護,美華泰,180ml
必達淨私密潔浴露【美華泰】300ml,必達淨,私密,潔浴露,美華泰,300ml
TS6護一生潔淨慕斯【美華泰】400g,TS6,護,一生,潔淨,慕斯,美華泰,400g
我的心機黑頭終結-鼻頭淨化泡泡洗顏泥【美華泰】28g,我的心機,黑頭,終結,鼻頭,淨化,泡泡,洗顏泥,美華泰,28g
我的心機黑頭終結-深層清潔卸妝水【美華泰】300ml,我的心機,黑頭,終結,深層,清潔,卸妝水,美華泰,300ml
我的心機黑頭終結-毛孔緊緻收斂水【美華泰】120ml,我的心機,黑頭,終結,毛孔,緊緻,收斂,水,美華泰,120ml
樟腦丸 375g/ 彩色丸300g 【美華泰】,樟腦丸,375g,彩色,丸,300g,美華泰
草本精華西柚薄荷活力豐盈(洗髮露/潤髮乳)【美華泰】355ml 買一送一,草本,精華,西柚,薄荷,活力,豐盈,洗髮露,潤髮乳,美華泰,355ml,買一送一
草本精華白茶薄荷光澤柔亮洗髮乳【美華泰】355 ml 買一送一,草本,精華,白茶,薄荷,光澤,柔亮,洗髮乳,美華泰,355ml,買一送一
草本精華迷迭香薄荷水潤舒然(洗髮露/潤髮乳)【美華泰】335ml 買一送一,草本,精華,迷迭香,薄荷,水潤,舒然,洗髮露,潤髮乳,美華泰,335ml,買一送一
舒潔寵愛系列旅行包【美華泰】10抽x28包,舒潔,寵愛,系列,旅行包,美華泰,10,抽,x28,包
羅蜜歐毛球修剪器 (充電/插電)【美華泰】顏色隨機出貨,羅蜜歐,毛球,修剪器,充電,插電,美華泰,顏色,隨機,出貨
古寶無患子活膚晶(共三款)【美華泰】100g,古寶,無患子,活膚晶,共三款,美華泰,100g
雪芙蘭美肌SPA沐浴乳(共三款)【美華泰】1000g,雪芙蘭,美肌,SPA,沐浴乳,共三款,美華泰,1000g
韓國Lilian衛生棉 ( 共三款尺寸) 【美華泰】,韓國,Lilian,衛生棉,共三款,尺寸,美華泰
雪芙蘭美肌SPA沐浴乳補充包(共三款)【美華泰】700g,雪芙蘭,美肌,SPA,沐浴乳,補充,包,共三款,美華泰,700g
愛戀膜法洗卸慕斯水嫩淨肌【美華泰】150ml,愛戀膜法,洗卸,慕斯,水嫩淨,肌,美華泰,150ml
森田藥粧卸妝露  (保溼/ 深層) 【美華泰】150ml,森田藥粧,卸妝露,保溼,深層,美華泰,150ml
黑人白綠雙星美白牙膏【美華泰】160g,黑人,白綠,雙星,美白,牙膏,美華泰,160g
泰國蘆薈粉刺膠【美華泰】22g,泰國,蘆薈,粉刺,膠,美華泰,22g
SANA 豆乳緊緻潤澤化妝水 【美華泰】200ml,SANA,豆乳,緊緻,潤澤,化妝水,美華泰,200ml
SANA 豆乳緊緻潤澤乳液【美華泰】150ml,SANA,豆乳,緊緻,潤澤,乳液,美華泰,150ml
SANA 豆乳美肌多效活膚保濕液【美華泰】230ml,SANA,豆乳,美肌,多效,活膚,保濕液,美華泰,230ml
SANA 豆乳美肌即淨保濕卸妝水【美華泰】200ml,SANA,豆乳,美肌,即淨,保濕,卸妝水,美華泰,200ml
SANA 豆乳美肌緊緻潤澤洗面乳【美華泰】150g,SANA,豆乳,美肌,緊緻,潤澤,洗面乳,美華泰,150g
SANA 豆乳美肌超保濕洗面乳【美華泰】150g,SANA,豆乳,美肌,超,保濕,洗面乳,美華泰,150g
Biore 零油感舒柔卸粧水【美華泰】300ml,Biore,零油,感舒柔,卸粧,水,美華泰,300ml
SANA 莎娜豆乳美肌洗面乳【美華泰】150g,SANA,莎娜,豆乳,美肌,洗面乳,美華泰,150g
SANA 莎娜豆乳美肌緊緻潤澤眼霜【美華泰】25g,SANA,莎娜,豆乳,美肌,緊緻,潤澤,眼霜,美華泰,25g
Biore高效活性眼唇卸粧液【美華泰】130ml,Biore,高效,活性,眼唇,卸粧液,美華泰,130ml
Biore 輕感卸粧精華蜜【美華泰】170g,Biore,輕感,卸粧,精華,蜜,美華泰,170g
Bior'e多效眼唇卸粧水乳液【美華泰】180ml,Bior,e,多效,眼唇,卸粧,水,乳液,美華泰,180ml
Kiss Me Heavy Rotation眉彩膏N (全七色)【美華泰】8g,KissMeHeavyRotation,眉彩膏,N,全,七色,美華泰,8g
Kiss Me 新超激濃密防水睫毛膏【美華泰】6g,KissMe,新,超激,濃密,防水,睫毛膏,美華泰,6g
KISS ME 花漾美姬璀璨淚眼防水眼線液EX 【美華泰】2.5g,KISSME,花漾,美姬,璀璨,淚眼,防水,眼線液,EX,美華泰,2.5,g
Kiss Me 睫毛膏卸除液【美華泰】6ml,KissMe,睫毛膏,卸除液,美華泰,6ml
Kiss Me Heavy Rotation眉彩餅 (全三色)【美華泰】3.5g,KissMeHeavyRotation,眉彩餅,全三色,美華泰,3.5,g
Kiss me花漾美姬唯美極細眉筆 (全三色)【美華泰】,Kissme,花漾,美姬,唯美,極細,眉筆,全三色,美華泰
Kiss Me 花漾美姬明眸亮采蜜【美華泰】12g,KissMe,花漾,美姬,明眸,亮采,蜜,美華泰,12g
Kiss Me花漾美姬睫毛美容液【美華泰】7ml,KissMe,花漾,美姬,睫毛,美容液,美華泰,7ml
Kiss Me 華爾茲淚眼防水眼線液筆【美華泰】漆黑色,KissMe,華爾茲,淚眼,防水,眼線液,筆,美華泰,漆,黑色
專科完美多效晚安水凝霜【美華泰】90G,專科,完美,多效,晚安,水凝霜,美華泰,90G
專科完美多效早安水凝霜SPF 50 PA++++【美華泰】90g,專科,完美,多效,早安,水凝霜,SPF50PA,++++,美華泰,90g
專科精油身體乳 (全3款) 【美華泰】200ml,專科,精油,身體乳,全,3,款,美華泰,200ml
KISS ME 花漾美姬極自然持久兩用眉粉筆(全二色)【美華泰】,KISSME,花漾,美姬,極,自然,持久,兩用,眉粉,筆,全二色,美華泰
KISS ME花漾美姬瞬翹自然捲纖長防水睫毛【美華泰】6g,KISSME,花漾,美姬,瞬翹,自然,捲,纖長,防水,睫毛,美華泰,6g
KISS ME 花漾美姬瞬翹自然捲濃密防水睫毛【美華泰】6g,KISSME,花漾,美姬,瞬翹,自然,捲,濃密,防水,睫毛,美華泰,6g
妮維雅果漾潤彩蜜唇膏(全三款)【美華泰】2.4g,妮維雅,果漾,潤彩,蜜,唇膏,全三款,美華泰,2.4,g
妮維雅潤彩護唇膏甜美粉紅-甜美粉紅【美華泰】2.4g,妮維雅,潤彩,護唇膏,甜美,粉紅,甜美,粉紅,美華泰,2.4,g
妮維雅潤彩雙層護唇膏 (薔薇/玫瑰)【美華泰】5.5ml,妮維雅,潤彩,雙層,護唇膏,薔薇,玫瑰,美華泰,5.5,ml
妮維雅極致保濕護脣膏 SPF 15【美華泰】5.5ml,妮維雅,極致,保濕,護脣膏,SPF15,美華泰,5.5,ml
妮維雅水漾護唇膏12小時保濕【美華泰】5.5ml,妮維雅,水漾,護唇膏,12,小時,保濕,美華泰,5.5,ml
妮維雅果漾潤彩蜜唇膏(三種口味)【美華泰】4.8g,妮維雅,果漾,潤彩,蜜,唇膏,三種,口味,美華泰,4.8,g
妮維雅男士護唇膏【美華泰】4.8g,妮維雅,男士,護唇膏,美華泰,4.8,g
曼秀雷敦LIPICE 潤唇膏 SPF15 (全四款)【美華泰】3.5g,曼秀雷敦,LIPICE,潤唇膏,SPF15,全四款,美華泰,3.5,g
雪芙蘭倍潤肌修護唇膏 (全三款)【美華泰】4g,雪芙蘭,倍潤肌,修護,唇膏,全三款,美華泰,4g
康綺墨麗自萏花洗髮精【美華泰】(受損髮質/油性髮質)500ml,康綺墨麗,自萏,花,洗髮精,美華泰,受損,髮質,油性,髮質,500ml
Liese Sifone絲逸歡超強造型慕絲【美華泰】150g,LieseSifone,絲逸歡,超強,造型,慕絲,美華泰,150g
帕瑪氏全效修護精華油【美華泰】60ml,帕瑪氏,全效,修護,精華油,美華泰,60ml
台塑-非蠟不可塑型蠟【美華泰】100g,台塑,非蠟,不可,塑型,蠟,美華泰,100g
台塑-立正站好立體水【美華泰】250g,台塑,立正,站好,立體水,美華泰,250g
台塑-就是要泥塑型泥【美華泰】80g,台塑,就是,要,泥塑,型,泥,美華泰,80g
瑪宣妮美容精油捲髮乳【美華泰】,瑪宣妮,美容,精油,捲髮乳,美華泰
可瑞絲香氛洗髮系列【美華泰】(洗髮/潤髮)全四款 600ml,可瑞絲,香氛,洗髮,系列,美華泰,洗髮,潤髮,全四款,600ml
es大馬士革玫瑰香水(洗髮精/潤髮乳 )【美華泰】600ml,es,大馬士革,玫瑰,香水,洗髮精,潤髮乳,美華泰,600ml
mish咖啡因健髮強韌洗髮精 【美華泰】300ml,mish,咖啡因,健髮,強韌,洗髮精,美華泰,300ml
Kolin 歌林陶瓷順髮棒【美華泰】,Kolin,歌林,陶瓷,順,髮,棒,美華泰
BEBE POSHE 劃時代聚焦3D立體眉彩筆【美華泰】(全2色),BEBEPOSHE,劃時代,聚焦,3D,立體,眉彩筆,美華泰,全,2,色
MAYBELLINE 媚比琳夢幻奇蹟柔霧水凝粉底【美華泰】(全4色),MAYBELLINE,媚比琳,夢幻,奇蹟,柔霧,水凝,粉底,美華泰,全,4,色
Aiken特效深層修護霜【美華泰】50g,Aiken,特效,深層,修護霜,美華泰,50g
巴黎香芬彈力身體A乳液【美華泰】457ml,巴黎,香芬,彈力,身體,A,乳液,美華泰,457ml
L'EGERE馬油護手霜【美華泰】80g,L,EGERE,馬油,護手霜,美華泰,80g
INTEGRATE 立體光效四色眉粉 【美華泰】(全2色),INTEGRATE,立體,光效,四色,眉粉,美華泰,全,2,色
INTEGRATE 絕不手震極細眼線液筆-防水型【美華泰】全2色,INTEGRATE,絕不,手震,極細,眼線液,筆,防水型,美華泰,全,2,色
媚點 漸層亮彩眼影盒（全8色）【美華泰】3.5g,媚點,漸層,亮彩,眼影,盒,（,全,8,色,）,美華泰,3.5,g
CARMEX 小蜜媞愛的豹豹女神全球限量版【美華泰】2入包裝,CARMEX,小蜜媞,愛的,豹豹,女神,全球,限量版,美華泰,2,入,包裝
媚點優雅玫色修容餅(共10色)【美華泰】,媚點,優雅,玫色,修容餅,共,10,色,美華泰
Freshel 膚蕊 深層涵水保濕乳(美白) 清爽型／滋潤型【美華泰】130ml,Freshel,膚蕊,深層,涵水,保濕乳,美白,清爽型,滋潤型,美華泰,130ml
Freshel 膚蕊深層涵水保濕乳(潤澤) 【美華泰】130ml,Freshel,膚蕊,深層,涵水,保濕乳,潤澤,美華泰,130ml
Freshel 膚蕊 EX深層涵水保濕乳(極潤) 【美華泰】130ml,Freshel,膚蕊,EX,深層,涵水,保濕乳,極潤,美華泰,130ml
媚點 完美防曬遮瑕膏 (全2色)【美華泰】SPF30 PA++ 3g,媚點,完美,防曬,遮瑕膏,全,2,色,美華泰,SPF30PA,++,3g
EVITA 艾薇塔EX保濕化粧水(滋潤型)【美華泰】160ml,EVITA,艾薇塔,EX,保濕,化粧水,滋潤型,美華泰,160ml
媚點 防曬保濕礦物粉底液(共4色)【美華泰】SPF30 PA++ 25g,媚點,防曬,保濕,礦物,粉底液,共,4,色,美華泰,SPF30PA,++,25g
EVITA 艾薇塔彈力保濕水凝膠【美華泰】50g,EVITA,艾薇塔,彈力,保濕,水凝膠,美華泰,50g
EVITA 艾薇塔彈力保濕特潤乳霜【美華泰】35g,EVITA,艾薇塔,彈力,保濕,特潤,乳霜,美華泰,35g
EVITA 艾薇塔彈力保濕精華液【美華泰】30ml,EVITA,艾薇塔,彈力,保濕,精華液,美華泰,30ml
EVITA 艾薇塔EX保濕乳液【美華泰】120ml,EVITA,艾薇塔,EX,保濕,乳液,美華泰,120ml
IT BE SWITCH 俏比晶燦除光液【美華泰】120ml,ITBESWITCH,俏,比,晶燦,除光液,美華泰,120ml
媚點 除光液【美華泰】120ml,媚點,除光液,美華泰,120ml
媚點 防曬蜜粉蕊(透明/自然膚)【美華泰】SPF17 PA+ 6g (不含外盒),媚點,防曬,蜜粉,蕊,透明,自然,膚,美華泰,SPF17PA,6g,不含,外盒
媚點自然肌透BB蜜粉(全3色)【美華泰】SPF25 PA++ 10G,媚點,自然,肌透,BB,蜜粉,全,3,色,美華泰,SPF25PA,++,10G
媚點 BB蜜粉專用粉盒 【美華泰】(不含蜜粉),媚點,BB,蜜粉,專用,粉盒,美華泰,不含,蜜粉
媚點 自然淨潤礦物BB霜〈全3色〉【美華泰】SPF 35 PA++ 35g,媚點,自然,淨潤,礦物,BB霜,〈,全,3,色,〉,美華泰,SPF35PA,++,35g
媚點 防曬蜜粉餅專用粉盒【美華泰】33g (不含蜜粉),媚點,防曬,蜜粉餅,專用,粉盒,美華泰,33g,不含,蜜粉
媚點 蘋果肌蜜粉(透明 / 暖色) 【美華泰】SPF 15 PA+ 3g,媚點,蘋果肌,蜜粉,透明,暖色,美華泰,SPF15PA,3g
媚點 潤透淨緻礦物粉蕊（全4色附粉撲）【美華泰】SPF20 PA++ 11g,媚點潤,透,淨,緻,礦物,粉蕊,（,全,4,色附,粉撲,）,美華泰,SPF20PA,++,11g
媚點 潤透淨緻礦物粉餅（全4色 附粉撲）【美華泰】SPF20 PA++ 11g,媚點潤,透,淨,緻,礦物,粉餅,（,全,4,色附,粉撲,）,美華泰,SPF20PA,++,11g
媚點 防曬蜜粉（透明）【美華泰】SPF18 PA++ 20g,媚點,防曬,蜜粉,（,透明,）,美華泰,SPF18PA,++,20g
媚點 防曬礦物粉餅 (共四色任選)【美華泰】SPF25 PA++ 11.5g,媚點,防曬,礦物,粉餅,共四色,任選,美華泰,SPF25PA,++,11.5,g
媚點 零瑕美肌粧前乳(毛孔修飾) 【美華泰】SPF27 PA++ 30ml,媚點,零,瑕,美肌,粧前乳,毛孔,修飾,美華泰,SPF27PA,++,30ml
媚點UV防護粧前乳【美華泰】SPF37 PA++ 30g,媚點,UV,防護,粧前乳,美華泰,SPF37PA,++,30g
媚點粉嫩保濕礦物粉底霜【美華泰】25g,媚點,粉嫩,保濕,礦物,粉底霜,美華泰,25g
媚點 零瑕美肌粧前乳 -全2色 (綠色/橘色)【美華泰】30g,媚點,零,瑕,美肌,粧前乳,全,2,色,綠色,橘色,美華泰,30g
BEBE POSHE 奢華寶貝BiteMe炫色咬唇誘唇膏(共7色任選)【美華泰】,BEBEPOSHE,奢華,寶貝,BiteMe,炫色,咬唇,誘,唇膏,共,7,色,任選,美華泰
The Face Shop 澎澎粉撲棉花糖腮(三色任選)【美華泰】,TheFaceShop,澎澎,粉撲,棉花糖,腮,三色,任選,美華泰
1028抗暈無阻暹羅貓眼線液(01濃烈爆黑/02深遂咖啡)【美華泰】0.55ml,1028,抗暈,無阻,暹羅,貓,眼線液,01,濃烈,爆黑,02,深遂,咖啡,美華泰,0.55,ml
Miss hana光透無瑕氣墊粉餅(01自然色/02明亮色)【美華泰】SPF50+++ 15g,Misshana,光透,無瑕,氣墊粉餅,01,自然,色,02,明亮,色,美華泰,SPF50,+++,15g
歌林馬卡龍捲髮造型夾【美華泰】,歌林,馬卡龍,捲髮,造型夾,美華泰
1028彈力保濕絲襪粉餅 (01明亮膚/02自然膚)【美華泰】10g,1028,彈力,保濕,絲襪,粉餅,01,明亮,膚,02,自然,膚,美華泰,10g
TIGI寶貝蛋【美華泰】200ml,TIGI,寶貝蛋,美華泰,200ml
靠得住溫柔宣言輕柔衛生棉(日用/夜用/夜用超長)【美華泰】,靠得住,溫柔,宣言,輕柔,衛生棉,日用,夜用,夜用,超長,美華泰
566薄荷淨屑洗髮露【美華泰】800g,566,薄荷,淨屑,洗髮露,美華泰,800g
566洗髮乳(去屑/抗屑/雙效)【美華泰】800g,566,洗髮乳,去,屑,抗屑,雙效,美華泰,800g
566玫瑰保濕洗髮露【美華泰】800g,566,玫瑰,保濕,洗髮露,美華泰,800g
566乳油木果油洗髮乳【美華泰】800g,566,乳油木果油,洗髮乳,美華泰,800g
香薰花瓶組【美華泰】(海洋/薰衣草),香薰,花瓶,組,美華泰,海洋,薰衣草
膠原滋潤美足膜【美華泰】,膠原,滋潤,美,足膜,美華泰
CARMEX櫻花修護唇膏【美華泰】10G,CARMEX,櫻花,修護,唇膏,美華泰,10G
小甘菊1號護手霜【美華泰】20ml,小甘菊,1,號,護手霜,美華泰,20ml
多芬輕潤保濕一分鐘護髮精華【美華泰】180ml,多芬,輕潤,保濕,一分鐘,護髮,精華,美華泰,180ml
Za超出色豔遇唇彩筆 - 五色任選【美華泰】3g,Za,超,出色,豔遇,唇彩,筆,五色,任選,美華泰,3g
Za美膚模式CC棒(透亮/裸肌)【美華泰】,Za,美膚,模式,CC,棒,透亮,裸肌,美華泰
KOSE 高絲黑糖精精華乳霜 【美華泰】80g,KOSE,高絲,黑糖精,精華,乳霜,美華泰,80g
KOSE 高絲黑糖精精華乳液【美華泰】150ml,KOSE,高絲,黑糖精,精華,乳液,美華泰,150ml
KOSE 高絲黑糖精靚黑瞬潔洗顏霜【美華泰】130g,KOSE,高絲,黑糖精,靚,黑瞬潔,洗顏霜,美華泰,130g
KOSE 高絲黑糖精彈力多效記形凝凍UV SPF50 PA++++ 【美華泰】90g,KOSE,高絲,黑糖精,彈力,多效,記形,凝凍,UVSPF50PA,++++,美華泰,90g
KOSE 高絲黑糖精靚黑潤白洗顏皂【美華泰】100g,KOSE,高絲,黑糖精,靚,黑,潤白,洗顏皂,美華泰,100g
KOSE 高絲黑糖精透潤化妝水【美華泰】,KOSE,高絲,黑糖精,透潤,化妝水,美華泰
KOSE 高絲黑糖精彈力多效記形凝凍【美華泰】90g,KOSE,高絲,黑糖精,彈力,多效,記形,凝凍,美華泰,90g
KOSE 高絲黑糖精超濃厚精華面膜 【美華泰】4入,KOSE,高絲,黑糖精,超,濃厚,精華,面膜,美華泰,4,入
EVITA 艾薇塔淨緻卸粧霜 【美華泰】120g,EVITA,艾薇塔,淨,緻,卸粧,霜,美華泰,120g
EVITA 艾薇塔彈力保濕乳液(特潤型)【美華泰】130ml,EVITA,艾薇塔,彈力,保濕,乳液,特潤,型,美華泰,130ml
EVITA 艾薇塔細緻泡沫皂霜【美華泰】130g,EVITA,艾薇塔,細緻,泡沫,皂霜,美華泰,130g
EVITA 艾薇塔彈力保濕化水(豐潤型)【美華泰】180ml,EVITA,艾薇塔,彈力,保濕,化水,豐潤,型,美華泰,180ml
EVITA 艾薇塔彈力保濕乳液(豐潤型)【美華泰】130ml,EVITA,艾薇塔,彈力,保濕,乳液,豐潤,型,美華泰,130ml
EVITA 艾薇塔彈力保濕化水(特潤型) 【美華泰】180ml,EVITA,艾薇塔,彈力,保濕,化水,特潤,型,美華泰,180ml
KOSE 植淬白潤肌精亮白縮時保養組(化粧水+UV防曬隔離乳)【美華泰】,KOSE,植淬白潤,肌精,亮白,縮時,保養組,化粧水,UV,防曬,隔離乳,美華泰
1028深層清潔保養卸妝水【美華泰】200ml,1028,深層,清潔,保養,卸妝水,美華泰,200ml
KA'FEN卡氛極致摩洛哥油【美華泰】70ml,KA,FEN,卡氛,極致,摩洛哥,油,美華泰,70ml
1028深層潔淨洗卸泡泡慕絲【美華泰】150ml,1028,深層,潔淨,洗卸,泡泡,慕絲,美華泰,150ml
舒酸定溫和美白配方【美華泰】160g,舒酸定,溫和,美白,配方,美華泰,160g
芙夏妮水水亮澤洗髮乳550ML清透【美華泰】550ml,芙夏妮,水水,亮澤,洗髮乳,550ML,清透,美華泰,550ml
沙宣清盈柔順高效護髮精華【美華泰】150ml,沙宣,清盈,柔順,高效,護髮,精華,美華泰,150ml
曼秀雷敦Acne抗痘沐浴乳【美華泰】600ml,曼秀雷敦,Acne,抗痘,沐浴乳,美華泰,600ml
小甘菊野生護手霜(玫瑰/薰衣草)【美華泰】20ml,小甘菊,野生,護手霜,玫瑰,薰衣草,美華泰,20ml
牛爾親研NRK絲瓜超保濕嫩膚露 【美華泰】250ml,牛爾,親研,NRK,絲瓜,超,保濕,嫩膚露,美華泰,250ml
牛爾NRK新-特濃玻尿酸化妝水 【美華泰】150ml,牛爾,NRK,新,特濃,玻尿酸,化妝水,美華泰,150ml
MJ水感透顏粉底精華SPF50(明亮/白色)【美華泰】,MJ,水感,透顏,粉底,精華,SPF50,明亮,白色,美華泰
KATE 凱婷雙用立體眉彩筆(液體)【美華泰】2色任選,KATE,凱婷,雙用,立體,眉彩筆,液體,美華泰,2,色,任選
KATE凱婷雙用立體眉彩筆(扁平芯)【美華泰】2色任選,KATE,凱婷,雙用,立體,眉彩筆,扁平,芯,美華泰,2,色,任選
KATE 凱婷雙用立體眉彩筆(細芯)【美華泰】2色任選,KATE,凱婷,雙用,立體,眉彩筆,細芯,美華泰,2,色,任選
睫老闆完美持久可削旋轉式抗暈眼膠筆【美華泰】6色可選,睫,老闆,完美,持久,可削,旋轉式,抗暈眼,膠筆,美華泰,6,色可選
日本小白兔暖暖包24hr 【美華泰】10入(手握式),日本,小白兔,暖暖包,24hr,美華泰,10,入,手握,式
小白兔鞋墊式暖暖包10hr 【美華泰】膚色薄型3入,小白兔,鞋墊,式,暖暖包,10hr,美華泰,膚色,薄型,3,入
日本進口小白兔暖暖包20hrs【美華泰】10入(非貼式),日本,進口,小白兔,暖暖包,20hrs,美華泰,10,入,非貼,式
舒酸定強化琺瑯質牙膏(溫和美白) 【美華泰】,舒酸定,強化,琺瑯質,牙膏,溫和,美白,美華泰
可愛暖手午安枕 (隨機不挑款)【美華泰】,可愛,暖手,午安枕,隨機,不,挑款,美華泰
Freshel 膚蕊控油淨透化粧水(滋潤型/清爽型)【美華泰】150ml,Freshel,膚蕊,控油,淨透,化粧水,滋潤型,清爽型,美華泰,150ml
舒酸定強化琺瑯質牙膏 (加倍沁涼) 【美華泰】,舒酸定,強化,琺瑯質,牙膏,加倍,沁涼,美華泰
Freshel 膚蕊深層涵水保濕凝膠(潤澤)補充【美華泰】80g,Freshel,膚蕊,深層,涵水,保濕,凝膠,潤澤,補充,美華泰,80g
Freshe 膚蕊深層涵水保濕凝膠(極潤)EX【美華泰】80g,Freshe,膚蕊,深層,涵水,保濕,凝膠,極潤,EX,美華泰,80g
Freshe 膚蕊深層涵水保濕乳EX (極潤)【美華泰】130ml,Freshe,膚蕊,深層,涵水,保濕乳,EX,極潤,美華泰,130ml
Freshel 膚蕊深層涵水保濕乳(美白)滋潤型【美華泰】130ml,Freshel,膚蕊,深層,涵水,保濕乳,美白,滋潤型,美華泰,130ml
Freshel 膚蕊深層涵水保濕凝膠(美白)補充【美華泰】80g,Freshel,膚蕊,深層,涵水,保濕,凝膠,美白,補充,美華泰,80g
Freshel 膚蕊控油淨透水凝膠【美華泰】35g,Freshel,膚蕊,控油,淨透,水凝膠,美華泰,35g
Freshel 膚蕊深度美白乳霜【美華泰】35g,Freshel,膚蕊,深度,美白,乳霜,美華泰,35g
Freshel 膚蕊深層涵水保濕凝膠(美白)【美華泰】80g,Freshel,膚蕊,深層,涵水,保濕,凝膠,美白,美華泰,80g
Freshel 膚蕊極效保濕精華眼霜【美華泰】25g,Freshel,膚蕊,極效,保濕,精華,眼霜,美華泰,25g
Freshel 膚蕊深層涵水保濕凝膠(UV美白)SPF 26  PA++【美華泰】補充瓶80g,Freshel,膚蕊,深層,涵水,保濕,凝膠,UV,美白,SPF26PA,++,美華泰,補充瓶,80g
Freshel 膚蕊美肌淨透CC霜SPF 32 PA+++【美華泰】50g,Freshel,膚蕊,美肌,淨透,CC霜,SPF32PA,+++,美華泰,50g
Freshel 膚蕊卸粧按摩霜【美華泰】250g,Freshel,膚蕊,卸粧,按摩,霜,美華泰,250g
Freshel 膚蕊美肌淨透蜜粉 SPF26  PA++【美華泰】10g,Freshel,膚蕊,美肌,淨透,蜜粉,SPF26PA,++,美華泰,10g
Freshel 膚蕊水嫩芯肌前導保濕噴霧【美華泰】130g,Freshel,膚蕊,水嫩,芯肌,前導,保濕,噴霧,美華泰,130g
Freshel 膚蕊碳酸泡沫慕斯【美華泰】150g,Freshel,膚蕊,碳酸,泡沫,慕斯,美華泰,150g
Freshel 膚蕊深層淨化卸粧油【美華泰】180ml,Freshel,膚蕊,深層,淨化,卸粧油,美華泰,180ml
Freshel 膚蕊清爽潔顏卸粧液【美華泰】200ml,Freshel,膚蕊,清爽,潔顏,卸粧液,美華泰,200ml
日本貝印3D海賊王層五層刮鬍刀【美華泰】不挑款,日本,貝印,3D,海賊王,層五層,刮鬍刀,美華泰,不,挑款
KATE 凱婷流光潤彩唇膏【美華泰】10色2.5g,KATE,凱婷,流光,潤彩,唇膏,美華泰,10,色,2.5,g
KATE凱婷CC多機能潤彩唇頰霜(紅色/粉色) 【美華泰】5.5g,KATE,凱婷,CC,多,機能,潤彩,唇頰,霜,紅色,粉色,美華泰,5.5,g
KATE凱婷幻色持久唇釉- 七色任選【美華泰】7.0g,KATE,凱婷,幻色,持久,唇釉,七色,任選,美華泰,7.0,g
KATE凱婷3D棕影立體眼影盒-六色任選【美華泰】2.2g,KATE,凱婷,3D,棕影,立體,眼影,盒,六色,任選,美華泰,2.2,g
KATE凱婷深瞳調色眼影盒-10色任選【美華泰】,KATE,凱婷,深瞳,調色,眼影,盒,10,色,任選,美華泰
KATE 凱婷改良版快描液體眼線筆(濃黑/自然棕)【美華泰】0.6ml,KATE,凱婷,改良版,快描,液體,眼線筆,濃黑,自然,棕,美華泰,0.6,ml
KATE凱婷升級版魔魅濃密眼線液(深黑/深棕)【美華泰】1.8ML,KATE,凱婷,升級版,魔魅,濃密,眼線液,深黑,深棕,美華泰,1.8,ML
KATE 凱婷V字臉修容餅【美華泰】3.8g,KATE,凱婷,V,字,臉,修容餅,美華泰,3.8,g
KATE 凱婷雙彩調色腮紅【美華泰】4色,KATE,凱婷,雙彩,調色,腮紅,美華泰,4,色
KATE 凱婷時尚眉彩膏【美華泰】6.5g,KATE,凱婷,時尚,眉彩膏,美華泰,6.5,g
KATE 凱婷護甲除光液【美華泰】230ml,KATE,凱婷,護甲,除光液,美華泰,230ml
KATE 凱婷 眼部專用卸妝液【美華泰】100ml,KATE,凱婷,眼部,專用,卸妝液,美華泰,100ml
KATE 凱婷指甲油速乾噴霧【美華泰】90g,KATE,凱婷,指甲油,速乾,噴霧,美華泰,90g
KATE 凱婷造型眉彩餅 (亮棕/棕色)【美華泰】,KATE,凱婷,造型,眉彩餅,亮,棕,棕色,美華泰
KATE 凱婷擴型深邃眼影盒 【美華泰】全8色,KATE,凱婷,擴型,深邃,眼影,盒,美華泰,全,8,色
KATE 凱婷闇夜光感眼影盒 -五色 【美華泰】,KATE,凱婷,闇,夜光,感,眼影,盒,五色,美華泰
塞爾號不鏽鋼保溫瓶【美華泰】500ml  (隨機不挑款),塞爾號,不鏽鋼,保溫瓶,美華泰,500ml,隨機,不,挑款
LOTTE青葡萄糖【美華泰】,LOTTE,青,葡萄糖,美華泰
Lotte Koumne 小梅糖【美華泰】,LotteKoumne,小梅,糖,美華泰
fluff棉花糖抹醬(原味/草莓)【美華泰】231g,fluff,棉花糖,抹醬,原味,草莓,美華泰,231g
鍋寶真空保溫杯500cc紅SVC-5060附濾網【美華泰】,鍋寶,真空,保溫杯,500cc,紅,SVC,5060,附,濾網,美華泰
SSY鮮採製程檸檬片【美華泰】,SSY,鮮採,製程,檸檬片,美華泰
Holly燜燒罐【美華泰】350ml,Holly,燜燒罐,美華泰,350ml
克潮靈除濕桶補充包3入 (玫瑰/檜木)【美華泰】600ml,克潮靈,除濕桶,補充,包,3,入,玫瑰,檜木,美華泰,600ml
花仙子好心情衣物香氛袋3入【美華泰】,花仙子,好,心情,衣物,香氛袋,3,入,美華泰
熊本熊酷MA萌316L不鏽鋼極緻燜燒罐【美華泰】700ml,熊本熊,酷,MA,萌,316L,不鏽鋼,極,緻,燜燒罐,美華泰,700ml
熊本熊保溫瓶l超輕量彈蓋瓶【美華泰】520ml (大),熊本熊,保溫瓶,l,超輕量,彈蓋瓶,美華泰,520ml,大
熊本熊保溫瓶l超輕量彈蓋瓶【美華泰】380ml (小),熊本熊,保溫瓶,l,超輕量,彈蓋瓶,美華泰,380ml,小
Pingu保溫瓶【美華泰】 500ml,Pingu,保溫瓶,美華泰,500ml
迪士尼不鏽鋼保溫瓶【美華泰】500ml (隨機不挑款),迪士尼,不鏽鋼,保溫瓶,美華泰,500ml,隨機,不,挑款
KOSE植淬白潤肌精水凝霜【美華泰】40g,KOSE,植淬白潤,肌精,水凝霜,美華泰,40g
KOSE 恆耀精淬潤肌亮妍洗顏霜【美華泰】130g,KOSE,恆耀精,淬潤,肌,亮妍,洗顏霜,美華泰,130g
白鴿防璊衣物柔軟精補充包-四款任選 【美華泰】1800g,白鴿,防璊,衣物,柔軟精,補充,包,四款,任選,美華泰,1800g
魔術靈水管疏通劑【美華泰】500g,魔術靈,水管,疏通劑,美華泰,500g
一匙靈抗菌EX抑菌柔衣精瓶裝 【美華泰】570ML,一匙靈,抗菌,EX,抑菌,柔衣精,瓶裝,美華泰,570ML
韓國 The Face Shop X迪士尼臥蠶眼影筆-三色【美華泰】,韓國,TheFaceShopX,迪士尼,臥蠶,眼影筆,三色,美華泰
韓國The Face Shop X迪士尼俏麗防水毛膏(黑色)【美華泰】,韓國,TheFaceShopX,迪士尼,俏麗,防水,毛膏,黑色,美華泰
韓國The Face Shop X迪士尼俏麗睫毛膏-超防水濃密+纖長(黑色) 【美華泰】,韓國,TheFaceShopX,迪士尼,俏麗,睫毛膏,超,防水,濃密,纖長,黑色,美華泰
韓國The Face Shop X迪士尼米奇唇頰彩 (紅色/粉紅)【美華泰】,韓國,TheFaceShopX,迪士尼,米奇,唇頰彩,紅色,粉紅,美華泰
韓國The Face Shop X迪士尼米妮(淺粉/玫瑰)【美華泰】,韓國,TheFaceShopX,迪士尼,米妮,淺粉,玫瑰,美華泰
我的心機去皮嫩膚黑足膜1雙入【美華泰】,我的心機,去,皮嫩膚,黑,足膜,1,雙入,美華泰
凡士林(護手潤甲露60ml /修護潤手霜 50ml) 【美華泰】,凡士林,護手,潤甲露,60ml,修護,潤,手霜,50ml,美華泰
妮維雅潤彩雙層護唇膏(粉嫩玫瑰/魅惑薔薇)【美華泰】4.8g,妮維雅,潤彩,雙層,護唇膏,粉嫩,玫瑰,魅惑,薔薇,美華泰,4.8,g
Deary護潤脣膏 (乳油木/玫瑰Q10)【美華泰】,Deary,護潤,脣膏,乳油木,玫瑰,Q10,美華泰
Dr.Douxi卵殼精萃乳霜皂【美華泰】100g,Dr,Douxi,卵殼,精萃,乳霜皂,美華泰,100g
韓國EUNYUL保濕護手霜(玫瑰/Baby粉香/紫丁香)【美華泰】50ml,韓國,EUNYUL,保濕,護手霜,玫瑰,Baby,粉香,紫丁香,美華泰,50ml
妮維雅霜(Tube) 【美華泰】100ml,妮維雅,霜,Tube,美華泰,100ml
妮維雅美體緊膚乳液Q10 plus 【美華泰】125ml,妮維雅,美體,緊膚,乳液,Q10plus,美華泰,125ml
妮維雅深層修護潤膚乳液(一般膚質) 【美華泰】400ml,妮維雅,深層,修護,潤膚,乳液,一般,膚質,美華泰,400ml
沙宣纖巧25毫米直髮夾 【美華泰】粉色,沙宣,纖巧,25,毫米,直髮夾,美華泰,粉色
歌林自動旋轉陶瓷捲髮棒 【美華泰】,歌林,自動,旋轉,陶瓷,捲髮棒,美華泰
台塑-小油你真好精華油 【美華泰】35g,台塑,小油,你,真,好,精華油,美華泰,35g
台塑-小妝模作樣香氛水 【美華泰】60g,台塑,小妝模,作樣,香氛,水,美華泰,60g
台塑-小立正站好立體水【美華泰】60g,台塑,小,立正,站好,立體水,美華泰,60g
Propolinse櫻花漱口水【美華泰】600ml,Propolinse,櫻花,漱口水,美華泰,600ml
Propolinse蜂膠潔白漱口水【美華泰】600ml,Propolinse,蜂膠,潔白,漱口水,美華泰,600ml
Propolinse蜂膠漱口水【美華泰】600ml,Propolinse,蜂膠,漱口水,美華泰,600ml
勁涼黑哈煙專用蜂膠漱口水(限量版)【美華泰】買大送小600ml+100ml,勁涼,黑哈煙,專用,蜂膠,漱口水,限量版,美華泰,買大送,小,600ml,100ml
飛柔熱油滋潤洗髮乳【美華泰】700ml,飛柔,熱油,滋潤,洗髮乳,美華泰,700ml
國際牌EH-NA45-RP奈米水離子吹風機【美華泰】附烘罩(白/粉紅),國際牌,EH,NA45,RP,奈米水,離子,吹風機,美華泰,附烘罩,白,粉紅
落建頭皮洗髮乳保濕豐量配方 【美華泰】400ml,落建,頭皮,洗髮乳,保濕,豐量,配方,美華泰,400ml
萌髮566洗髮精/400ml-柔順控油型【美華泰】400ml,萌髮,566,洗髮精,400ml,柔順,控油,型,美華泰,400ml
ADD+檸檬馬鞭油控抗屑洗髮乳【美華泰】1000ml,ADD,檸檬馬鞭,油控,抗屑,洗髮乳,美華泰,1000ml
驅塵氏防璊對策防璊抗敏濕拖巾【美華泰】12入,驅塵氏,防璊,對策,防璊,抗敏,濕拖巾,美華泰,12,入
茶樹莊園茶樹濃縮洗碗精【美華泰】500g,茶樹,莊園,茶樹,濃縮,洗碗精,美華泰,500g
EMO閃亮晶球芳香消臭劑(玫瑰/清新/檸檬/紫羅蘭)【美華泰】250g,EMO,閃亮,晶球,芳香,消臭劑,玫瑰,清新,檸檬,紫羅蘭,美華泰,250g
KAFEN還原酸系列(控油/深層/護色) 洗髮精【美華泰】250ml,KAFEN,還原,酸,系列,控油,深層,護色,洗髮精,美華泰,250ml
夢17沐浴乳【美華泰】400ml,夢,17,沐浴乳,美華泰,400ml
沙威隆潔身液【美華泰】1000ml,沙威隆,潔身液,美華泰,1000ml
麥樂環保3件餐具組【美華泰】不挑色,麥樂,環保,3,件,餐具組,美華泰,不,挑色
去味大師消臭晶球 -補充包 (潔淨/清新/舒爽)【美華泰】350ml,去味大師,消臭,晶球,補充,包,潔淨,清新,舒爽,美華泰,350ml
妙管家洗衣槽清潔劑【美華泰】1盒4包,妙管家,洗衣槽,清潔劑,美華泰,1,盒,4,包
立得清酒精擦拭巾90抽【美華泰】,立得清,酒精,擦拭,巾,90,抽,美華泰
舒妃玻尿酸添加染燙受損護髮霜【美華泰】800g,舒妃,玻尿酸,添加,染燙,受損,護髮霜,美華泰,800g
俏美人-滋養護色洗髮精【美華泰】200g,俏美人,滋養,護色,洗髮精,美華泰,200g
肌研極潤保濕卸粧液 200ml【美華泰】,肌研,極潤,保濕,卸粧液,200ml,美華泰
保濕專科化粧水(清爽型)【美華泰】200ml,保濕,專科,化粧水,清爽型,美華泰,200ml
專科完美透白乳液【美華泰】150ml,專科,完美,透白,乳液,美華泰,150ml
專科完美透白化粧水(滋潤型) 【美華泰】200ml,專科,完美,透白,化粧水,滋潤型,美華泰,200ml
專科完美保濕化粧水(滋潤型) 【美華泰】200ml,專科,完美,保濕,化粧水,滋潤型,美華泰,200ml
專科完美保濕乳液 【美華泰】150ml,專科,完美,保濕,乳液,美華泰,150ml
保濕專科彈潤護唇精華【美華泰】10g,保濕,專科,彈潤,護唇,精華,美華泰,10g
專科完美多效保濕噴霧【美華泰】50ml,專科,完美,多效,保濕,噴霧,美華泰,50ml
我的美麗日記(黑珍珠煥白 /珍珠晶亮)【美華泰】8入 x 2盒,我的美麗日記,黑,珍珠,煥白,珍珠,晶亮,美華泰,8,入,x2,盒
我的美麗日記(高效補水/舒緩水潤) 【美華泰】8入/盒,我的美麗日記,高效,補水,舒緩,水潤,美華泰,8,入,盒
我的美麗日記花萃系列 三款(控油/淨白/保濕) 【美華泰】8入/盒,我的美麗日記,花萃,系列,三款,控油,淨白,保濕,美華泰,8,入,盒
我的美麗日記  (滲透保濕 /沁涼水感 )【美華泰】8入/盒 x 2盒,我的美麗日記,滲透,保濕,沁涼,水感,美華泰,8,入,盒,x2,盒
我的美麗日記(淨膚煥采 / 白皙保濕 )面膜【美華泰】8入/盒 x2盒,我的美麗日記,淨膚,煥采,白皙,保濕,面膜,美華泰,8,入,盒,x2,盒
我的美麗日記 (發酵保濕/極效保濕) 面膜【美華泰】8入/盒 x2盒,我的美麗日記,發酵,保濕,極效,保濕,面膜,美華泰,8,入,盒,x2,盒
我的美麗日記 (全效滋養/ 修護保溼)面膜【美華泰】 8入/盒 x2盒,我的美麗日記,全效,滋養,修護,保溼,面膜,美華泰,8,入,盒,x2,盒
我的心機黑面膜 四款【美華泰】5入/盒裝,我的心機,黑,面膜,四款,美華泰,5,入,盒裝
康乃馨輕柔美學貼身棉一般20片【美華泰】2入,康乃馨,輕柔,美學,貼身,棉,一般,20,片,美華泰,2,入
SEXY LOOK 黑面膜 六款任選【美華泰】5入裝/盒,SEXYLOOK,黑,面膜,六款,任選,美華泰,5,入裝,盒
康乃馨御守棉夜用極長40cm 7片【美華泰】2入,康乃馨,御守,棉夜,用,極長,40cm7,片,美華泰,2,入
康乃馨御守棉夜用超長36.5cm9片【美華泰】2入,康乃馨,御守,棉夜,用,超長,36.5,cm9,片,美華泰,2,入
韓國養樂多軟糖 【美華泰】50g,韓國,養樂多,軟糖,美華泰,50g
SANA柔和兩用濃密纖長睫毛膏(黑色/濃茶棕)【美華泰】,SANA,柔和,兩用,濃密,纖長,睫毛膏,黑色,濃茶,棕,美華泰
L'EGERE3in1絲柔持妝唇頰蜜粉盒(甜美粉/活力橘)【美華泰】,L,EGERE3in1,絲柔,持妝,唇頰,蜜粉盒,甜美,粉,活力,橘,美華泰
MOMO GIRL旋轉防水眼線膠筆 六色任選【美華泰】,MOMOGIRL,旋轉,防水,眼線,膠筆,六色,任選,美華泰
GATSBY噴霧 (塑型/強粘)【美華泰】150g / 180g,GATSBY,噴霧,塑型,強粘,美華泰,150g,180g
妮維雅保濕深層眼部卸妝液【美華泰】125ml,妮維雅,保濕,深層,眼部,卸妝液,美華泰,125ml
妮維雅保濕深層卸妝潔面乳【美華泰】100ml,妮維雅,保濕,深層,卸妝,潔面乳,美華泰,100ml
妮維雅保濕控油深層卸妝水【美華泰】200ml,妮維雅,保濕,控油,深層,卸妝水,美華泰,200ml
MAYBELLINE 媚比琳眼唇卸妝液【美華泰】 70ml,MAYBELLINE,媚比琳,眼唇,卸妝液,美華泰,70ml
Biore卸粧凝露 120g 【美華泰】,Biore,卸粧,凝露,120g,美華泰
熊寶貝衣物香氛袋(六種香味)【美華泰】,熊寶貝,衣物,香氛袋,六種,香味,美華泰
熊寶貝清新噴霧 (森林瀑布/怡人芬芳) 【美華泰】100ml,熊寶貝,清新,噴霧,森林,瀑布,怡人,芬芳,美華泰,100ml
Biore Prime 極緻精華油沐浴乳(盛綻花宴/清新綠蹤)【美華泰】,Biore,Prime,極,緻,精華油,沐浴乳,盛綻,花宴,清新,綠,蹤,美華泰
蘇菲彈力貼身超薄體貼日潔翼  【美華泰】23cm 14片,蘇菲,彈力,貼身,超薄,體貼,日潔翼,美華泰,23cm14,片
舒酸定長效抗敏牙膏 (牙齦護理/全效護理/溫和美白) 120g 【美華泰】,舒酸定,長效,抗敏,牙膏,牙齦,護理,全效,護理,溫和,美白,120g,美華泰
康乃馨DOUBLE_CARE抗菌濕巾 【美華泰】20片,康乃馨,DOUBLE,CARE,抗菌,濕巾,美華泰,20,片
美人瑜珈骨盤枕 【美華泰】,美人,瑜珈,骨盤,枕,美華泰
快乾超細纖維方巾  (不挑色)【美華泰】,快乾,超細,纖維,方巾,不,挑色,美華泰
毛球王膠黏手拖把替換包60周*3入【美華泰】,毛,球王,膠黏,手,拖把,替換,包,60,周,3,入,美華泰
毛球王膠黏手拖把60周1支【美華泰】,毛,球王,膠黏,手,拖把,60,周,1,支,美華泰
仙蒂綿羊油香水潤髮乳【美華泰】1000ML,仙蒂,綿羊油,香水,潤髮乳,美華泰,1000ML
胎盤素閃耀髮妝水【美華泰】240ml,胎盤,素,閃耀,髮妝水,美華泰,240ml
3M 超細滑星座牙線棒156支入【美華泰】,3M,超,細滑,星座,牙線,棒,156,支入,美華泰
黑人全亮白牙膏蘋果薄荷【美華泰】140g,黑人,全,亮白,牙膏,蘋果,薄荷,美華泰,140g
日本P&G濃縮洗衣球(抗菌/ 淨白/ 花香/ 陽光香)【美華泰】,日本,P,G,濃縮,洗衣球,抗菌,淨白,花香,陽光,香,美華泰
KITTY 歌林隨行電子鍋1人份【美華泰】,KITTY,歌林,隨行,電子鍋,1,人份,美華泰
上山採藥 粉刺XP3必殺(粉刺黑頭水+毛穴隱型凝霜)痘痘專用【美華泰】,上山採藥,粉刺,XP3,必殺,粉刺,黑頭,水,毛穴,隱型,凝霜,痘痘,專用,美華泰
歌林KITTY不鏽鋼快煮壺【美華泰】,歌林,KITTY,不鏽鋼,快煮壺,美華泰
森田藥粧眼膜 (Q10活化修護亮白/緊緻修護細)【美華泰】10入/盒裝,森田藥粧,眼膜,Q10,活化,修護,亮白,緊緻,修護,細,美華泰,10,入,盒裝
我的心機保濕黑眼膜 (拉提/ 緊緻/ 超導水) 【美華泰】 10入/盒裝,我的心機,保濕,黑,眼膜,拉提,緊緻,超導,水,美華泰,10,入,盒裝
Sexy Look黑面膜 (曬後舒緩 / 密集保濕)【美華泰】5入/盒,SexyLook,黑,面膜,曬,後,舒緩,密集,保濕,美華泰,5,入,盒
Sexy Look 極美肌黑眼膜(保濕水潤/透白明亮)【美華泰】 7入/盒,SexyLook,極,美肌,黑,眼膜,保濕,水潤,透白,明亮,美華泰,7,入,盒
美麗日記馬油面膜【美華泰】8入/盒,美麗日記,馬油,面膜,美華泰,8,入,盒
我的心機Hello Kitty 面膜(保濕/亮透/滋潤)【美華泰】5入/盒,我的心機,HelloKitty,面膜,保濕,亮透,滋潤,美華泰,5,入,盒
美麗日記面膜(角鯊烯修護/ 傳明酸透亮/  熊果素淨白) 【美華泰】8入/盒,美麗日記,面膜,角鯊烯,修護,傳明酸,透亮,熊果素,淨白,美華泰,8,入,盒
我的心機蛋黃哥懶得敷(彈力/亮白)面膜【美華泰】5入/盒,我的心機,蛋黃哥,懶得,敷,彈力,亮白,面膜,美華泰,5,入,盒
台塑生醫(髮根強化/恆采固色/敏感抗屑/燙後修護)【美華泰】580g,台塑生醫,髮根,強化,恆采,固色,敏感,抗屑,燙,後,修護,美華泰,580g
美麗日記面膜(膠原蛋白/玻尿酸保濕/胜肽緊緻)【美華泰】8入/盒,美麗日記,面膜,膠原,蛋白,玻尿酸,保濕,胜肽緊,緻,美華泰,8,入,盒
台塑生醫-控油抗屑洗髮精 (沁涼控油/綠茶薄荷) 【美華泰】580g,台塑生醫,控油,抗屑,洗髮精,沁涼,控油,綠茶,薄荷,美華泰,580g
台塑生醫- 清爽沐浴乳 (胺基酸/冰川水/岩礦) 【美華泰】800g,台塑生醫,清爽,沐浴乳,胺基酸,冰川,水,岩礦,美華泰,800g
PONPON花萃(保濕肌潤/美白肌潤) 沐浴露【美華泰】650g,PONPON,花萃,保濕,肌潤,美白,肌潤,沐浴露,美華泰,650g
PONPON花萃(柔順修護/豐盈修護)洗髮露【美華泰】650g,PONPON,花萃,柔順,修護,豐盈,修護,洗髮露,美華泰,650g
莎啦香水沐浴露(濃郁惹我香/清新初吻香/純真香愛香/甜美迷戀香)【美華泰】650g,莎,啦,香水,沐浴露,濃郁,惹,我,香,清新,初吻,香,純真,香愛香,甜美,迷戀,香,美華泰,650g
566香水能量洗髮露無矽靈(戀愛加氛/自信加氛/幸運加氛)【美華泰】510g,566,香水,能量,洗髮露,無,矽靈,戀愛,加氛,自信,加氛,幸運,加氛,美華泰,510g
植萃566萌髮健康洗髮露 (滋養亮澤/抗屑豐盈/控油沁涼)【美華泰】500g,植萃,566,萌髮,健康,洗髮露,滋養,亮澤,抗屑,豐盈,控油,沁涼,美華泰,500g
KA'FEN卡氛聖薇娜(玫瑰保濕/綠茶清爽)沐浴乳【美華泰】750ml,KA,FEN,卡氛,聖薇娜,玫瑰,保濕,綠茶,清爽,沐浴乳,美華泰,750ml
LUX麗仕路咪可SPA精油亮澤(洗髮精/潤髮乳)【美華泰】450g,LUX,麗仕,路,咪,可,SPA,精油,亮澤,洗髮精,潤髮乳,美華泰,450g
LUX麗仕璐咪可SPA精油修護(洗髮乳/護髮乳)【美華泰】450g,LUX,麗仕,璐咪,可,SPA,精油,修護,洗髮乳,護髮乳,美華泰,450g
LUX麗仕璐咪可SPA精油舒活(洗髮乳/護髮乳)【美華泰】450g,LUX,麗仕,璐咪,可,SPA,精油,舒活,洗髮乳,護髮乳,美華泰,450g
LUX 麗仕璐咪可SPA精油直順(護髮乳/潤髮乳) 【美華泰】450g,LUX,麗仕,璐咪,可,SPA,精油,直順,護髮乳,潤髮乳,美華泰,450g
LUX 麗仕璐咪可SPA精油空氣感(洗髮精/潤髮乳)【美華泰】450g,LUX,麗仕,璐咪,可,SPA,精油,空氣感,洗髮精,潤髮乳,美華泰,450g
蕊娜男士專用制汗爽身噴霧-抗痕清爽【美華泰】150ml,蕊娜,男士,專用,制汗,爽身,噴霧,抗痕,清爽,美華泰,150ml
LUX 麗仕璐蜜可SPA精油舒活洗髮精補充包 三款任選【美華泰】 350g,LUX,麗仕,璐,蜜,可,SPA,精油,舒活,洗髮精,補充,包三款,任選,美華泰,350g
妮維雅無印乾爽止汗爽身乳液【美華泰】50ML,妮維雅,無印,乾爽,止汗,爽身,乳液,美華泰,50ML
愛迪達男用香體噴霧(卓越自信/典藏魅力)【美華泰】 150ml,愛迪達,男用,香體,噴霧,卓越,自信,典藏,魅力,美華泰,150ml
愛迪達男用長效制汗爽身噴霧(運動勁能/強效制汗)【美華泰】150ml,愛迪達,男用,長效,制汗,爽身,噴霧,運動,勁能,強效,制汗,美華泰,150ml
妮維雅止汗爽身乳液 三款任選 【美華泰】50ml,妮維雅,止汗,爽身,乳液,三款,任選,美華泰,50ml
妮維雅止汗爽身乳膏-乾爽 【美華泰】40ml,妮維雅,止汗,爽身,乳膏,乾爽,美華泰,40ml
妮維雅止汗爽身乳液 三款任選 【美華泰】50ml,妮維雅,止汗,爽身,乳液,三款,任選,美華泰,50ml
妮維雅止汗爽身乳膏 高效柔滑系列【美華泰】40ml,妮維雅,止汗,爽身,乳膏,高效,柔滑,系列,美華泰,40ml
妮維雅男性止汗爽身乳膏-乾適 活力系列【美華泰】40ml,妮維雅,男性,止汗,爽身,乳膏,乾適,活力,系列,美華泰,40ml
蕊娜男士專用制汗爽身香體露極酷 【美華泰】50ml,蕊娜,男士,專用,制汗,爽身,香體,露極酷,美華泰,50ml
Gatsby頭皮冰凍噴霧 【美華泰】,Gatsby,頭皮,冰凍,噴霧,美華泰
蕊娜男士專用制汗爽身噴霧【美華泰】,蕊娜,男士,專用,制汗,爽身,噴霧,美華泰
Gatsby魔法激凍體用噴霧 三款任選【美華泰】 170ml,Gatsby,魔法,激凍,體用,噴霧,三款,任選,美華泰,170ml
GATSBY制汗噴霧 三種任選【美華泰】130g,GATSBY,制汗,噴霧,三種,任選,美華泰,130g
GATSBY冰漩爽身噴霧【美華泰】,GATSBY,冰,漩,爽身,噴霧,美華泰
妮維雅男士制汗爽身乳液 四款任選【美華泰】50ml,妮維雅,男士,制汗,爽身,乳液,四款,任選,美華泰,50ml
蕊娜制汗爽身香體露 四款任選【美華泰】50ml,蕊娜,制汗,爽身,香體,露四款,任選,美華泰,50ml
蕊娜制汗爽身噴霧-無瑕淨透 【美華泰】150ml,蕊娜,制汗,爽身,噴霧,無瑕,淨透,美華泰,150ml
蕊娜淨白制汗爽身香體露【美華泰】50ml,蕊娜,淨白,制汗,爽身,香體露,美華泰,50ml
蕊娜制汗爽身香體露-無瑕淨透 【美華泰】50ml,蕊娜,制汗,爽身,香體露,無瑕,淨透,美華泰,50ml
蕊娜舒爽制汗爽身噴霧 四款任選【美華泰】150ml,蕊娜,舒爽,制汗,爽身,噴霧,四款,任選,美華泰,150ml
蕊娜制汗爽身噴霧 三款任選【美華泰】60g / 102ml,蕊娜,制汗,爽身,噴霧,三款,任選,美華泰,60g,102ml
妮維雅男性專用止汗爽身噴霧-乾適 活力系列【美華泰】150ml,妮維雅,男性,專用,止汗,爽身,噴霧,乾適,活力,系列,美華泰,150ml
妮維雅男士無印乾爽止汗爽身噴霧【美華泰】150ml,妮維雅,男士,無印,乾爽,止汗,爽身,噴霧,美華泰,150ml
妮維雅止汗爽身噴霧-嫩白【美華泰】150ml,妮維雅,止汗,爽身,噴霧,嫩白,美華泰,150ml
妮維雅美白止汗爽身噴霧 【美華泰】150M,妮維雅,美白,止汗,爽身,噴霧,美華泰,150M
妮維雅止汗爽身噴霧清新舒涼系列 【美華泰】150ml,妮維雅,止汗,爽身,噴霧,清新,舒涼,系列,美華泰,150ml
多芬淨白美肌制汗爽身噴霧 持續48H 【美華泰】100g 169ml,多芬,淨白,美肌,制汗,爽身,噴霧,持續,48H,美華泰,100g169ml
AXE 永恆迷戀香體噴霧 35ml【美華泰】,AXE,永恆,迷戀,香體,噴霧,35ml,美華泰
AXE魅力啟動 香體噴霧【美華泰】35ml,AXE,魅力,啟動,香體,噴霧,美華泰,35ml
妮維雅男性止汗爽身噴霧 極限動力系【美華泰】150ml,妮維雅,男性,止汗,爽身,噴霧,極限,動力,系,美華泰,150ml
LG Perioe倍麗兒total7效牙膏【美華泰】140g,LGPerioe,倍麗兒,total7,效,牙膏,美華泰,140g
韓國 LG PERIOE PUMPING按壓式牙膏【美華泰】三款任選 285g,韓國,LGPERIOEPUMPING,按壓式,牙膏,美華泰,三款,任選,285g
室飄香香氛防蟲錠 (薰衣草/ 檸檬樹/ 玫瑰園)【美華泰】300g,室飄香,香氛,防蟲錠,薰衣草,檸檬樹,玫瑰園,美華泰,300g
白鴿洗衣精補充包 ( 防璊 / 防霉 / 抗菌 / 肉桂防璊 /護纖抗菌)【美華泰】2000g,白鴿,洗衣精,補充,包,防璊,防霉,抗菌,肉桂,防璊,護纖,抗菌,美華泰,2000g
舒摩兒緊緻嫩白露【美華泰】 5oz,舒摩兒,緊緻,嫩,白露,美華泰,5oz
雪芙蘭倍潤肌乳霜潤澤面膜【美華泰】五入裝,雪芙蘭,倍潤肌,乳霜,潤澤,面膜,美華泰,五入,裝
炫豔絢彩護髮乳【美華泰】,炫,豔,絢彩,護髮乳,美華泰
舒妃天然護髮染髮霜 【美華泰】,舒妃,天然,護髮,染髮霜,美華泰
花仙子好心情香氛蛋 (蜜桃/檸檬/薰衣草/淨柔香 )【美華泰】120g,花仙子,好,心情,香氛,蛋,蜜桃,檸檬,薰衣草,淨柔香,美華泰,120g
艾模兒可拆式10層鞋架 【美華泰】,艾模兒,可拆式,10,層,鞋架,美華泰
寶藝 保濕冷敷劑 【美華泰】 550g,寶藝,保濕,冷敷,劑,美華泰,550g
寶藝酵素冷膜【美華泰】 550g,寶藝,酵素,冷膜,美華泰,550g
Kose 絲芙蒂嫩白潔顏組 【美華泰】2入,Kose,絲芙蒂,嫩白,潔顏組,美華泰,2,入
旁氏卸妝油(深層淨顏/淨白美肌)【美華泰】175 ml /150ml,旁氏,卸妝油,深層,淨顏,淨白,美肌,美華泰,175ml,150ml
森田藥粧深層卸粧棉(無添加48片/茶樹55片 )【美華泰】,森田藥粧,深層,卸粧棉,無,添加,48,片,茶樹,55,片,美華泰
香氛靜電除塵紙 【美華泰】25片,香氛,靜電,除塵紙,美華泰,25,片
舒酸定強化琺瑯質牙膏【美華泰】 110g,舒酸定,強化,琺瑯質,牙膏,美華泰,110g
曼秀雷敦水潤肌瞬間清爽防曬露 SPF 50 ++++ 【美華泰】40g,曼秀雷敦,水潤,肌,瞬間,清爽,防曬露,SPF50,++++,美華泰,40g
清淨海環保洗髮精【美華泰】,清淨,海,環保,洗髮精,美華泰
茀蘿薇菈萊姆抗屑輕柔堅果黃金髮馭【美華泰】 500ml,茀,蘿,薇,菈,萊姆,抗屑,輕柔,堅果,黃,金髮,馭,美華泰,500ml
上山採藥全效UV 輕油水感防曬精華SPF50 (上山下海版/一般版)【美華泰】,上山採藥,全效,UV,輕油,水感,防曬,精華,SPF50,上山,下海,版,一般版,美華泰
SEXY LOOK 迪士尼公主系列黑面膜(水潤肌/光澤肌/水亮肌/水感肌)【美華泰】4入,SEXYLOOK,迪士尼,公主,系列,黑,面膜,水潤,肌,光澤,肌,水亮,肌,水感,肌,美華泰,4,入
Dr.Piz  FOOT MASK 寶貝呀呀足膜 【美華泰】,Dr,PizFOOTMASK,寶貝,呀,呀,足膜,美華泰
我的心機 馬油滋養修護足膜1雙入【美華泰】,我的心機,馬油,滋養,修護,足膜,1,雙入,美華泰
我的心機拋光去皮亮澤足膜1雙【美華泰】,我的心機,拋光,去,皮,亮澤,足膜,1,雙,美華泰
CIELO宣若EX染髮霜 (多種顏色可選購)【美華泰】,CIELO,宣若,EX,染髮霜,多種,顏色,可,選購,美華泰
男士美源簡單一按染髮霜 (亮棕色/ 自然棕/ 深棕色 / 自然黑)【美華泰】,男士,美源,簡單,一,按,染髮霜,亮,棕色,自然,棕,深棕色,自然,黑,美華泰
Lucido - L 樂絲朵- 捲髮造型泡泡(塑型造型專用)【美華泰】150ml,Lucido,L,樂絲朵,捲髮,造型,泡泡,塑型,造型,專用,美華泰,150ml
Lucido - L 樂絲朵摩洛哥護髮精華油【美華泰】 60ml,Lucido,L,樂絲朵,摩洛哥,護髮,精華油,美華泰,60ml
Lucido - L  樂絲朵 電捲棒打底造型水【美華泰】180ml,Lucido,L,樂絲朵,電捲,棒打,底,造型,水,美華泰,180ml
Lucido - L樂絲朵保濕整髮造型乳(免沖洗)【美華泰】150g,Lucido,L,樂絲朵,保濕,整髮,造型乳,免,沖洗,美華泰,150g
Lucido - L 摩洛哥護髮精華露/乳(滋潤 / 清爽 ) 【美華泰】80g / 150g,Lucido,L,摩洛哥,護髮,精華露,乳,滋潤,清爽,美華泰,80g,150g
瑪宣妮髮妝水 (清爽 / 保溼 /捲髮) 【美華泰】250ml,瑪宣妮,髮妝水,清爽,保溼,捲髮,美華泰,250ml
Men 曼秀雷敦洗髮精 (抗屑冰涼 / 健髮去油 / 咖啡因頭皮活力) 【美華泰】550ml,Men,曼秀雷敦,洗髮精,抗屑,冰涼,健髮,去,油,咖啡因,頭皮,活力,美華泰,550ml
MEN's Biore 沐浴乳 ( 控油抗痘 / 控油柔珠) 【美華泰】750ml,MEN,s,Biore,沐浴乳,控油,抗痘,控油,柔珠,美華泰,750ml
曼秀雷敦男士爽膚水(控油型  / 清爽型) 【美華泰】120ml,曼秀雷敦,男士,爽膚水,控油,型,清爽型,美華泰,120ml
LOREAL 清潔保養雙效潔面露(保濕型 / 控油型)【美華泰】150ml,LOREAL,清潔,保養,雙效,潔面露,保濕,型,控油,型,美華泰,150ml
MEN's Biore 洗髮精(造型潔淨/頭皮調理/抗屑潔味/健髮豐盈)【美華泰】 750ml,MEN,s,Biore,洗髮精,造型,潔淨,頭皮,調理,抗屑,潔味,健髮,豐盈,美華泰,750ml
曼秀雷敦Men男士沐浴乳(海洋清爽/活炭深層/草本制菌) 【美華泰】650ml,曼秀雷敦,Men,男士,沐浴乳,海洋,清爽,活炭,深層,草本,制菌,美華泰,650ml
nac nac草本驅蚊噴液 【美華泰】90ml,nacnac,草本,驅蚊,噴液,美華泰,90ml
3M舒顏淨痘水【美華泰】 180ml,3M,舒顏,淨痘,水,美華泰,180ml
VIGILL蘆薈淨柔除毛貼片(手/腳部) 16片8對【美華泰】,VIGILL,蘆薈,淨柔,除毛貼片,手,腳部,16,片,8,對,美華泰
小不叮驅蚊噴霧 攜帶型 (全家 / 嬰幼童使用)【美華泰】25ml,小不叮,驅蚊,噴霧,攜帶型,全家,嬰,幼童,使用,美華泰,25ml
婦潔矢車菊除毛貼片-粗毛根專用 16片(8對貼片)【美華泰】,婦潔,矢車,菊,除毛貼片,粗,毛根,專用,16,片,8,對,貼片,美華泰
nac nac草本精油驅蚊慕斯 【美華泰】50ml,nacnac,草本,精油,驅蚊,慕斯,美華泰,50ml
nac nac草本防蚊滾珠 【美華泰】50ml,nacnac,草本,防蚊,滾珠,美華泰,50ml
Banana Boat香蕉船天然系列礦物防曬乳液 SPF/UVB 50+ PA+++ 【美華泰】90ml,BananaBoat,香蕉船,天然,系列,礦物,防曬,乳液,SPF,UVB50,PA,+++,美華泰,90ml
Banana Boat 香蕉船運動系列酷涼防曬乳液 超大容量SPF/UVB 50 PA++++【美華泰】120ml,BananaBoat,香蕉船,運動,系列,酷涼,防曬,乳液,超大,容量,SPF,UVB50PA,++++,美華泰,120ml
冰雪奇緣防蚊手環 【美華泰】,冰雪,奇緣,防蚊,手環,美華泰
Banana Boat 香蕉船滋潤系列防曬乳液 SPF/ UVB 50 含蘆薈成份【美華泰】90ml,BananaBoat,香蕉船,滋潤,系列,防曬,乳液,SPF,UVB50,含,蘆薈,成份,美華泰,90ml
GATSBY潔面濕紙巾(極凍型)15入【美華泰】,GATSBY,潔面,濕紙巾,極凍型,15,入,美華泰
OFF! 歐護植物防蚊乳液 【美華泰】,OFF,歐護,植物,防蚊,乳液,美華泰
GATSBY體用抗菌濕巾(冰涼果香) 10入【美華泰】,GATSBY,體用,抗菌,濕巾,冰涼,果香,10,入,美華泰
Biore 女性專用妙鼻貼 ( 黑/白二色)【美華泰】,Biore,女性,專用,妙鼻貼,黑,白二色,美華泰
小不叮驅蚊手環-防止小黑蚊(嬰幼) 1枚【美華泰】,小不叮,驅蚊,手環,防止,小黑蚊,嬰幼,1,枚,美華泰
小不叮驅蚊手環-防止小黑蚊(嬰幼) 1枚【美華泰】,小不叮,驅蚊,手環,防止,小黑蚊,嬰幼,1,枚,美華泰
TOBOT變型金鋼戰士防蚊手環 【美華泰】,TOBOT,變型,金鋼,戰士,防蚊,手環,美華泰
威滅蚊蟲空間噴霧【美華泰】25ml,威滅,蚊蟲,空間,噴霧,美華泰,25ml
小不叮驅蚊滾珠乳液升級版(嬰幼兒/全家) 100ml【美華泰】,小不叮,驅蚊,滾珠,乳液,升級版,嬰幼兒,全家,100ml,美華泰
小不叮紫草膏升級版(全家)【美華泰】10g,小不叮,紫草膏,升級版,全家,美華泰,10g
史努比全效型驅蚊貼片12枚入 【美華泰】,史努比,全效,型,驅蚊,貼片,12,枚,入,美華泰
悠貝莉驅蚊貼片18入 (隨機出貨不挑款)【美華泰】,悠貝莉,驅蚊,貼片,18,入,隨機,出貨,不,挑款,美華泰
小不叮驅蚊噴霧防止小黑紋 升級版(嬰幼兒專用)【美華泰】200ml,小不叮,驅蚊,噴霧,防止,小,黑紋,升級版,嬰幼兒,專用,美華泰,200ml
GATSBY鼻頭粉刺清潔霜 【美華泰】25g,GATSBY,鼻頭,粉刺,清潔霜,美華泰,25g
韓國Wing stop精油防蚊扣 (不挑款隨機出貨) 【美華泰】,韓國,Wingstop,精油,防蚊扣,不,挑款,隨機,出貨,美華泰
KITTY貓防蚊手環 【美華泰】,KITTY,貓,防蚊,手環,美華泰
變型金鋼機器戰士防蚊手環 【美華泰】,變型,金鋼,機器,戰士,防蚊,手環,美華泰
T-Spray kid齒舒沛-兒童含鈣健齒 (牛奶口味/ 草莓口味)【美華泰】20ml,T,Spraykid,齒,舒沛,兒童,含鈣,健齒,牛奶,口味,草莓,口味,美華泰,20ml
日本KISS YOU負離子超軟毛補充包 【美華泰】,日本,KISSYOU,負離子,超,軟毛,補充,包,美華泰
日本KISS YOU負離子輕巧極細牙刷 【美華泰】,日本,KISSYOU,負離子,輕巧,極細,牙刷,美華泰
日本KISS YOU負離子極細型牙刷 【美華泰】,日本,KISSYOU,負離子,極細型,牙刷,美華泰
日本Dentelpro親子豆腐 (6~12歲孩童適用)2入【美華泰】,日本,Dentelpro,親子,豆腐,6,12,歲,孩童,適用,2,入,美華泰
TOMICA 兒童牙刷 (3~6歲適用)【美華泰】,TOMICA,兒童,牙刷,3,6,歲,適用,美華泰
日本Hello Kitty兒童牙刷 (3歲以上)【美華泰】,日本,HelloKitty,兒童,牙刷,3,歲,以上,美華泰
德恩奈幸運星兒童專用牙刷 【美華泰】,德,恩奈,幸運星,兒童,專用,牙刷,美華泰
日本EBISU抑制蛀牙病菌兒童牙刷(3歲以上孩童)【美華泰】,日本,EBISU,抑制,蛀牙,病菌,兒童,牙刷,3,歲,以上,孩童,美華泰
韓國LU’SOB 搓仙密器 100g(4款任選)【美華泰】,韓國,LU,’,SOB,搓,仙密器,100g,4,款,任選,美華泰
甘百世巧克力 (巧克力/黑巧克力/杏仁巧克力)【美華泰】,甘百世,巧克力,巧克力,黑,巧克力,杏仁,巧克力,美華泰
泰國iMee愛迷紅咖哩湯麵 【美華泰】,泰國,iMee,愛迷紅,咖哩,湯麵,美華泰
農心炸王醡醬麵 134g 【美華泰】,農心,炸王,醡,醬,麵,134g,美華泰
泰國小老闆厚片海苔(原味/辣味/芥末) 【美華泰】,泰國,小,老闆,厚片,海苔,原味,辣味,芥末,美華泰
KOTEX 靠得住瞬吸防護 19cm 3包入【美華泰】,KOTEX,靠得住,瞬吸,防護,19cm3,包入,美華泰
KAFEN還原酸系列洗髮精 250ml(保濕、控油、鎖色、深層護髮)【美華泰】,KAFEN,還原,酸,系列,洗髮精,250ml,保濕,控油,鎖色,深層,護髮,美華泰
白鴿 手洗精 【美華泰】1000g,白鴿,手洗,精,美華泰,1000g
LION 休足時間清涼舒緩貼片6枚入 【美華泰】,LION,休足,時間,清涼,舒緩,貼片,6,枚,入,美華泰
白帥帥洗衣精補充包 1650g【美華泰】,白,帥帥,洗衣精,補充,包,1650g,美華泰
naive 桃葉泡沫洗手乳大容量 500ml【美華泰】,naive,桃葉,泡沫,洗手乳,大,容量,500ml,美華泰
絲逸歡造型定型霧 150g【美華泰】,絲逸歡,造型,定型,霧,150g,美華泰
露得清深層淨化抗痘洗面乳 100g【美華泰】,露得清,深層,淨化,抗痘,洗面乳,100g,美華泰
絲逸歡造型定型液 150g【美華泰】,絲逸歡,造型,定型,液,150g,美華泰
絲逸歡捲度明顯慕絲 150g【美華泰】,絲逸歡,捲度,明顯,慕絲,150g,美華泰
露得清深層淨化抗黑頭柔珠洗面乳 100g【美華泰】,露得清,深層,淨化,抗,黑頭,柔珠,洗面乳,100g,美華泰
雪芙蘭臉部防曬乳液 ( 水肌嫩白/ 高效保濕 /潤色隔離) SPF50+ PA+++【美華泰】30g,雪芙蘭,臉部,防曬,乳液,水肌,嫩白,高效,保濕,潤色,隔離,SPF50,PA,+++,美華泰,30g
雪芙蘭超水感防曬乳液 (清透淨白/ 清透保濕) 45g SPF 50 ++++【美華泰】,雪芙蘭,超水感,防曬,乳液,清透,淨白,清透,保濕,45gSPF50,++++,美華泰
曼秀雷敦SUN PLAY 防曬噴霧-酷涼清爽 SPF50 PA+++【美華泰】,曼秀雷敦,SUNPLAY,防曬,噴霧,酷涼,清爽,SPF50PA,+++,美華泰
露得清深層淨化亮白洗面乳 100g【美華泰】,露得清,深層,淨化,亮白,洗面乳,100g,美華泰
曼秀雷敦 SunPlay 防曬乳液-親親寶貝型 SPF30 PA+++ 100ml【美華泰】,曼秀雷敦,SunPlay,防曬,乳液,親親,寶貝,型,SPF30PA,+++,100ml,美華泰
絲逸歡造型髮雕 100ml 【美華泰】,絲逸歡,造型,髮雕,100ml,美華泰
Liese 莉婕順髮內彎吹髮霧150ML【美華泰】,Liese,莉婕,順,髮,內彎,吹,髮霧,150ML,美華泰
Liese 莉婕髮根甦醒噴霧150ml【美華泰】,Liese,莉婕,髮根,甦醒,噴霧,150ml,美華泰
GATSBY體用抗菌濕巾(冰涼無香) 夏季限量 身體專用 10枚【美華泰】,GATSBY,體用,抗菌,濕巾,冰涼,無香,夏季,限量,身體,專用,10,枚,美華泰
GATSBY淨酷濕紙巾42入 臉部專用(舒適乾爽型)【美華泰】,GATSBY,淨酷,濕紙巾,42,入,臉部,專用,舒適,乾爽,型,美華泰
Gatsby體用抗菌濕巾-極凍冰橙 99g (身體專用) 10枚入【美華泰】,Gatsby,體用,抗菌,濕巾,極凍,冰,橙,99g,身體,專用,10,枚,入,美華泰
森田藥粧Q10全身去角質霜 250ml【美華泰】,森田藥粧,Q10,全身,去,角質,霜,250ml,美華泰
廣源良綠茶全身磨砂250ml【美華泰】,廣源良,綠茶,全身,磨砂,250ml,美華泰
森田藥粧 蘆薈身體泡沬去角質凝露【美華泰】,森田藥粧,蘆薈,身體,泡沬,去,角質,凝露,美華泰
金色澳沁涼蘆薈曬傷急救噴霧 237ml【美華泰】,金色,澳,沁涼,蘆薈,曬傷,急救,噴霧,237ml,美華泰
日本甘樂鮮果實軟糖(葡萄/草莓) 4.5g【美華泰】,日本,甘樂鮮,果實,軟糖,葡萄,草莓,4.5,g,美華泰
廣源良 晒後蘆薈涼膚凝露 噴霧式【美華泰】,廣源良,晒,後,蘆薈,涼膚,凝露,噴霧式,美華泰
廣源良絲瓜水卸妝液 (清爽/保濕) 300ml【美華泰】,廣源良,絲瓜水,卸妝液,清爽,保濕,300ml,美華泰
廣源良 噴霧式菜瓜水50ml 三入包裝【美華泰】,廣源良,噴霧式,菜瓜水,50ml,三入,包裝,美華泰
廣源良 晒後蘆薈涼膚凝露 120ml【美華泰】,廣源良,晒,後,蘆薈,涼膚,凝露,120ml,美華泰
廣源良 菜瓜洗敷露加玻尿酸【美華泰】150ml,廣源良,菜瓜,洗敷,露加,玻尿酸,美華泰,150ml
廣源良蘆薈舒緩修護噴霧水 145ml【美華泰】,廣源良,蘆薈,舒緩,修護,噴霧水,145ml,美華泰
洗顏專科超微米水潤卸粧油(升級版)【美華泰】,洗顏,專科,超,微米,水潤,卸粧油,升級版,美華泰
洗顏專科超微米潔顏乳(升級版) 120g【美華泰】,洗顏,專科,超,微米,潔顏乳,升級版,120g,美華泰
洗顏專科超微米潔顏慕絲(保濕型) 150ml【美華泰】,洗顏,專科,超,微米,潔顏,慕絲,保濕,型,150ml,美華泰
3M Nexcare MEN男性深層淨油洗面乳【美華泰】,3MNexcareMEN,男性,深層,淨油,洗面乳,美華泰
FORENCOS 宋仲基7天蠶絲面膜 【美華泰】單片 25ml,FORENCOS,宋仲基,7,天,蠶絲,面膜,美華泰,單片,25ml
牛爾NRK玻尿酸保濕洗面霜【美華泰】,牛爾,NRK,玻尿酸,保濕,洗面,霜,美華泰
3M Nexcare MEN男性潔涼柔珠洗面乳【美華泰】,3MNexcareMEN,男性,潔涼,柔珠,洗面乳,美華泰
牛爾NRK牛奶嫩白洗面乳100ML【美華泰】,牛爾,NRK,牛奶,嫩白,洗面乳,100ML,美華泰
1028深層潔淨卸妝乳 200ml【美華泰】,1028,深層,潔淨,卸妝乳,200ml,美華泰
1028胺基酸深層潔顏乳 80ml【美華泰】,1028,胺基酸,深層,潔顏乳,80ml,美華泰
森田藥粧男性清涼磨砂洗面乳 120g【美華泰】,森田藥粧,男性,清涼,磨砂,洗面乳,120g,美華泰
曼秀雷敦Acne抗痘粉狀調理水150ml【美華泰】,曼秀雷敦,Acne,抗痘,粉狀,調理,水,150ml,美華泰
1028水感提亮抗曬乳 SPF50 30g【美華泰】,1028,水感,提亮,抗曬,乳,SPF5030g,美華泰
戀東方蠶絲面膜-黑珍珠5入 30ml 【美華泰】,戀,東方,蠶絲,面膜,黑,珍珠,5,入,30ml,美華泰
愛戀膜法面膜-天山雪蓮5入 【美華泰】30ml,愛戀膜法,面膜,天山,雪蓮,5,入,美華泰,30ml
鮮一杯濾掛咖啡 (五種口味)【美華泰】,鮮一杯,濾掛,咖啡,五種,口味,美華泰
鮮一杯即溶式飲品(五種口味)25g X 1盒/4入【美華泰】,鮮一杯,即溶,式,飲品,五種,口味,25gX1,盒,4,入,美華泰
瑪宣妮莓果珍珠洗髮精(蓬鬆感)【美華泰】,瑪宣妮,莓果,珍珠,洗髮精,蓬鬆感,美華泰
森田藥粧(草本抗痘/ 玻尿酸保濕)洗面乳 【美華泰】,森田藥粧,草本,抗痘,玻尿酸,保濕,洗面乳,美華泰
瑪宣妮蜜桃珍珠潤髮乳(絲潤感)【美華泰】,瑪宣妮,蜜桃,珍珠,潤髮乳,絲潤感,美華泰
瑪宣妮蜜桃珍珠洗髮精(絲潤感)【美華泰】,瑪宣妮,蜜桃,珍珠,洗髮精,絲潤感,美華泰
瑪宣妮草莓果珍珠潤髮乳(蓬鬆感)【美華泰】,瑪宣妮,草莓,果,珍珠,潤髮乳,蓬鬆感,美華泰
瑪宣妮珍珠光護髮優格【美華泰】,瑪宣妮,珍珠,光,護髮,優格,美華泰
瑪宣妮造型果凍霧(空氣感)【美華泰】,瑪宣妮,造型,果凍,霧,空氣感,美華泰
瑪宣妮造型果凍霧(絲滑感)【美華泰】,瑪宣妮,造型,果凍,霧,絲滑,感,美華泰
KA'FEN卡氛亞希朵酸性蛋白豐盈護色洗髮精500ML【美華泰】,KA,FEN,卡氛,亞希,朵,酸性,蛋白,豐盈,護色,洗髮精,500ML,美華泰
Power免照燈類光療指甲油 (多款任選) 10ml 【美華泰】,Power,免照燈,類光療,指甲油,多款,任選,10ml,美華泰
驅塵氏抗菌濕拖巾(薰衣草/茶樹抗菌/檸檬) 【美華泰】12入,驅塵氏,抗菌,濕拖巾,薰衣草,茶樹,抗菌,檸檬,美華泰,12,入
驅塵氏靜電紙 25片裝【美華泰】,驅塵氏,靜電紙,25,片裝,美華泰
古寶無患子草本抗菌洗手乳檸檬馬鞭草330G 【美華泰】,古寶,無患子,草本,抗菌,洗手乳,檸檬馬鞭,草,330G,美華泰
魔術靈捷淨美學立體吸著除塵紙 20張入【美華泰】,魔術靈,捷淨,美學,立體,吸著,除塵紙,20,張入,美華泰
水平衡超微泡水感洗面乳(水感保濕/ 淨白透亮 /毛孔清潔 )【美華泰】,水,平衡,超微,泡,水感,洗面乳,水感,保濕,淨白,透亮,毛孔,清潔,美華泰
COTTON LABO 丸三 五層可撕型敷面化妝棉【美華泰】,COTTONLABO,丸,三五層,可,撕型,敷面,化妝棉,美華泰
歐樂B 薄荷微蠟牙線基本型50M 2入 【美華泰】,歐樂B,薄荷,微蠟,牙線,基本型,50M2,入,美華泰
歐樂B 無蠟牙線基本型50M2入【美華泰】,歐樂B,無蠟,牙線,基本型,50M2,入,美華泰
蘭韻化妝棉-90片【美華泰】,蘭韻,化妝棉,90,片,美華泰
歐蒂柔椹植物染劑  40g  4種顏色任選【美華泰】,歐蒂柔,椹,植物,染劑,40g4,種,顏色,任選,美華泰
SOFINA蘇非娜 透美顏保濕露140ml 【美華泰】,SOFINA,蘇非娜,透,美顏,保濕,露,140ml,美華泰
MOMO GIRL 三角型旋轉眉彩筆系列4色可選【美華泰】,MOMOGIRL,三角型,旋轉,眉彩筆,系列,4,色可選,美華泰
TS6護一生潔淨凝露 300ml 【美華泰】,TS6,護,一生,潔淨,凝露,300ml,美華泰
蘇菲超薄潔翼日用 23cm 12片/包  【美華泰】,蘇菲,超薄,潔翼,日用,23cm12,片,包,美華泰
雪芙蘭海洋活泉沐浴乳補充包【美華泰】,雪芙蘭,海洋,活泉,沐浴乳,補充,包,美華泰
藍寶洗衣槽去污劑 300G 2+1 /盒 【美華泰】,藍寶,洗衣槽,去,污劑,300G2,1,盒,美華泰
黑人白綠雙星美白牙膏 160g【美華泰】,黑人,白綠,雙星,美白,牙膏,160g,美華泰
康乃馨Double Care抗菌濕紙巾 50片【美華泰】,康乃馨,DoubleCare,抗菌,濕紙巾,50,片,美華泰
驅塵氏防螨對策除塵紙【美華泰】25片,驅塵氏,防螨,對策,除塵紙,美華泰,25,片
伊婷防曬乳  (淨白/運動) 35ml【美華泰】,伊婷,防曬,乳,淨白,運動,35ml,美華泰
EMO鞋內消臭除濕包 38g*2入 /組【美華泰】,EMO,鞋內,消臭,除濕,包,38g,2,入,組,美華泰
日系吊掛式集水除濕袋 500ml【美華泰】,日系,吊掛式,集水,除濕,袋,500ml,美華泰
棉花糖鑲邊泡泡沐浴球【美華泰】,棉花糖,鑲邊,泡泡,沐浴球,美華泰
舒酸定清涼薄荷配方  【美華泰】160g,舒酸定,清涼,薄荷,配方,美華泰,160g
捲捲波浪魔法球320ML【美華泰】,捲,捲,波浪,魔法,球,320ML,美華泰
可愛造型噴水風扇 【美華泰】不挑色,可愛,造型,噴水,風扇,美華泰,不,挑色
SUNSTAR巧虎系列牙刷4-6歲(粉色)【美華泰】,SUNSTAR,巧虎,系列,牙刷,4,6,歲,粉色,美華泰
SUNSTAR巧虎系列牙刷0-2歲(藍色)【美華泰】,SUNSTAR,巧虎,系列,牙刷,0,2,歲,藍色,美華泰
日本柯南6歲以上兒童牙刷B-602【美華泰】,日本,柯南,6,歲,以上,兒童,牙刷,B,602,美華泰
SUNSTAR 小學生牙刷6-12歲【美華泰】,SUNSTAR,小學生,牙刷,6,12,歲,美華泰
日本新幹線3-6歲兒童牙刷B-S24(藍色/白色)【美華泰】,日本,新幹線,3,6,歲,兒童,牙刷,B,S24,藍色,白色,美華泰
SUNSTAR 巧虎系列牙刷2-4歲【美華泰】,SUNSTAR,巧虎,系列,牙刷,2,4,歲,美華泰
別蚊我草本驅蚊貼片15枚(全家)【美華泰】,別,蚊,我,草本,驅蚊,貼片,15,枚,全家,美華泰
高露潔恐龍兒童卡通牙刷 2~5歲(隨機不挑色)【美華泰】,高露潔,恐龍,兒童卡,通,牙刷,2,5,歲,隨機,不,挑色,美華泰
日本新幹線0.5-3歲兒童牙刷B-S14【美華泰】,日本,新幹線,0.5,3,歲,兒童,牙刷,B,S14,美華泰
黑人寶貝兔兒童牙刷4~10歲(藍色/粉色)【美華泰】,黑人,寶貝,兔,兒童,牙刷,4,10,歲,藍色,粉色,美華泰
機器戰士牙刷 藍色 6-12歲 【美華泰】,機器,戰士,牙刷,藍色,6,12,歲,美華泰
高露潔小小兵兒童牙刷5-9歲【美華泰】,高露潔,小小兵,兒童,牙刷,5,9,歲,美華泰
黑人纖柔寶貝兔兒童牙刷(藍/桃粉)【美華泰】,黑人,纖柔,寶貝,兔,兒童,牙刷,藍,桃粉,美華泰
OFF!歐護防蚊液 家庭號 噴霧劑 180ml【美華泰】,OFF,歐護,防蚊液,家庭號,噴霧劑,180ml,美華泰
綠油精 叮寧柚香長效防蚊液(可倒噴) 120ml【美華泰】,綠油精,叮寧,柚香,長效,防蚊液,可倒噴,120ml,美華泰
綠油精 叮嚀防蚊液隨身型25ml 【美華泰】,綠油精,叮嚀,防蚊液,隨身型,25ml,美華泰
綠油精 綠茶 叮嚀清新長效防蚊液120ml【美華泰】,綠油精,綠茶,叮嚀,清新,長效,防蚊液,120ml,美華泰
綠油精 叮寧小黑蚊防蚊液100ml【美華泰】,綠油精,叮寧,小黑蚊,防蚊液,100ml,美華泰
綠油精 叮嚀小黑蚊防蚊液 25ml【美華泰】,綠油精,叮嚀,小黑蚊,防蚊液,25ml,美華泰
MONSA 夢娜麗莎 紅石榴美肌緊緻組六件 500ml【美華泰】,MONSA,夢娜,麗莎,紅,石榴,美肌,緊緻,組六件,500ml,美華泰
MONSA夢娜麗莎 無患子系列組4瓶 1000ml【美華泰】,MONSA,夢娜,麗莎,無患子,系列,組,4,瓶,1000ml,美華泰
韓國 農心牛骨湯麵【美華泰】,韓國,農心,牛骨,湯麵,美華泰
韓國 農心泡菜麵【美華泰】,韓國,農心,泡菜,麵,美華泰
韓國 農心酢醬麵【美華泰】,韓國,農心,酢,醬,麵,美華泰
韓國 農心海鮮麵【美華泰】,韓國,農心,海鮮,麵,美華泰
韓國 農心魷魚海鮮味湯麵 【美華泰】,韓國,農心,魷魚,海鮮,味,湯麵,美華泰
韓國 八道男子碗麵【美華泰】,韓國,八道,男子,碗麵,美華泰
韓國 農心安城湯麵【美華泰】,韓國,農,心安,城,湯麵,美華泰
韓國 八道辣白菜碗麵【美華泰】,韓國,八道,辣,白菜,碗麵,美華泰
韓國 八道章魚海鮮湯碗麵【美華泰】,韓國,八道,章魚,海鮮湯,碗麵,美華泰
韓國 八道龍蝦湯碗麵【美華泰】,韓國,八道,龍蝦湯,碗麵,美華泰
曼秀雷敦水潤肌瞬間清爽防曬凝乳 SPF50 【美華泰】40ml,曼秀雷敦,水潤,肌,瞬間,清爽,防曬,凝乳,SPF50,美華泰,40ml
3M NEXCARE(艷陽/戶外)防曬乳SPF50【美華泰】40ml,3MNEXCARE,艷陽,戶外,防曬,乳,SPF50,美華泰,40ml
3M NEXCARE保濕防曬乳SPF30 【美華泰】40ml,3MNEXCARE,保濕,防曬,乳,SPF30,美華泰,40ml
露得清水肌因兒童濕膚防曬輕透乳 SPF45 【美華泰】88ml,露得清,水肌因,兒童,濕膚,防曬,輕透,乳,SPF45,美華泰,88ml
雪芙蘭 超水感 (清爽保濕/ 清爽勁涼/清爽臉部)SPF 50+【美華泰】,雪芙蘭,超水感,清爽,保濕,清爽,勁涼,清爽,臉部,SPF50,美華泰
曼秀雷敦SKINAQUA水潤肌美白水感防曬露 SPF30 PA++【美華泰】,曼秀雷敦,SKINAQUA,水潤,肌,美白,水感,防曬露,SPF30PA,++,美華泰
曼秀雷敦SKINAQUA水潤肌防曬乳液 SPF50+ PA+++,曼秀雷敦,SKINAQUA,水潤,肌,防曬,乳液,SPF50,PA,+++
曼秀雷敦 SUNPLAY 防曬乳液溫和寶貝型 SPF50+ 【美華泰】,曼秀雷敦,SUNPLAY,防曬,乳液,溫和,寶貝,型,SPF50,美華泰
曼秀雷敦 水潤肌瞬間清爽防曬噴霧SPF50+ PA++++(無香味/清新香氛)【美華泰】,曼秀雷敦,水潤,肌,瞬間,清爽,防曬,噴霧,SPF50,PA,++++,無,香味,清新,香氛,美華泰
Biore 含水防曬美白水凝霜(臉部專用) SPF50+ PA+++ 【美華泰】,Biore,含水,防曬,美白,水凝霜,臉部,專用,SPF50,PA,+++,美華泰
曼秀雷敦 SKINAQUA水潤肌超保濕水感防曬露 SPF50+ PA++ 【美華泰】,曼秀雷敦,SKINAQUA,水潤,肌超,保濕,水感,防曬露,SPF50,PA,++,美華泰
妮維雅 兒童柔護防曬乳液 SPF35 PA++ (臉部/身體適用)【美華泰】,妮維雅,兒童,柔護,防曬,乳液,SPF35PA,++,臉部,身體,適用,美華泰
Biore 含水防曬清透水凝露 SPF50【美華泰】,Biore,含水,防曬,清透,水,凝露,SPF50,美華泰
雪芙蘭 專業抗UV防曬乳液 (沁涼舒爽/水感保濕)SPF 50 ++++【美華泰】,雪芙蘭,專業,抗UV,防曬,乳液,沁涼,舒爽,水感,保濕,SPF50,++++,美華泰
巴迪3合1咖啡 炭燒風味/香濃原味/雙倍特濃【美華泰】,巴迪,3,合,1,咖啡,炭燒,風味,香濃,原味,雙倍,特濃,美華泰
廣源良天然噴霧保濕露/ 噴霧保濕活膚水【美華泰】,廣源良,天然,噴霧,保濕,露,噴霧,保濕,活膚水,美華泰
廣源良 菜瓜冰敷露【美華泰】,廣源良,菜瓜,冰敷,露,美華泰
蕊娜制汗系列(香體露/爽身膏/噴霧) 【美華泰】,蕊娜,制汗,系列,香體露,爽身膏,噴霧,美華泰
露得清 海灘終極防護曬隔離乳 SPF50【美華泰】 198g 買一送一,露得清,海灘,終極,防護,曬,隔離乳,SPF50,美華泰,198g,買一送一
露得清 海灘終極防護  防曬噴霧 SPF30【美華泰】,露得清,海灘,終極,防護,防曬,噴霧,SPF30,美華泰
Biore 含水防曬凝露 90ml【美華泰】,Biore,含水,防曬,凝露,90ml,美華泰
L'EGERE 冰河水感/ 超防水運動防曬噴霧 SPF50 150ml 【美華泰】,L,EGERE,冰河,水感,超,防水,運動,防曬,噴霧,SPF50150ml,美華泰
Motex摩戴舒平面型一般口罩【美華泰】,Motex,摩戴舒,平面,型,一般,口罩,美華泰
MIRADA 5 色吸油面紙【美華泰】,MIRADA,5,色,吸油面紙,美華泰
正合味鱈魚絲/虱目魚香絲【美華泰】,正合,味,鱈魚,絲,虱目魚,香絲,美華泰
韓式岩燒海苔(原味/辣味)3入組【美華泰】,韓式,岩燒,海苔,原味,辣味,3,入組,美華泰
馬湛暢消梅  【美華泰】80g,馬湛,暢,消梅,美華泰,80g
迷你型3合一 USB 手機充電線(不挑色)【美華泰】,迷你型,3,合一,USB,手機,充電線,不,挑色,美華泰
九福玉米捲(椒鹽味)90g【美華泰】,九福,玉米,捲,椒鹽,味,90g,美華泰
得麗莎有機特級出榨橄欖油 500ml 【美華泰】,得,麗莎,有機,特級,出榨,橄欖油,500ml,美華泰
日本豆腐人傳輸充電果凍線Micro USB 【美華泰】,日本,豆腐,人,傳輸,充電,果凍,線,MicroUSB,美華泰
雪芙蘭淨肌冰河泥粉刺淨化洗面乳【美華泰】,雪芙蘭,淨肌,冰河,泥,粉刺,淨化,洗面乳,美華泰
雪芙蘭淨肌冰河泥角質代謝洗面乳【美華泰】,雪芙蘭,淨肌,冰河,泥,角質,代謝,洗面乳,美華泰
雪芙蘭淨肌冰河泥深層淨膚洗面乳【美華泰】,雪芙蘭,淨肌,冰河,泥,深層,淨膚,洗面乳,美華泰
Acnes 藥用抗痘凝膠 18g【美華泰】,Acnes,藥用,抗痘,凝膠,18g,美華泰
多芬潤澤深層潔淨3合一卸妝幕斯 【美華泰】,多芬,潤澤,深層,潔淨,3,合一,卸妝,幕斯,美華泰
多芬潤澤深層潔淨卸妝油【美華泰】,多芬,潤澤,深層,潔淨,卸妝油,美華泰
多芬潤澤深層潔淨卸妝乳【美華泰】,多芬,潤澤,深層,潔淨,卸妝乳,美華泰
多芬潤澤深層潔淨卸妝油幕絲【美華泰】,多芬,潤澤,深層,潔淨,卸妝油,幕絲,美華泰
舒酸定長效抗敏 雙效酷涼 【美華泰】120g 買一送一,舒酸定,長效,抗敏,雙效,酷涼,美華泰,120g,買一送一
舒酸定強化法瑯質牙膏110g【美華泰】,舒酸定,強化,法瑯質,牙膏,110g,美華泰
史努比全效型驅蚊貼片12枚入【美華泰】,史努比,全效,型,驅蚊,貼片,12,枚,入,美華泰
熊本熊驅蚊貼片   12枚入【美華泰】,熊本熊,驅蚊,貼片,12,枚,入,美華泰
銀離子除臭噴霧【美華泰】,銀離子,除臭,噴霧,美華泰
依必朗洗衣槽殺菌去污劑 330g 2入/包【美華泰】,依必朗,洗衣槽,殺菌,去,污劑,330g2,入,包,美華泰
EMO竹飄香30ml【美華泰】,EMO,竹,飄香,30ml,美華泰
EMO除濕桶補充包  600ml * 3 入【美華泰】,EMO,除濕桶,補充,包,600ml,3,入,美華泰
EMO閃亮晶球芳香消臭劑250g【美華泰】,EMO,閃亮,晶球,芳香,消臭劑,250g,美華泰
歐非香汽車用小香氛【美華泰】,歐非,香,汽車,用,小,香氛,美華泰
aroma飄香香芬包 25G【美華泰】,aroma,飄香,香芬,包,25G,美華泰
日文強力吸濕袋 50ML X 5入【美華泰】,日文,強力,吸濕,袋,50MLX5,入,美華泰
婦潔生理潔舒巾單包12片裝【美華泰】,婦潔,生理,潔舒巾,單包,12,片裝,美華泰
金得意巧撕廚紙112組X6捲【美華泰】,金,得意,巧,撕,廚紙,112,組,X6,捲,美華泰
高露潔抗敏專家牙膏 110G【美華泰】,高露潔,抗敏,專家,牙膏,110G,美華泰
舒潔濕式面紙15抽【美華泰】,舒潔,濕式,面紙,15,抽,美華泰
古寶無患子潤髮乳 450ML【美華泰】,古寶,無患子,潤髮乳,450ML,美華泰
古寶無患子洗髮精華露 450ML 【美華泰】,古寶,無患子,洗髮,精華露,450ML,美華泰
Beauty Puffs海綿#10【美華泰】,BeautyPuffs,海綿,10,美華泰
天使愛戀3D閃亮眼線液 6ML【美華泰】,天使,愛戀,3D,閃亮,眼線液,6ML,美華泰
Acnes抗痘BB霜 【美華泰】30g,Acnes,抗痘,BB霜,美華泰,30g
妮維雅止汗爽身噴霧 150ml 高效柔順【美華泰】,妮維雅,止汗,爽身,噴霧,150ml,高效,柔順,美華泰
SHANJI善肌 甜蜜摯愛禮盒組 【美華泰】,SHANJI,善肌,甜蜜,摯愛,禮盒組,美華泰
森田藥粧 炭深層控油 / 茶樹蘆薈淨化 洗面乳100ml【美華泰】,森田藥粧,炭,深層,控油,茶樹,蘆薈,淨化,洗面乳,100ml,美華泰
姍拉娜治痘 / 美白 洗面乳120g【美華泰】,姍拉娜,治痘,美白,洗面乳,120g,美華泰
max tea  印尼三合一拉茶袋750g【美華泰】,maxtea,印尼,三合一,拉,茶袋,750g,美華泰
Lotus50片比利時焦糖蓮花餅【美華泰】,Lotus50,片,比利時,焦糖,蓮花,餅,美華泰
台灣一番水果果乾 芒果 / 草莓 / 情人果【美華泰】,台灣一番,水果,果乾,芒果,草莓,情人果,美華泰
台灣一番水果果乾 鳳梨 / 芭樂 / 哈密瓜 【美華泰】,台灣一番,水果,果乾,鳳梨,芭樂,哈密瓜,美華泰
獅子寶寶淨柔潤嬰兒濕巾 厚型80張 / 一般型100張 / 包【美華泰】,獅子,寶寶,淨,柔潤,嬰兒,濕巾,厚型,80,張,一般型,100,張,包,美華泰
黑人牙膏120g【美華泰】,黑人,牙膏,120g,美華泰
柔情 Line Friend 授權紙手帕 10抽x30包 【美華泰】,柔情,LineFriend,授權,紙,手帕,10,抽,x30,包,美華泰
象印可分解杯蓋真空保溫杯0.48L 黑 / 金 / 粉【美華泰】,象印,可,分解,杯蓋,真空,保溫杯,0.48,L,黑,金,粉,美華泰
JINNI健康高彈力褲襪九分褲【美華泰】,JINNI,健康,高,彈力,褲襪,九分褲,美華泰
日本ELMIE泡沫去血污劑200ML【美華泰】,日本,ELMIE,泡沫,去,血污劑,200ML,美華泰
土耳其橄欖深層強效滋養修護霜20ML【美華泰】,土耳其,橄欖,深層,強效,滋養,修護霜,20ML,美華泰
艾瑪-輕如羽毛腿部舒緩霜60ML /盒【美華泰】,艾瑪,輕如,羽毛,腿部,舒緩霜,60ML,盒,美華泰
歌林750W 吹風機【美華泰】,歌林,750W,吹風機,美華泰
星之冠CAT指甲油系列【美華泰】,星之冠,CAT,指甲油,系列,美華泰
我的心機 活性碳粉刺拔除黑拔模組 / 清潔黑凍膜 【美華泰】,我的心機,活性碳,粉刺,拔除,黑拔,模組,清潔,黑,凍膜,美華泰
Solone 防水眼線膠筆系列 銀鑽黑【美華泰】,Solone,防水,眼線,膠筆,系列,銀,鑽,黑,美華泰
Your Heart 蛋黃哥膠原濃潤保濕乳液 / 化妝水 / 噴霧【美華泰】,YourHeart,蛋黃哥,膠原,濃潤,保濕,乳液,化妝水,噴霧,美華泰
ES沙龍級豐盈強韌深層 / 蠶絲蛋白瞬效修復洗髮精,ES,沙龍級,豐盈,強韌,深層,蠶絲,蛋白,瞬效,修復,洗髮精
"美舒律 蒸氣眼罩禮盒15P ""數量有限售完為止""",美舒律,蒸氣,眼罩,禮盒,15P,數量,有限,售完,為止
Opal澳寶一分鍾焗油-深層修護【美華泰】225ml,Opal,澳寶,一分,鍾,焗油,深層,修護,美華泰,225ml
BABI塑軸棉棒200支*6袋【美華泰】,BABI,塑軸,棉棒,200,支,6,袋,美華泰
鉑潤肌馬油/白金保濕/薏仁草本濕敷化妝水1000ML【美華泰】,鉑潤,肌,馬油,白金,保濕,薏仁,草本,濕敷,化妝水,1000ML,美華泰
白鴿手洗精補充包【美華泰】800g,白鴿,手洗,精,補充,包,美華泰,800g
3M細滑牙線棒150入【美華泰】,3M,細滑,牙線,棒,150,入,美華泰
美華泰獨家抽取衛生紙便利箱110抽30入,美華泰,獨家,抽取,衛生紙,便利箱,110,抽,30,入
蘇菲立體防漏側邊#日用潔翼 4包入/組【美華泰】,蘇菲,立體,防漏,側邊,日用,潔翼,4,包入,組,美華泰
黑人牙刷2入/3入(炭絲旋潔 / 螺旋深潔 / 炭絲高密)【美華泰】,黑人,牙刷,2,入,3,入,炭絲旋潔,螺旋,深潔,炭絲,高密,美華泰
雪芙蘭經典滋養唇膏7G【美華泰】,雪芙蘭,經典,滋養,唇膏,7G,美華泰
康乃馨透氣超薄護墊15CM 40片2包組【美華泰】,康乃馨,透氣,超薄,護墊,15CM40,片,2,包組,美華泰
絲花化妝棉2入【美華泰】,絲花,化妝棉,2,入,美華泰
韓國DREAMAL老虎緊緻面膜【美華泰】,韓國,DREAMAL,老虎,緊緻,面膜,美華泰
保濕專科彈潤護唇膏【美華泰】,保濕,專科,彈潤,護唇膏,美華泰
妖怪手錶童襪【美華泰】,妖怪,手錶,童襪,美華泰
亮麗毛絨圍巾【美華泰】,亮麗,毛絨,圍巾,美華泰
蝴蝶餅( 乾酪起司 蜂蜜芥茉 墨西哥辣椒 海鹽焦糖)125g100g【美華泰】,蝴蝶餅,乾酪,起司,蜂蜜,芥茉,墨西哥,辣椒,海鹽,焦糖,125g100g,美華泰
男九分貼身保暖褲120D【美華泰】,男九分,貼身,保暖,褲,120D,美華泰
LIGHT&DARK複合纖維平口褲【美華泰】,LIGHT,DARK,複合,纖維,平口褲,美華泰
玻璃隨行瓶550ml【美華泰】,玻璃,隨行,瓶,550ml,美華泰
陶瓷削皮刀組【美華泰】隨機不挑色,陶瓷,削皮,刀組,美華泰,隨機,不,挑色
玻璃隨行杯280ml【美華泰】,玻璃,隨行杯,280ml,美華泰
小小兵不鏽鋼彈跳保溫瓶300ml【美華泰】,小小兵,不鏽鋼,彈跳,保溫瓶,300ml,美華泰
小小兵不鏽鋼彈跳保溫瓶420ml【美華泰】,小小兵,不鏽鋼,彈跳,保溫瓶,420ml,美華泰
妖怪手錶精梳棉男童內褲2入100-140CM【美華泰】,妖怪,手錶,精,梳棉,男童,內褲,2,入,100,140CM,美華泰
KITTY頭形室內絨布拖【美華泰】,KITTY,頭形,室內,絨布,拖,美華泰
香氛身體乳液【美華泰】,香氛,身體,乳液,美華泰
香薰花瓶組(大)【美華泰】,香薰,花瓶,組,大,美華泰
EBisSU-I型牙刷10入【美華泰】,EBisSU,I,型,牙刷,10,入,美華泰
柔情保濕感袖珍包面紙36入【美華泰】,柔情,保濕感,袖珍,包,面紙,36,入,美華泰
mod's hair加強捲度慕絲130g【美華泰】,mod,shair,加強,捲度,慕絲,130g,美華泰
澳寶洗護隨行裝60ml+60ml 組【美華泰】,澳寶,洗護,隨行,裝,60ml,60ml,組,美華泰
GREEN DAY牙線棒800支【美華泰】,GREENDAY,牙線,棒,800,支,美華泰
蘇菲彈力貼身量少潔翼16P【美華泰】,蘇菲,彈力,貼身,量少,潔翼,16P,美華泰
仙蒂洗髮精 1000 ml【美華泰】,仙蒂,洗髮精,1000ml,美華泰
台塑-髮根強化洗髮精/黃580g,台塑,髮根,強化,洗髮精,黃,580g
漾潔輕妝綺肌長效粉底液系列【美華泰】,漾潔,輕妝,綺,肌,長效,粉底液,系列,美華泰
全效抗菌軟柔洗衣精1800g【美華泰】,全效,抗菌,軟柔,洗衣精,1800g,美華泰
施巴潤膚乳液400ML【美華泰】,施巴,潤膚,乳液,400ML,美華泰
L'EGERE蛋肌水感CC霜SPF50+PA+++35G【美華泰】,L,EGERE,蛋肌,水感,CC霜,SPF50,PA,+++,35G,美華泰
雪芙蘭經典1+1雙脣組【美華泰】,雪芙蘭,經典,1,1,雙,脣,組,美華泰
貝麗雙眼皮隱形白膠7ml(小)【美華泰】,貝麗,雙眼皮,隱形,白膠,7ml,小,美華泰
森田藥粧無添加深層卸妝棉48片【美華泰】,森田藥粧,無,添加,深層,卸妝棉,48,片,美華泰
全效強淨軟柔洗衣精1800g【美華泰】,全效,強淨,軟柔,洗衣精,1800g,美華泰
我的心機黑珍珠絲光嫩白黑面膜盒裝8入【美華泰】,我的心機,黑,珍珠,絲光,嫩白,黑,面膜,盒裝,8,入,美華泰
我的心機玻尿酸保濕鎖水黑面膜盒裝8入【美華泰】,我的心機,玻尿酸,保濕,鎖水,黑,面膜,盒裝,8,入,美華泰
韓國DERMAL熊貓美白面膜【美華泰】,韓國,DERMAL,熊貓,美白,面膜,美華泰
黑曜石泡泡泥膜-淨化保濕80G【美華泰】,黑曜石,泡泡,泥膜,淨化,保濕,80G,美華泰
EUNYUL竹子造型凝膠【美華泰】,EUNYUL,竹子,造型,凝膠,美華泰
EUNYUL馬油凝膠【美華泰】,EUNYUL,馬油,凝膠,美華泰
L'EGERE馬油奇蹟霜70g【美華泰】,L,EGERE,馬油,奇蹟,霜,70g,美華泰
MIRADA香氛清潔袋(大) 3入-檸檬草【美華泰】,MIRADA,香氛,清潔袋,大,3,入,檸檬草,美華泰
鱷魚水蒸式殺璊滅蟑劑附水罐 25g【美華泰】,鱷魚,水蒸式,殺,璊,滅,蟑劑,附水罐,25g,美華泰
NARIS UP 15acmedica美白化妝水150ml【美華泰】,NARISUP15acmedica,美白,化妝水,150ml,美華泰
MAMY POKO滿意寶寶溫和純水濕巾(補充包)100片 / 包 【美華泰】一般型,MAMYPOKO,滿意,寶寶,溫和,純水,濕巾,補充,包,100,片,包,美華泰,一般型
滿意寶寶溫和純水濕巾(補充包)厚80片【美華泰】6包,滿意,寶寶,溫和,純水,濕巾,補充,包,厚,80,片,美華泰,6,包
森永多樂福-特產水果糖180g【美華泰】,森永,多,樂福,特產,水果糖,180g,美華泰
立夢生梅糖85g【美華泰】,立夢生,梅糖,85g,美華泰
Lotte檸檬C糖17g【美華泰】,Lotte,檸檬,C,糖,17g,美華泰
雙盟酥棒(草莓/巧克力/牛奶)100g【美華泰】,雙盟,酥,棒,草莓,巧克力,牛奶,100g,美華泰
ㄋㄟㄋㄟ補給站-原味75g【美華泰】,ㄋ,ㄟ,ㄋ,ㄟ,補給站,原味,75g,美華泰
ㄋㄟㄋㄟ補給站-巧克力75g【美華泰】,ㄋ,ㄟ,ㄋ,ㄟ,補給站,巧克力,75g,美華泰
LOREAL 萊雅溫和眼部卸妝液  【美華泰】125ml買一送一,LOREAL,萊雅,溫和,眼部,卸妝液,美華泰,125ml,買一送一
迷你蝴蝶餅-原味255g【美華泰】,迷你,蝴蝶餅,原味,255g,美華泰
美琪 天然T3抗菌香皂100g*3(全效草本)【美華泰】,美琪,天然,T3,抗菌,香皂,100g,3,全效,草本,美華泰
美琪 天然T3抗菌香皂100g*3(全效麝香)【美華泰】,美琪,天然,T3,抗菌,香皂,100g,3,全效,麝香,美華泰
美琪 天然T3抗菌香皂100g*3(全效家護)【美華泰】,美琪,天然,T3,抗菌,香皂,100g,3,全效,家護,美華泰
蘇菲彈力貼身抑菌日薄翼35cm(8片/包)【美華泰】,蘇菲,彈力,貼身,抑菌,日,薄翼,35cm,8,片,包,美華泰
蘇菲彈力貼身抑菌日薄翼28cm(13片/包)*3【美華泰】,蘇菲,彈力,貼身,抑菌,日,薄翼,28cm,13,片,包,3,美華泰
蘇菲彈力貼身抑菌日薄翼23cm(15片/包)*3【美華泰】,蘇菲,彈力,貼身,抑菌,日,薄翼,23cm,15,片,包,3,美華泰
Biore 深層卸粧精華露230ml【美華泰】,Biore,深層,卸粧,精華露,230ml,美華泰
資生堂睫毛夾【美華泰】,資生堂,睫毛,夾,美華泰
Kiss me花漾美姬 唯美極細眉筆0.07g【美華泰】,Kissme,花漾,美姬,唯美,極細,眉筆,0.07,g,美華泰
Heavy Rotation 3秒整型桃花臥蠶眼線液3ml【美華泰】,HeavyRotation3,秒,整型,桃花,臥蠶,眼線液,3ml,美華泰
Kiss Me花漾美姬 新翹力濃密防水睫毛膏6g 【美華泰】,KissMe,花漾,美姬,新翹力,濃密,防水,睫毛膏,6g,美華泰
Kiss Me花漾美姬 璀璨淚眼防水眼線液EX 2.5g【美華泰】,KissMe,花漾,美姬,璀璨,淚眼,防水,眼線液,EX2,5g,美華泰
高露潔三重功效牙膏160g 【美華泰】,高露潔,三重,功效,牙膏,160g,美華泰
LOTTE 千層派73g【美華泰】,LOTTE,千層,派,73g,美華泰
SOFINA蘇菲娜 透美顏卸妝露200ml 【美華泰】,SOFINA,蘇菲娜,透,美顏,卸妝露,200ml,美華泰
SOFINA蘇菲娜 芯美顏活氧按摩泡泡170ml 【美華泰】,SOFINA,蘇菲娜,芯,美顏,活氧,按摩,泡泡,170ml,美華泰
SOFINA蘇菲娜 透美顏潔顏蜜100ml 【美華泰】,SOFINA,蘇菲娜,透,美顏,潔顏,蜜,100ml,美華泰
SOFINA蘇菲娜 透美顏日間保濕防護乳30g 【美華泰】,SOFINA,蘇菲娜,透,美顏,日間,保濕,防護乳,30g,美華泰
SOFINA蘇菲娜 透美顏水凝乳液50g 【美華泰】,SOFINA,蘇菲娜,透,美顏,水凝,乳液,50g,美華泰
SOFINA蘇菲娜 透美顏美白水凝乳液50g 【美華泰】,SOFINA,蘇菲娜,透,美顏,美白,水凝,乳液,50g,美華泰
SOFINA蘇菲娜 透美顏美白日間保濕防護乳30ml 【美華泰】,SOFINA,蘇菲娜,透,美顏,美白,日間,保濕,防護乳,30ml,美華泰
SOFINA蘇菲娜 漾緁輕妝綺肌長效粉餅9g【美華泰】,SOFINA,蘇菲娜,漾,緁,輕妝,綺,肌,長效,粉餅,9g,美華泰
SOFINA蘇菲娜 漾緁水潤瓷效妝前隔離乳 SPF15 PA++ 25g【美華泰】,SOFINA,蘇菲娜,漾,緁,水潤,瓷效,妝前,隔離乳,SPF15PA,++,25g,美華泰
SOFINA蘇菲娜 漾緁控油瓷效蜜粉6g【美華泰】,SOFINA,蘇菲娜,漾,緁,控油,瓷效,蜜粉,6g,美華泰
SOFINA蘇菲娜 輕妝綺肌長效粉底液 升級版SPF20.PA++【美華泰】30ml,SOFINA,蘇菲娜,輕妝,綺,肌,長效,粉底液,升級版,SPF20,PA,++,美華泰,30ml
妮維亞 防曬水活透白凝露40ml 【美華泰】,妮維亞,防曬水,活,透白,凝露,40ml,美華泰
肌研白潤冰淨毛孔緊緻亮白精華200ml 【美華泰】,肌研,白潤,冰淨,毛孔,緊緻,亮白,精華,200ml,美華泰
韓國Baroness蝸牛保濕凝凍【美華泰】,韓國,Baroness,蝸牛,保濕,凝凍,美華泰
Bifesta碧菲絲特 特水嫩即淨卸妝棉 46張【美華泰】,Bifesta,碧菲絲,特特,水嫩,即淨,卸妝棉,46,張,美華泰
Bifesta碧菲絲特 毛孔即淨卸妝棉 46張 【美華泰】,Bifesta,碧菲絲特,毛孔,即淨,卸妝棉,46,張,美華泰
Bifesta碧菲絲特 溫和即淨眼唇卸妝液 145ml 【美華泰】,Bifesta,碧菲絲特,溫和,即淨,眼唇,卸妝液,145ml,美華泰
Biore蜜妮 粉潤光美肌防曬乳液 40ml 【美華泰】,Biore,蜜妮,粉潤光,美肌,防曬,乳液,40ml,美華泰
Biore蜜妮 玩美清透防曬噴霧 50g 【美華泰】,Biore,蜜妮,玩美,清透,防曬,噴霧,50g,美華泰
Biore蜜妮 清透極淨洗面乳 100g 【美華泰】,Biore,蜜妮,清透,極淨,洗面乳,100g,美華泰
Softymo絲芙蒂 純淨植物洗面乳(瑩透型) 130g 【美華泰】,Softymo,絲芙蒂,純淨,植物,洗面乳,瑩透,型,130g,美華泰
Softymo絲芙蒂 純淨植物洗面乳(水嫩型) 130g 【美華泰】,Softymo,絲芙蒂,純淨,植物,洗面乳,水嫩,型,130g,美華泰
Softymo絲芙蒂 純淨植物泡洗顏(瑩透型) 180ml 【美華泰】,Softymo,絲芙蒂,純淨,植物,泡,洗顏,瑩透,型,180ml,美華泰
Softymo絲芙蒂 純淨植物泡洗顏(水嫩型) 180ml 【美華泰】,Softymo,絲芙蒂,純淨,植物,泡,洗顏,水嫩,型,180ml,美華泰
Bifesta碧菲絲特 特清爽即淨卸妝水 300ml 【美華泰】,Bifesta,碧菲絲,特特,清爽,即淨,卸妝水,300ml,美華泰
Bifesta碧菲絲特 特保濕即淨卸妝水 300ml 【美華泰】,Bifesta,碧菲絲,特特,保濕,即淨,卸妝水,300ml,美華泰
Bifesta碧菲絲特 抗暗沉即淨卸妝水 300ml 【美華泰】,Bifesta,碧菲絲,特抗,暗沉,即淨,卸妝水,300ml,美華泰
Bifesta碧菲絲特 Q10即淨卸妝水 300ml 【美華泰】,Bifesta,碧菲絲特,Q10,即淨,卸妝水,300ml,美華泰
雪芙蘭超水感清透保濕防曬乳液 SPF50+【美華泰】,雪芙蘭,超水感,清透,保濕,防曬,乳液,SPF50,美華泰
雪芙蘭超水感清透防曬凝露 SPF27 80g【美華泰】,雪芙蘭,超水感,清透,防曬,凝露,SPF2780g,美華泰
韓國White Organia葡萄柚凝凍【美華泰】,韓國,WhiteOrgania,葡萄柚,凝凍,美華泰
韓國Baroness蘆薈舒緩凝凍【美華泰】,韓國,Baroness,蘆薈,舒緩,凝凍,美華泰
驅塵氏靜電除塵紙 25片【美華泰】,驅塵氏,靜電,除塵紙,25,片,美華泰
克潮靈櫥櫃用除濕劑 400ml-備長炭*4入【美華泰】,克潮靈,櫥櫃,用,除濕劑,400ml,備長炭,4,入,美華泰
克潮靈櫥櫃用除濕劑 400ml-玫瑰x4入【美華泰】,克潮靈,櫥櫃,用,除濕劑,400ml,玫瑰,x4,入,美華泰
SANA莎娜柔和三用眉筆(7色)【美華泰】,SANA,莎娜,柔和,三用,眉筆,7,色,美華泰
超微粒多功能瑜珈枕【美華泰】,超,微粒,多功能,瑜珈,枕,美華泰
黑人專業清新牙膏 120g【美華泰】,黑人,專業,清新,牙膏,120g,美華泰
黑人專業亮白牙膏 120g【美華泰】,黑人,專業,亮白,牙膏,120g,美華泰
黑人專業護齦牙膏 120g【美華泰】,黑人,專業,護齦,牙膏,120g,美華泰
黑人雙重功效牙膏 175g【美華泰】,黑人,雙重,功效,牙膏,175g,美華泰
舒酸定牙齦護理牙膏 120g【美華泰】,舒酸定,牙齦,護理,牙膏,120g,美華泰
叮寧小黑蚊防蚊液 100ml【美華泰】,叮寧,小黑蚊,防蚊液,100ml,美華泰
Mr.Right印度拉茶 300g【美華泰】,Mr,Right,印度,拉茶,300g,美華泰
GREEN DAY竹炭扁線牙線棒 600支【美華泰】,GREENDAY,竹炭,扁線,牙線,棒,600,支,美華泰
3M無痕中型掛鉤【美華泰】,3M,無痕,中型,掛鉤,美華泰
3M無痕小型掛鉤【美華泰】,3M,無痕,小型,掛鉤,美華泰
3M無痕大型掛鉤【美華泰】,3M,無痕,大型,掛鉤,美華泰
1028深層潔淨卸妝乳【美華泰】,1028,深層,潔淨,卸妝乳,美華泰
SOFINA 蘇菲娜 漾緁 控油瓷效妝前隔離乳【美華泰】,SOFINA,蘇菲娜,漾,緁,控油,瓷效,妝前,隔離乳,美華泰
森田藥粧保濕深層卸妝棉 48片【美華泰】,森田藥粧,保濕,深層,卸妝棉,48,片,美華泰
Hello Kitty蝴蝶結絨毛地墊 45cm*65cm-紅【美華泰】,HelloKitty,蝴蝶結,絨毛,地墊,45cm,65cm,紅,美華泰
台塑恆采固色洗髮精 580g-深橘【美華泰】,台塑,恆采,固色,洗髮精,580g,深橘,美華泰
GREEN DAY塑軸棉花棒 1000支【美華泰】,GREENDAY,塑軸,棉花棒,1000,支,美華泰
Hello Kitty蝴蝶結絨毛地墊 45cm*65cm-紫【美華泰】,HelloKitty,蝴蝶結,絨毛,地墊,45cm,65cm,紫,美華泰
NRK牛奶嫩白洗面乳 100ml【美華泰】,NRK,牛奶,嫩白,洗面乳,100ml,美華泰
施巴沐浴乳 1000ml【美華泰】,施巴,沐浴乳,1000ml,美華泰
GREEN DAY牙線棒 800支【美華泰】,GREENDAY,牙線,棒,800,支,美華泰
花仙子驅塵氏兩用靜電乾濕拖把【美華泰】,花仙子,驅塵氏,兩用,靜電,乾濕,拖把,美華泰
妮維雅夜間美白保濕精華乳 200ml【美華泰】,妮維雅,夜間,美白,保濕,精華乳,200ml,美華泰
花仙子驅塵氏抗菌濕拖巾 12張-檜木防蟲【美華泰】,花仙子,驅塵氏,抗菌,濕拖巾,12,張,檜木,防蟲,美華泰
妮維雅極潤修護乳液 400ml【美華泰】,妮維雅,極潤,修護,乳液,400ml,美華泰
妮維雅絲滑瑩亮乳液 400ml【美華泰】,妮維雅,絲滑,瑩亮,乳液,400ml,美華泰
妮維雅水潤輕透乳液 400ml【美華泰】,妮維雅,水潤,輕透,乳液,400ml,美華泰
妮維雅美體緊膚乳液 400ml【美華泰】,妮維雅,美體,緊膚,乳液,400ml,美華泰
SANA ESTENY沙龍級淨膚沐浴乳 300ml【美華泰】,SANAESTENY,沙龍級,淨膚,沐浴乳,300ml,美華泰
舒適水次元修整造型刀【美華泰】,舒適,水次,元,修整,造型,刀,美華泰
妮維雅男士止汗爽身噴霧 150ml-極光炫藍【美華泰】,妮維雅,男士,止汗,爽身,噴霧,150ml,極,光炫,藍,美華泰
蜜妮Biore男用加大尺寸妙鼻貼 10片入-黑色【美華泰】,蜜妮,Biore,男用,加大,尺寸,妙鼻貼,10,片入,黑色,美華泰
曼秀雷敦男士緊緻彈力洗面乳 100g【美華泰】,曼秀雷敦,男士,緊緻,彈力,洗面乳,100g,美華泰
妮維雅男士止汗爽身噴霧 150ml-乾適活力【美華泰】,妮維雅,男士,止汗,爽身,噴霧,150ml,乾適,活力,美華泰
小不叮驅蚊滾珠乳 30ml-小黑蚊/嬰幼【美華泰】,小不叮,驅蚊,滾珠,乳,30ml,小黑蚊,嬰幼,美華泰
自白肌玻尿酸水感保濕防曬凝露 SPF50 50g【美華泰】,自白,肌,玻尿酸,水感,保濕,防曬,凝露,SPF5050g,美華泰
曼秀雷敦Acne抗痘美白洗面乳100g【美華泰】,曼秀雷敦,Acne,抗痘,美白,洗面乳,100g,美華泰
Avalon精油洗髮精 325ml-迷迭香【美華泰】,Avalon,精油,洗髮精,325ml,迷迭香,美華泰
防曬專科礦泉水感Q10保濕防曬乳【美華泰】,防曬,專科,礦泉水,感,Q10,保濕,防曬,乳,美華泰
小不叮驅蚊滾珠乳 100ml-小黑蚊/嬰幼【美華泰】,小不叮,驅蚊,滾珠,乳,100ml,小黑蚊,嬰幼,美華泰
小不叮驅蚊滾珠乳 100ml-小黑蚊/全家【美華泰】,小不叮,驅蚊,滾珠,乳,100ml,小黑蚊,全家,美華泰
小不叮驅蚊噴霧 200ml-小黑蚊/嬰兒【美華泰】,小不叮,驅蚊,噴霧,200ml,小黑蚊,嬰兒,美華泰
Avalon精油洗髮精 325ml-薄荷【美華泰】,Avalon,精油,洗髮精,325ml,薄荷,美華泰
Biore抗痘保濕洗顏慕絲 160ml【美華泰】,Biore,抗痘,保濕,洗顏,慕絲,160ml,美華泰
Biore抗痘控油洗顏慕絲 160ml【美華泰】,Biore,抗痘,控油,洗顏,慕絲,160ml,美華泰
曼秀雷敦Acnes天然麻吸油面紙 100片入【美華泰】,曼秀雷敦,Acnes,天然,麻,吸油面紙,100,片入,美華泰
Biore抗痘控油洗顏慕絲更替瓶 160ml【美華泰】,Biore,抗痘,控油,洗顏,慕絲,更替,瓶,160ml,美華泰
曼秀雷敦Acnes清爽吸油面紙 60片入【美華泰】,曼秀雷敦,Acnes,清爽,吸油面紙,60,片入,美華泰
曼秀雷敦Acne抗痘粉狀調理水 150ml【美華泰】,曼秀雷敦,Acne,抗痘,粉狀,調理,水,150ml,美華泰
曼秀雷敦Acne抗痘美白潔面慕斯 150ml【美華泰】,曼秀雷敦,Acne,抗痘,美白,潔面,慕斯,150ml,美華泰
曼秀雷敦Acne抗痘潔面慕斯 150ml【美華泰】,曼秀雷敦,Acne,抗痘,潔面,慕斯,150ml,美華泰
我的心機玻尿酸四效保濕水乳液 200ml【美華泰】,我的心機,玻尿酸,四效,保濕水,乳液,200ml,美華泰
黑人全亮白竹炭深潔牙膏 140g【美華泰】,黑人,全,亮白,竹炭,深潔,牙膏,140g,美華泰
蜜妮Biore深層卸妝油 230ml【美華泰】,蜜妮,Biore,深層,卸妝油,230ml,美華泰
澳寶一分鐘焗油經典護理 【美華泰】225ml,澳寶,一分鐘,焗油,經典,護理,美華泰,225ml
廣源良防曬噴霧 SPF50 145ml-沁涼【美華泰】,廣源良,防曬,噴霧,SPF50145ml,沁涼,美華泰
1028深層潔淨超綿感泡泡保濕洗面乳【美華泰】,1028,深層,潔淨,超綿感,泡泡,保濕,洗面乳,美華泰
思高玫瑰玻尿酸精華液 200g【美華泰】,思高,玫瑰,玻尿酸,精華液,200g,美華泰
思高玫瑰淨白眼唇卸粧液 500ml【美華泰】,思高,玫瑰,淨白,眼唇,卸粧液,500ml,美華泰
麗仕Lux絲蛋白精華玫瑰香氣沐浴乳 1L-水嫩柔膚【美華泰】,麗仕,Lux,絲,蛋白,精華,玫瑰,香氣,沐浴乳,1L,水嫩,柔膚,美華泰
蜜妮Biore淨嫩沐浴乳寵愛潤澤型 700ml【美華泰】,蜜妮,Biore,淨嫩,沐浴乳,寵愛,潤澤,型,700ml,美華泰
莎啦莎啦玫瑰嫩白沐浴乳 1000ml【美華泰】,莎,啦,莎,啦,玫瑰,嫩白,沐浴乳,1000ml,美華泰
蜜妮Biore淨嫩沐浴乳寵愛潤澤型 1000ml【美華泰】,蜜妮,Biore,淨嫩,沐浴乳,寵愛,潤澤,型,1000ml,美華泰
曼秀雷敦SUNPLAY防曬乳液SPF50+ PA+++ 35g-戶外玩樂型【美華泰】,曼秀雷敦,SUNPLAY,防曬,乳液,SPF50,PA,+++,35g,戶外,玩樂,型,美華泰
曼秀雷敦水潤肌瞬間清爽防曬噴霧 SPF50+ PA+++ 50g【美華泰】,曼秀雷敦,水潤,肌,瞬間,清爽,防曬,噴霧,SPF50,PA,+++,50g,美華泰
曼秀雷敦SUNPLAY防曬乳液SPF50+ PA+++ 35g-清透涼爽型【美華泰】,曼秀雷敦,SUNPLAY,防曬,乳液,SPF50,PA,+++,35g,清透,涼爽,型,美華泰
海洋魔力蘆薈曬後保濕凝膠 250ml【美華泰】,海洋,魔力,蘆薈,曬,後,保濕,凝膠,250ml,美華泰
OLAY歐蕾高效隔離防曬乳(加強型)SPF50 PA+++ 40ml【美華泰】,OLAY,歐蕾,高效,隔離,防曬,乳,加強型,SPF50PA,+++,40ml,美華泰
妮維雅涼感長效防曬噴霧 SPF50+ PA+++ 200ml【美華泰】,妮維雅,涼感,長效,防曬,噴霧,SPF50,PA,+++,200ml,美華泰
雪芙蘭防曬熊厲害 寶貝防曬乳液 SPF30 80g【美華泰】,雪芙蘭,防曬,熊,厲害,寶貝,防曬,乳液,SPF3080g,美華泰
雪芙蘭防曬乳液SPF40 PA+++ 65g-海邊戲水/防水配方【美華泰】,雪芙蘭,防曬,乳液,SPF40PA,+++,65g,海邊,戲水,防水,配方,美華泰
防曬專科礦泉水感防曬乳 戶外型 SPF50 PA+++ 40ml【美華泰】,防曬,專科,礦泉水,感,防曬,乳,戶外型,SPF50PA,+++,40ml,美華泰
香蕉船礦物防曬乳液 SPF50+ PA+++ 90ml-天然系列【美華泰】,香蕉船,礦物,防曬,乳液,SPF50,PA,+++,90ml,天然,系列,美華泰
香蕉船曬後修護蘆薈清涼凝露 230g【美華泰】,香蕉船,曬,後,修護,蘆薈,清涼,凝露,230g,美華泰
雪芙蘭防曬乳液SPF30 PA+++ 65g-戶外運動/抗汗配方【美華泰】,雪芙蘭,防曬,乳液,SPF30PA,+++,65g,戶外,運動,抗汗,配方,美華泰
香蕉船防曬乳液 SPF50 PA+++ 90ml-兒童系列【美華泰】,香蕉船,防曬,乳液,SPF50PA,+++,90ml,兒童,系列,美華泰
Za美白防曬霜 SPF26 PA++ 35g【美華泰】,Za,美白,防曬,霜,SPF26PA,++,35g,美華泰
香蕉船防曬乳液 SPF50 PA+++ 90ml-運動系列【美華泰】,香蕉船,防曬,乳液,SPF50PA,+++,90ml,運動,系列,美華泰
廣源良戰痘專用調理乳 75ml-清爽【美華泰】,廣源良,戰痘,專用,調理乳,75ml,清爽,美華泰
可麗舒廚房紙巾 60張 6捲【美華泰】,可麗舒,廚房,紙巾,60,張,6,捲,美華泰
ACTIMED艾迪美蜜臘脫毛片 10對入【美華泰】,ACTIMED,艾迪,美,蜜臘,脫毛,片,10,對入,美華泰
香蕉船防曬乳液 SPF50 PA+++ 90ml-滋潤系列【美華泰】,香蕉船,防曬,乳液,SPF50PA,+++,90ml,滋潤,系列,美華泰
Sexy Look粉刺淨空組【美華泰】,SexyLook,粉刺,淨空,組,美華泰
森田藥粧玻尿酸臉部去角質凝膠 130ml【美華泰】,森田藥粧,玻尿酸,臉部,去,角質,凝膠,130ml,美華泰
森田藥粧青木瓜酵素淨化毛孔去角質凝露 130ml【美華泰】,森田藥粧,青木瓜,酵素,淨化,毛孔,去,角質,凝露,130ml,美華泰
森田藥粧玻尿酸去角質凝露 250ml【美華泰】,森田藥粧,玻尿酸,去,角質,凝露,250ml,美華泰
森田藥粧泡沬全身去角質凝露 250ml【美華泰】,森田藥粧,泡沬,全身,去,角質,凝露,250ml,美華泰
森田藥粧竹炭臉部去角質霜 120ml【美華泰】,森田藥粧,竹炭,臉部,去,角質,霜,120ml,美華泰
蕊娜長效乾爽制汗爽身噴霧 150ml【美華泰】,蕊娜,長效,乾爽,制汗,爽身,噴霧,150ml,美華泰
美國超強BAN體香膏 73g【美華泰】,美國,超強,BAN,體香膏,73g,美華泰
愛迪達adidas男用長效制汗爽身噴霧 150ml【美華泰】,愛迪達,adidas,男用,長效,制汗,爽身,噴霧,150ml,美華泰
精品免洗船型襪 5雙入-白【美華泰】,精品,免洗,船型,襪,5,雙入,白,美華泰
精品免洗船型襪 5雙入-黑【美華泰】,精品,免洗,船型,襪,5,雙入,黑,美華泰
相撲手紫菜脆海苔 -原味【美華泰】40g,相撲,手,紫菜,脆,海苔,原味,美華泰,40g
Hello Kitty超纖細牙刷【美華泰】,HelloKitty,超,纖細,牙刷,美華泰
Hello Kitty兒童牙刷 6歲以上【美華泰】,HelloKitty,兒童,牙刷,6,歲,以上,美華泰
Hello Kitty兒童牙刷【美華泰】,HelloKitty,兒童,牙刷,美華泰
EMO竹藤飄香器 60ml-檸檬【美華泰】,EMO,竹藤,飄香器,60ml,檸檬,美華泰
BCL小鼻白泥艷肌潔面皂 80g【美華泰】,BCL,小鼻白,泥艷肌,潔面皂,80g,美華泰
森田藥粧黑珍珠極緻潤白黑面膜 7入【美華泰】,森田藥粧,黑,珍珠,極,緻,潤白,黑,面膜,7,入,美華泰
森田藥粧複合玻尿酸黑面膜 7入【美華泰】,森田藥粧,複合,玻尿酸,黑,面膜,7,入,美華泰
森田藥粧複合膠原黑面膜 7入【美華泰】,森田藥粧,複合,膠原,黑,面膜,7,入,美華泰
SANA豆乳美肌Q10化妝水 200ml【美華泰】,SANA,豆乳,美肌,Q10,化妝水,200ml,美華泰
膚蕊佳麗寶碳酸泡沫慕斯 150g【美華泰】,膚蕊,佳麗寶,碳酸,泡沫,慕斯,150g,美華泰
SANA豆乳美肌碳酸泡沫洗面乳 110g【美華泰】,SANA,豆乳,美肌,碳酸,泡沫,洗面乳,110g,美華泰
三美人專業化妝用海綿 12入-#424海特大【美華泰】,三,美人,專業,化妝,用,海綿,12,入,424,海特,大,美華泰
五月花超強韌廚房紙巾 60張 6捲入【美華泰】,五月花,超,強韌,廚房,紙巾,60,張,6,捲入,美華泰
橘子工坊天然去油碗盤洗滌液補充包 430ml【美華泰】,橘子工坊,天然,去,油,碗盤,洗滌液,補充,包,430ml,美華泰
澎澎活泉保濕型沐浴乳補充包 700g【美華泰】,澎澎,活泉,保濕,型,沐浴乳,補充,包,700g,美華泰
澎澎元氣炭控油沐浴乳補充包 700g【美華泰】,澎澎,元氣,炭,控油,沐浴乳,補充,包,700g,美華泰
森田藥粧傳明酸抗黑淨白洗面乳 120g【美華泰】,森田藥粧,傳明酸,抗黑,淨白,洗面乳,120g,美華泰
舒妃染燙受損護髮霜 560ml【美華泰】,舒妃,染燙,受損,護髮霜,560ml,美華泰
澎澎茶樹精油淨化沐浴乳補充包 700g / 包【美華泰】,澎澎,茶樹,精油,淨化,沐浴乳,補充,包,700g,包,美華泰
廣源良菜瓜水 護膚專用 180ml 2瓶【美華泰】,廣源良,菜瓜水,護膚,專用,180ml2,瓶,美華泰
芙夏妮魅力舒活沐浴露 540ml【美華泰】,芙夏妮,魅力,舒活,沐浴露,540ml,美華泰
芙夏妮精采瑩嫩沐浴露 540ml【美華泰】,芙夏妮,精采,瑩嫩,沐浴露,540ml,美華泰
台塑生醫水律輕盈潤絲乳 530ml【美華泰】,台塑生醫,水律,輕盈,潤絲乳,530ml,美華泰
澎澎水漾清爽型沐浴乳補充包 700g*6包【美華泰】,澎澎,水漾,清爽型,沐浴乳,補充,包,700g,6,包,美華泰
澎澎亮澤滋潤型沐浴乳補充包 700g【美華泰】,澎澎,亮澤,滋潤型,沐浴乳,補充,包,700g,美華泰
芙夏妮能量嫩白沐浴乳 550ml【美華泰】,芙夏妮,能量,嫩白,沐浴乳,550ml,美華泰
Biore深層卸粧乳 180ml【美華泰】,Biore,深層,卸粧,乳,180ml,美華泰
莉婕莓果髮妝水 200ml-亮澤捲度【美華泰】,莉婕,莓果,髮妝水,200ml,亮澤,捲度,美華泰
橘子工坊天然碗盤洗滌液 500ml【美華泰】,橘子工坊,天然,碗盤,洗滌液,500ml,美華泰
愛迪達adidas男用雙效洗髮沐浴露 250ml-極限挑戰【美華泰】,愛迪達,adidas,男用,雙效,洗髮,沐浴露,250ml,極限,挑戰,美華泰
莉婕莓果髮妝水 340ml-輕滑保濕【美華泰】,莉婕,莓果,髮妝水,340ml,輕滑,保濕,美華泰
莉婕莓果髮妝水 200ml-輕滑保濕【美華泰】,莉婕,莓果,髮妝水,200ml,輕滑,保濕,美華泰
愛迪達adidas男用雙效洗髮沐浴露 250ml-典藏魅力【美華泰】,愛迪達,adidas,男用,雙效,洗髮,沐浴露,250ml,典藏,魅力,美華泰
SANA莎娜柔纖身體美容液 200ml【美華泰】,SANA,莎娜,柔纖,身體,美容液,200ml,美華泰
SANA莎娜新三溫暖膠 220ml【美華泰】,SANA,莎娜,新,三溫暖,膠,220ml,美華泰
MIRADA印花洗衣袋-30cm*32cm【美華泰】,MIRADA,印花,洗衣袋,30cm,32cm,美華泰
MIRADA印花洗衣袋-60cm*60cm【美華泰】,MIRADA,印花,洗衣袋,60cm,60cm,美華泰
MIRADA印花洗衣袋-50cm*50cm【美華泰】,MIRADA,印花,洗衣袋,50cm,50cm,美華泰
MIRADA印花洗衣袋-36cm*45cm【美華泰】,MIRADA,印花,洗衣袋,36cm,45cm,美華泰
花王魔術靈廚房清潔劑 噴槍瓶 500ml-萊姆香【美華泰】,花王,魔術靈,廚房,清潔劑,噴槍,瓶,500ml,萊姆,香,美華泰
花王魔術靈馬桶清潔劑 噴槍瓶 500ml-高密泡【美華泰】,花王,魔術靈,馬桶,清潔劑,噴槍,瓶,500ml,高密,泡,美華泰
花王魔術靈浴廁清潔劑 噴槍瓶 500ml【美華泰】,花王,魔術靈,浴廁,清潔劑,噴槍,瓶,500ml,美華泰
花王魔術靈浴室清潔劑 經濟瓶 500ml-檸檬香【美華泰】,花王,魔術靈,浴室,清潔劑,經濟,瓶,500ml,檸檬,香,美華泰
花王魔術靈玻璃清潔劑 補充瓶 500ml【美華泰】,花王,魔術靈,玻璃,清潔劑,補充瓶,500ml,美華泰
花王魔術靈浴室清潔劑 噴槍瓶 500ml-檸檬香【美華泰】,花王,魔術靈,浴室,清潔劑,噴槍,瓶,500ml,檸檬,香,美華泰
花王魔術靈浴廁清潔劑 經濟瓶 500ml【美華泰】,花王,魔術靈,浴廁,清潔劑,經濟,瓶,500ml,美華泰
花王魔術靈廚房不刺鼻清潔劑 噴槍瓶 500ml-青蘋香【美華泰】,花王,魔術靈,廚房,不,刺鼻,清潔劑,噴槍,瓶,500ml,青蘋香,美華泰
花王魔術靈廚房不刺鼻清潔劑 經濟瓶 500ml-青蘋香【美華泰】,花王,魔術靈,廚房,不,刺鼻,清潔劑,經濟,瓶,500ml,青蘋香,美華泰
花王魔術靈馬桶清潔劑 補充瓶 500ml-高密泡【美華泰】,花王,魔術靈,馬桶,清潔劑,補充瓶,500ml,高密,泡,美華泰
花仙子驅塵氏抗菌濕拖巾 12張-天然茶樹【美華泰】,花仙子,驅塵氏,抗菌,濕拖巾,12,張,天然,茶樹,美華泰
花仙子驅塵氏抗菌濕拖巾 12張-檸檬潔淨【美華泰】,花仙子,驅塵氏,抗菌,濕拖巾,12,張,檸檬,潔淨,美華泰
3M細滑牙線棒 32支入-單支包裝【美華泰】,3M,細滑,牙線,棒,32,支入,單支,包裝,美華泰
3M細滑牙線棒 36支入【美華泰】,3M,細滑,牙線,棒,36,支入,美華泰
Sexy Look黑面膜 5入-深層亮白【美華泰】,SexyLook,黑,面膜,5,入,深層,亮白,美華泰
Sexy Look黑面膜 5入-深層水潤【美華泰】,SexyLook,黑,面膜,5,入,深層,水潤,美華泰
Sexy Look黑面膜 5入-深層修護【美華泰】,SexyLook,黑,面膜,5,入,深層,修護,美華泰
愛戀膜法豐台灣面膜 5入-蘆薈絲瓜【美華泰】,愛戀膜法豐,台灣,面膜,5,入,蘆薈,絲瓜,美華泰
Sexy Look黑面膜 5入-水白淨荳【美華泰】,SexyLook,黑,面膜,5,入,水,白淨,荳,美華泰
妮維雅美白潤膚乳液 125ml【美華泰】,妮維雅,美白,潤膚,乳液,125ml,美華泰
蜜妮Biore深層卸粧棉 10片入【美華泰】,蜜妮,Biore,深層,卸粧棉,10,片入,美華泰
黑人全亮白牙膏-青檸薄荷【美華泰】140g,黑人,全,亮白,牙膏,青檸,薄荷,美華泰,140g
高露潔全效牙齦護理專家牙膏 110g【美華泰】,高露潔,全效,牙齦,護理,專家,牙膏,110g,美華泰
黑人全亮白牙膏 140g-晶亮修護【美華泰】,黑人,全,亮白,牙膏,140g,晶亮,修護,美華泰
黑人全亮白牙膏 140g-多效護理【美華泰】,黑人,全,亮白,牙膏,140g,多效,護理,美華泰
KOJI戀愛速攻果漾唇蜜 10g-甜桃【美華泰】,KOJI,戀愛,速攻,果漾,唇蜜,10g,甜桃,美華泰
巴黎萊雅LOREAL水清新保濕SPA柔膚水 175ml【美華泰】,巴黎萊雅,LOREAL,水,清新,保濕,SPA,柔膚水,175ml,美華泰
Maybelline媚比琳Clean Express眼唇卸妝液 70ml【美華泰】,Maybelline,媚比琳,CleanExpress,眼唇,卸妝液,70ml,美華泰
一匙靈洗衣精補充包 1.8kg-亮彩【美華泰】,一匙靈,洗衣精,補充,包,1.8,kg,亮彩,美華泰
Za美麗關鍵高機能保濕乳 125ml【美華泰】,Za,美麗,關鍵,高機能,保濕乳,125ml,美華泰
Za美麗關鍵高機能潔顏乳 100g【美華泰】,Za,美麗,關鍵,高機能,潔顏乳,100g,美華泰
Za零黏膩保濕卸妝油 200ml-乾濕兩用型【美華泰】,Za,零,黏膩,保濕,卸妝油,200ml,乾濕,兩用,型,美華泰
Za肌Q水潤洗面乳 100g-保濕型【美華泰】,Za,肌,Q,水潤,洗面乳,100g,保濕,型,美華泰
Za肌Q水潤洗面乳 100g-清爽型【美華泰】,Za,肌,Q,水潤,洗面乳,100g,清爽型,美華泰
Za肌Q水潤美白智慧BB霜 20g【美華泰】,Za,肌,Q,水潤,美白,智慧,BB霜,20g,美華泰
Kiss Me染眉膏-橘棕色【美華泰】,KissMe,染眉膏,橘,棕色,美華泰
Kiss Me華爾茲淚眼防水眼線液筆【美華泰】,KissMe,華爾茲,淚眼,防水,眼線液,筆,美華泰
Kiss Me濃黑眼線筆-速乾型【美華泰】,KissMe,濃黑,眼線筆,速乾,型,美華泰
Kiss Me MEGA濃密捲翹睫毛膏 7g【美華泰】,KissMeMEGA,濃密,捲翹,睫毛膏,7g,美華泰
Kiss Me MAXI纖長捲翹睫毛膏 7g【美華泰】,KissMeMAXI,纖長,捲翹,睫毛膏,7g,美華泰
Kiss Me唯美極細眼線筆-黑色【美華泰】,KissMe,唯美,極細,眼線筆,黑色,美華泰
MIRADA香氛清潔袋(中) 3入-竹炭香【美華泰】,MIRADA,香氛,清潔袋,中,3,入,竹炭,香,美華泰
MIRADA香氛清潔袋(大) 3入-竹炭香【美華泰】,MIRADA,香氛,清潔袋,大,3,入,竹炭,香,美華泰
MIRADA香氛清潔袋(小) 3入-薰衣草【美華泰】,MIRADA,香氛,清潔袋,小,3,入,薰衣草,美華泰
MIRADA 5色吸油面紙 【美華泰】/ 份,MIRADA,5,色,吸油面紙,美華泰,份
MIRADA香氛清潔袋(中) 3入-薰衣草【美華泰】,MIRADA,香氛,清潔袋,中,3,入,薰衣草,美華泰
MIRADA香氛清潔袋(大) 3入-檸檬草【美華泰】,MIRADA,香氛,清潔袋,大,3,入,檸檬草,美華泰
MIRADA香氛清潔袋(中) 3入-檸檬草【美華泰】,MIRADA,香氛,清潔袋,中,3,入,檸檬草,美華泰
MIRADA三美人212海棉10入/ 包【美華泰】,MIRADA,三,美人,212,海棉,10,入,包,美華泰
MIRADA香氛清潔袋(小) 3入-檀香【美華泰】,MIRADA,香氛,清潔袋,小,3,入,檀香,美華泰
MIRADA香氛清潔袋(中) 3入-檀香【美華泰】,MIRADA,香氛,清潔袋,中,3,入,檀香,美華泰
MIRADA香氛清潔袋(大) 3入-檀香【美華泰】,MIRADA,香氛,清潔袋,大,3,入,檀香,美華泰
黑人茶倍健牙膏 160g【美華泰】,黑人,茶倍,健,牙膏,160g,美華泰
黑人超氟牙膏 175g【美華泰】,黑人,超,氟,牙膏,175g,美華泰
MIRADA香氛清潔袋(大) 3入-薰衣草【美華泰】,MIRADA,香氛,清潔袋,大,3,入,薰衣草,美華泰
MIRADA香氛清潔袋(中) 3入-玫瑰【美華泰】,MIRADA,香氛,清潔袋,中,3,入,玫瑰,美華泰
MIRADA香氛清潔袋(小) 3入-玫瑰【美華泰】,MIRADA,香氛,清潔袋,小,3,入,玫瑰,美華泰
MIRADA香氛清潔袋(大) 3入-玫瑰【美華泰】,MIRADA,香氛,清潔袋,大,3,入,玫瑰,美華泰
MIRADA香氛清潔袋(小) 3入-檸檬草【美華泰】,MIRADA,香氛,清潔袋,小,3,入,檸檬草,美華泰
阿葵亞鎖水保濕洗髮乳 600ml【美華泰】,阿葵亞,鎖水,保濕,洗髮乳,600ml,美華泰
瑪宣妮柔美波浪捲髮乳 100ml【美華泰】,瑪宣妮,柔美,波浪,捲髮乳,100ml,美華泰
瑪宣妮造型果凍霧 195ml-絲滑感【美華泰】,瑪宣妮,造型,果凍,霧,195ml,絲滑,感,美華泰
Beauty Puff粉撲 12入【美華泰】,BeautyPuff,粉撲,12,入,美華泰
AROMASE艾瑪絲染燙舒敏頭皮隔離液 40ml【美華泰】,AROMASE,艾瑪絲,染燙,舒敏,頭皮,隔離,液,40ml,美華泰
台塑生醫乾敏護絲賦潤精華 70g-紫【美華泰】,台塑生醫,乾敏護絲,賦潤,精華,70g,紫,美華泰
台塑晶極潤澤洗髮精 580g-紫【美華泰】,台塑,晶極,潤澤,洗髮精,580g,紫,美華泰
台塑控油抗屑洗髮精 580g-紅【美華泰】,台塑,控油,抗屑,洗髮精,580g,紅,美華泰
仙蒂綿羊油潤髮乳 【美華泰】1000ml,仙蒂,綿羊油,潤髮乳,美華泰,1000ml
寶貝芭詩馬卡龍螺旋捲棒 25mm 共3色【美華泰】,寶貝,芭詩,馬卡龍,螺旋捲棒,25mm,共,3,色,美華泰
阿葵亞集中修護潤髮乳 600ml【美華泰】,阿葵亞,集中,修護,潤髮乳,600ml,美華泰
阿葵亞集中修護洗髮乳 600ml【美華泰】,阿葵亞,集中,修護,洗髮乳,600ml,美華泰
LOTTE樂天青葡萄果汁糖 【美華泰】128g,LOTTE,樂天,青,葡萄,果汁,糖,美華泰,128g
Kiss Me新超激防水睫毛膏-纖長【美華泰】,KissMe,新,超激,防水,睫毛膏,纖長,美華泰
Kiss Me新超激防水睫毛膏-濃密【美華泰】,KissMe,新,超激,防水,睫毛膏,濃密,美華泰
叮嚀防蚊液隨身型 25ml【美華泰】,叮嚀,防蚊液,隨身型,25ml,美華泰
寶貝芭詩鋁合金公主髮捲 8入-綠【美華泰】,寶貝,芭詩,鋁合金,公主,髮捲,8,入,綠,美華泰
寶貝芭詩龍捲旋風捲髮造型風罩【美華泰】,寶貝,芭詩,龍捲,旋風,捲髮,造型,風罩,美華泰
星之冠日本沙龍專業打薄剪刀組【美華泰】,星之冠,日本,沙龍,專業,打薄,剪刀,組,美華泰
悠貝莉魔髮大捲心【美華泰】,悠貝莉,魔,髮,大,捲,心,美華泰
寶貝芭詩打薄剪刀【美華泰】,寶貝,芭詩,打薄,剪刀,美華泰
寶貝芭詩鋁合金公主髮捲 6入-粉【美華泰】,寶貝,芭詩,鋁合金,公主,髮捲,6,入,粉,美華泰
寶貝芭詩鋁合金公主髮捲 8入-黃【美華泰】,寶貝,芭詩,鋁合金,公主,髮捲,8,入,黃,美華泰
森田藥粧親水化粧棉 200片【美華泰】,森田藥粧,親水,化粧棉,200,片,美華泰
福可360度Y型腰部推脂按摩器【美華泰】,福可,360,度,Y,型,腰部,推脂,按摩器,美華泰
福可瘦腰推脂按摩器【美華泰】,福可,瘦腰,推脂,按摩器,美華泰
森田藥粧天然化妝棉 120片【美華泰】,森田藥粧,天然,化妝棉,120,片,美華泰
Babybas面膜刷-大【美華泰】,Babybas,面膜,刷,大,美華泰
古典美人粉紙-膚色【美華泰】,古典美,人粉紙,膚色,美華泰
福可V型美體按摩器【美華泰】,福可,V,型,美體,按摩器,美華泰
福可Y型美體推脂按摩器【美華泰】,福可,Y,型,美體,推脂,按摩器,美華泰
MOTO蒟蒻洗臉海綿-愛心款【美華泰】,MOTO,蒟蒻,洗臉,海綿,愛心,款,美華泰
美容卸妝海綿【美華泰】,美容,卸妝,海綿,美華泰
360度纖腿滾輪按摩器【美華泰】,360,度纖腿,滾輪,按摩器,美華泰
美娜多超薄化妝棉 150片【美華泰】,美娜多,超薄,化妝棉,150,片,美華泰
古典美人粉紙-粉紅色【美華泰】,古典美,人粉紙,粉紅色,美華泰
Sexy Look雙拉提面膜 10入-潤白明亮【美華泰】,SexyLook,雙,拉提,面膜,10,入,潤白,明亮,美華泰
